2026-04-04 22:07:36,497 GET /api/auth/me → 401 (0ms)
2026-04-04 22:09:45,883 POST /api/payment/pay → 422 (1ms)
2026-04-04 22:09:46,002 POST /api/payment/send → 403 (7ms)
2026-04-04 22:09:55,183 POST /api/payment/pay → 403 (4ms)
2026-04-04 22:11:14,702 POST /api/auth/login → 401 (3ms)
2026-04-04 22:11:32,208 GET /api/auth/me → 401 (1ms)
2026-04-04 22:11:32,208 GET /api/auth/me → 401 (1ms)
2026-04-04 22:11:32,566 POST /api/payment/send → 400 (6ms)
2026-04-04 22:11:47,224 POST /api/payout/request → 409 (6ms)
2026-04-04 22:12:14,268 POST /api/payment/send → 403 (3ms)
2026-04-04 22:15:45,745 POST /api/auth/register → 403 (4ms)
2026-04-04 22:15:46,428 POST /api/auth/register → 403 (3ms)
2026-04-04 22:17:10,148 POST /api/auth/register → 429 (1ms)
2026-04-04 22:17:10,330 POST /api/auth/register → 429 (1ms)
2026-04-04 22:17:10,488 POST /api/auth/register → 429 (1ms)
2026-04-04 22:17:10,645 POST /api/auth/register → 429 (1ms)
2026-04-04 22:17:10,803 POST /api/auth/register → 429 (1ms)
2026-04-04 22:17:10,978 POST /api/auth/register → 429 (1ms)
2026-04-04 22:17:11,142 POST /api/auth/register → 429 (1ms)
2026-04-04 22:17:11,291 POST /api/auth/register → 429 (1ms)
2026-04-04 22:17:11,483 POST /api/auth/register → 429 (1ms)
2026-04-04 22:17:11,626 POST /api/auth/register → 429 (1ms)
2026-04-04 22:17:16,921 POST /api/auth/register → 429 (1ms)
2026-04-04 22:20:51,308 GET /api/admin/support-tickets → 404 (1ms)
2026-04-04 22:21:59,924 GET /api/auth/me → 401 (1ms)
2026-04-04 22:21:59,980 GET /api/auth/me → 401 (1ms)
2026-04-04 22:26:13,043 POST /api/auth/register → 403 (2ms)
2026-04-04 22:26:13,179 POST /api/auth/register → 403 (2ms)
2026-04-04 22:26:13,326 POST /api/auth/register → 403 (2ms)
2026-04-04 22:26:14,003 POST /api/auth/register → 403 (2ms)
2026-04-04 22:26:15,040 GET /api/auth/me → 401 (0ms)
2026-04-04 22:26:15,042 GET /api/auth/me → 401 (0ms)
2026-04-04 22:27:53,849 GET /api/auth/me → 401 (1ms)
2026-04-04 22:27:53,852 GET /api/auth/me → 401 (2ms)
2026-04-04 22:32:25,012 GET /api/auth/me → 401 (1ms)
2026-04-04 22:32:25,014 GET /api/auth/me → 401 (0ms)
2026-04-04 22:34:14,173 GET /api/auth/me → 401 (0ms)
2026-04-04 22:34:14,235 GET /api/auth/me → 401 (0ms)
2026-04-04 22:34:14,607 GET /api/auth/me → 401 (0ms)
2026-04-04 22:34:14,658 GET /api/auth/me → 401 (0ms)
2026-04-04 22:34:59,546 GET /api/auth/me → 401 (0ms)
2026-04-04 22:34:59,593 GET /api/auth/me → 401 (0ms)
2026-04-04 22:35:00,086 GET /api/auth/me → 401 (0ms)
2026-04-04 22:35:00,137 GET /api/auth/me → 401 (0ms)
2026-04-04 22:35:15,516 GET /api/auth/me → 401 (0ms)
2026-04-04 22:35:15,971 GET /api/auth/me → 401 (0ms)
2026-04-04 22:35:16,018 GET /api/auth/me → 401 (0ms)
2026-04-04 22:35:51,237 GET /api/auth/me → 401 (0ms)
2026-04-04 22:35:51,238 GET /api/auth/me → 401 (1ms)
2026-04-04 22:35:59,431 GET /api/auth/me → 401 (0ms)
2026-04-04 22:35:59,434 GET /api/auth/me → 401 (0ms)
2026-04-04 22:36:00,724 GET /api/auth/me → 401 (0ms)
2026-04-04 22:36:00,773 GET /api/auth/me → 401 (0ms)
2026-04-04 22:36:01,879 GET /api/auth/me → 401 (0ms)
2026-04-04 22:36:01,927 GET /api/auth/me → 401 (0ms)
2026-04-04 22:36:48,699 GET /api/auth/me → 401 (0ms)
2026-04-04 22:36:48,853 GET /api/auth/me → 401 (0ms)
2026-04-04 22:36:49,183 GET /api/auth/me → 401 (0ms)
2026-04-04 22:36:49,282 GET /api/auth/me → 401 (0ms)
2026-04-04 22:38:05,067 GET /api/auth/me → 401 (0ms)
2026-04-04 22:38:05,124 GET /api/auth/me → 401 (0ms)
2026-04-04 22:38:05,637 GET /api/auth/me → 401 (0ms)
2026-04-04 22:38:05,686 GET /api/auth/me → 401 (0ms)
2026-04-04 22:38:30,687 GET /api/auth/me → 401 (0ms)
2026-04-04 22:38:31,186 GET /api/auth/me → 401 (1ms)
2026-04-04 22:38:31,234 GET /api/auth/me → 401 (0ms)
2026-04-04 22:38:31,963 GET /api/auth/me → 401 (0ms)
2026-04-04 22:38:31,967 GET /api/auth/me → 401 (1ms)
2026-04-04 22:38:37,848 GET /api/auth/me → 401 (0ms)
2026-04-04 22:38:37,853 GET /api/auth/me → 401 (0ms)
2026-04-04 22:38:37,915 GET /api/auth/me → 401 (1ms)
2026-04-04 22:38:37,915 GET /api/auth/me → 401 (1ms)
2026-04-04 22:42:02,606 GET /api/auth/me → 401 (0ms)
2026-04-04 22:42:02,657 GET /api/auth/me → 401 (0ms)
2026-04-04 22:42:03,847 GET /api/auth/me → 401 (0ms)
2026-04-04 22:42:03,898 GET /api/auth/me → 401 (0ms)
2026-04-04 22:43:15,631 GET /api/auth/me → 401 (0ms)
2026-04-04 22:43:15,688 GET /api/auth/me → 401 (0ms)
2026-04-04 22:43:16,115 GET /api/auth/me → 401 (0ms)
2026-04-04 22:43:16,166 GET /api/auth/me → 401 (0ms)
2026-04-04 22:43:39,262 GET /api/auth/me → 401 (0ms)
2026-04-04 22:43:39,321 GET /api/auth/me → 401 (0ms)
2026-04-04 22:43:39,840 GET /api/auth/me → 401 (0ms)
2026-04-04 22:43:39,889 GET /api/auth/me → 401 (0ms)
2026-04-04 22:45:47,076 GET /api/auth/me → 401 (0ms)
2026-04-04 22:45:47,078 GET /api/auth/me → 401 (0ms)
2026-04-04 22:48:00,784 GET /api/auth/me → 401 (0ms)
2026-04-04 22:48:00,787 GET /api/auth/me → 401 (1ms)
2026-04-04 22:48:33,827 GET /api/auth/me → 401 (0ms)
2026-04-04 22:48:33,831 GET /api/auth/me → 401 (1ms)
2026-04-04 22:49:01,235 GET /api/auth/me → 401 (1ms)
2026-04-04 22:49:01,236 GET /api/auth/me → 401 (1ms)
2026-04-04 22:49:09,697 GET /api/auth/me → 401 (0ms)
2026-04-04 22:49:09,698 GET /api/auth/me → 401 (0ms)
2026-04-04 22:51:01,206 GET /api/auth/me → 401 (0ms)
2026-04-04 22:51:01,208 GET /api/auth/me → 401 (1ms)
2026-04-04 22:51:16,596 GET /api/auth/me → 401 (1ms)
2026-04-04 22:51:16,597 GET /api/auth/me → 401 (1ms)
2026-04-04 22:54:40,324 GET /api/auth/me → 401 (0ms)
2026-04-04 22:54:40,375 GET /api/auth/me → 401 (0ms)
2026-04-04 22:54:40,879 GET /api/auth/me → 401 (0ms)
2026-04-04 22:54:40,974 GET /api/auth/me → 401 (0ms)
2026-04-04 22:59:52,602 GET /api/auth/me → 401 (1ms)
2026-04-04 22:59:52,603 GET /api/auth/me → 401 (1ms)
2026-04-04 23:07:21,669 GET /api/auth/me → 401 (0ms)
2026-04-04 23:07:21,721 GET /api/auth/me → 401 (0ms)
2026-04-04 23:07:56,595 GET /api/auth/me → 401 (0ms)
2026-04-04 23:07:56,639 GET /api/auth/me → 401 (0ms)
2026-04-04 23:08:43,051 GET /api/auth/me → 401 (1ms)
2026-04-04 23:08:43,052 GET /api/auth/me → 401 (0ms)
2026-04-04 23:08:51,182 GET /api/auth/me → 401 (0ms)
2026-04-04 23:08:51,186 GET /api/auth/me → 401 (0ms)
2026-04-04 23:10:59,845 GET /api/auth/me → 401 (0ms)
2026-04-04 23:10:59,846 GET /api/auth/me → 401 (1ms)
2026-04-04 23:11:09,707 GET /api/auth/me → 401 (0ms)
2026-04-04 23:11:09,710 GET /api/auth/me → 401 (0ms)
2026-04-04 23:11:13,790 GET /api/auth/me → 401 (1ms)
2026-04-04 23:11:13,793 GET /api/auth/me → 401 (1ms)
2026-04-04 23:13:31,809 GET /api/auth/me → 401 (0ms)
2026-04-04 23:13:31,907 GET /api/auth/me → 401 (0ms)
2026-04-04 23:14:45,903 GET /api/auth/me → 401 (0ms)
2026-04-04 23:14:45,904 GET /api/auth/me → 401 (1ms)
2026-04-04 23:15:55,153 GET /api/auth/me → 401 (1ms)
2026-04-04 23:15:55,155 GET /api/auth/me → 401 (0ms)
2026-04-04 23:17:00,651 GET /api/auth/me → 401 (0ms)
2026-04-04 23:17:00,655 GET /api/auth/me → 401 (0ms)
2026-04-04 23:17:01,431 GET /api/auth/me → 401 (1ms)
2026-04-04 23:17:01,431 GET /api/auth/me → 401 (1ms)
2026-04-04 23:17:16,112 GET /api/auth/me → 401 (0ms)
2026-04-04 23:17:16,161 GET /api/auth/me → 401 (0ms)
2026-04-04 23:17:20,344 GET /api/auth/me → 401 (0ms)
2026-04-04 23:17:20,391 GET /api/auth/me → 401 (0ms)
2026-04-04 23:17:23,430 GET /api/auth/me → 401 (0ms)
2026-04-04 23:17:23,517 GET /api/auth/me → 401 (0ms)
2026-04-04 23:17:27,881 GET /api/auth/me → 401 (0ms)
2026-04-04 23:17:27,886 GET /api/auth/me → 401 (1ms)
2026-04-04 23:25:04,571 GET /api/auth/me → 401 (0ms)
2026-04-04 23:25:04,662 GET /api/auth/me → 401 (0ms)
2026-04-04 23:28:33,792 GET /api/auth/me → 401 (1ms)
2026-04-04 23:28:33,846 GET /api/auth/me → 401 (0ms)
2026-04-04 23:28:55,127 GET /api/auth/me → 401 (1ms)
2026-04-04 23:28:55,132 GET /api/auth/me → 401 (0ms)
2026-04-04 23:29:54,256 GET /api/analytics/conversions → 401 (0ms)
2026-04-04 23:30:13,499 GET /api/auth/me → 401 (0ms)
2026-04-04 23:30:13,547 GET /api/auth/me → 401 (0ms)
2026-04-04 23:36:44,794 GET /api/auth/me → 401 (0ms)
2026-04-04 23:36:44,797 GET /api/auth/me → 401 (1ms)
2026-04-05 07:49:29,111 GET /api/auth/me → 401 (0ms)
2026-04-05 07:49:29,166 GET /api/auth/me → 401 (0ms)
2026-04-05 07:49:39,750 GET /api/auth/me → 401 (0ms)
2026-04-05 07:49:39,756 GET /api/auth/me → 401 (1ms)
2026-04-05 07:49:42,148 GET /api/auth/me → 401 (1ms)
2026-04-05 07:49:42,149 GET /api/auth/me → 401 (1ms)
2026-04-05 07:50:17,433 GET /api/auth/me → 401 (0ms)
2026-04-05 07:50:17,521 GET /api/auth/me → 401 (0ms)
2026-04-05 07:50:35,868 GET /api/auth/me → 401 (0ms)
2026-04-05 07:50:35,917 GET /api/auth/me → 401 (0ms)
2026-04-05 07:51:18,890 GET /api/auth/me → 401 (1ms)
2026-04-05 07:51:18,891 GET /api/auth/me → 401 (0ms)
2026-04-05 07:51:31,239 GET /api/auth/me → 401 (0ms)
2026-04-05 07:51:31,285 GET /api/auth/me → 401 (0ms)
2026-04-05 07:51:58,562 GET /api/auth/me → 401 (0ms)
2026-04-05 07:51:58,606 GET /api/auth/me → 401 (0ms)
2026-04-05 07:52:48,203 GET /api/auth/me → 401 (0ms)
2026-04-05 07:52:48,251 GET /api/auth/me → 401 (0ms)
2026-04-05 07:53:09,070 GET /api/auth/me → 401 (0ms)
2026-04-05 07:53:09,071 GET /api/auth/me → 401 (0ms)
2026-04-05 07:53:17,187 GET /api/auth/me → 401 (0ms)
2026-04-05 07:53:17,189 GET /api/auth/me → 401 (0ms)
2026-04-05 07:53:20,921 GET /api/auth/me → 401 (0ms)
2026-04-05 07:53:20,968 GET /api/auth/me → 401 (1ms)
2026-04-05 07:54:26,939 GET /api/auth/me → 401 (0ms)
2026-04-05 07:54:26,941 GET /api/auth/me → 401 (0ms)
2026-04-05 07:54:31,717 GET /api/auth/me → 401 (0ms)
2026-04-05 07:54:31,719 GET /api/auth/me → 401 (1ms)
2026-04-05 07:54:49,922 GET /api/auth/me → 401 (0ms)
2026-04-05 07:54:49,965 GET /api/auth/me → 401 (0ms)
2026-04-05 07:57:43,551 GET /api/auth/me → 401 (0ms)
2026-04-05 07:57:43,554 GET /api/auth/me → 401 (0ms)
2026-04-05 08:01:17,947 POST /api/stripe/quick-topup → 400 (2ms)
2026-04-05 08:01:50,582 GET /api/auth/me → 401 (0ms)
2026-04-05 08:01:50,668 GET /api/auth/me → 401 (0ms)
2026-04-05 08:02:39,323 GET /api/auth/me → 401 (0ms)
2026-04-05 08:02:39,367 GET /api/auth/me → 401 (0ms)
2026-04-05 08:05:05,771 GET /api/auth/me → 401 (0ms)
2026-04-05 08:05:05,814 GET /api/auth/me → 401 (0ms)
2026-04-05 08:05:56,723 GET /api/auth/me → 401 (1ms)
2026-04-05 08:05:56,725 GET /api/auth/me → 401 (1ms)
2026-04-05 08:05:57,298 GET /api/auth/me → 401 (0ms)
2026-04-05 08:05:57,306 GET /api/auth/me → 401 (0ms)
2026-04-05 08:05:57,731 GET /api/auth/me → 401 (0ms)
2026-04-05 08:05:57,788 GET /api/auth/me → 401 (0ms)
2026-04-05 08:05:58,096 GET /api/auth/me → 401 (0ms)
2026-04-05 08:05:58,101 GET /api/auth/me → 401 (0ms)
2026-04-05 08:05:58,516 GET /api/auth/me → 401 (1ms)
2026-04-05 08:05:58,517 GET /api/auth/me → 401 (1ms)
2026-04-05 08:05:58,958 GET /api/auth/me → 401 (0ms)
2026-04-05 08:05:58,961 GET /api/auth/me → 401 (0ms)
2026-04-05 08:05:59,484 GET /api/auth/me → 401 (0ms)
2026-04-05 08:05:59,485 GET /api/auth/me → 401 (0ms)
2026-04-05 08:05:59,917 GET /api/auth/me → 401 (0ms)
2026-04-05 08:05:59,918 GET /api/auth/me → 401 (0ms)
2026-04-05 08:06:00,341 GET /api/auth/me → 401 (1ms)
2026-04-05 08:06:00,343 GET /api/auth/me → 401 (1ms)
2026-04-05 08:06:00,755 GET /api/auth/me → 401 (0ms)
2026-04-05 08:06:00,757 GET /api/auth/me → 401 (0ms)
2026-04-05 08:06:01,241 GET /api/auth/me → 401 (0ms)
2026-04-05 08:06:01,243 GET /api/auth/me → 401 (0ms)
2026-04-05 08:06:01,718 GET /api/auth/me → 401 (1ms)
2026-04-05 08:06:01,721 GET /api/auth/me → 401 (0ms)
2026-04-05 08:06:14,026 GET /api/auth/me → 401 (0ms)
2026-04-05 08:06:14,028 GET /api/auth/me → 401 (0ms)
2026-04-05 08:22:56,646 GET /api/auth/me → 401 (0ms)
2026-04-05 08:22:56,647 GET /api/auth/me → 401 (0ms)
2026-04-05 08:27:59,127 GET /api/auth/me → 401 (0ms)
2026-04-05 08:27:59,129 GET /api/auth/me → 401 (1ms)
2026-04-05 08:28:01,999 GET /api/auth/me → 401 (0ms)
2026-04-05 08:28:02,042 GET /api/auth/me → 401 (0ms)
2026-04-05 08:28:02,533 GET /api/auth/me → 401 (0ms)
2026-04-05 08:28:02,579 GET /api/auth/me → 401 (0ms)
2026-04-05 08:28:20,348 GET /api/auth/me → 401 (0ms)
2026-04-05 08:28:20,391 GET /api/auth/me → 401 (0ms)
2026-04-05 08:28:20,901 GET /api/auth/me → 401 (0ms)
2026-04-05 08:28:20,949 GET /api/auth/me → 401 (0ms)
2026-04-05 08:29:05,657 GET /api/auth/me → 401 (1ms)
2026-04-05 08:29:05,702 GET /api/auth/me → 401 (0ms)
2026-04-05 08:29:06,088 GET /api/auth/me → 401 (0ms)
2026-04-05 08:29:06,133 GET /api/auth/me → 401 (0ms)
2026-04-05 08:29:59,988 GET /api/auth/me → 401 (0ms)
2026-04-05 08:30:00,038 GET /api/auth/me → 401 (0ms)
2026-04-05 08:30:00,932 GET /api/auth/me → 401 (0ms)
2026-04-05 08:30:00,979 GET /api/auth/me → 401 (0ms)
2026-04-05 08:30:21,154 GET /api/auth/me → 401 (0ms)
2026-04-05 08:30:21,481 GET /api/auth/me → 401 (1ms)
2026-04-05 08:30:21,525 GET /api/auth/me → 401 (0ms)
2026-04-05 08:41:09,494 GET /api/auth/me → 401 (0ms)
2026-04-05 08:41:09,553 GET /api/auth/me → 401 (0ms)
2026-04-05 08:41:09,961 GET /api/auth/me → 401 (0ms)
2026-04-05 08:41:09,982 GET /api/auth/me → 401 (0ms)
2026-04-05 08:46:10,508 GET /api/auth/me → 401 (16ms)
2026-04-05 08:46:10,508 GET /api/auth/me → 401 (16ms)
2026-04-05 08:46:10,508 GET /api/auth/me → 401 (16ms)
2026-04-05 08:46:10,508 GET /api/auth/me → 401 (16ms)
2026-04-05 08:46:10,509 GET /api/auth/me → 401 (16ms)
2026-04-05 08:46:10,509 GET /api/auth/me → 401 (17ms)
2026-04-05 08:46:10,509 GET /api/auth/me → 401 (17ms)
2026-04-05 08:46:10,509 GET /api/auth/me → 401 (17ms)
2026-04-05 08:46:10,509 GET /api/auth/me → 401 (17ms)
2026-04-05 08:46:10,509 GET /api/auth/me → 401 (17ms)
2026-04-05 08:46:22,376 GET /api/auth/me → 401 (0ms)
2026-04-05 08:46:22,380 GET /api/auth/me → 401 (1ms)
2026-04-05 08:46:55,751 GET /api/auth/me → 401 (0ms)
2026-04-05 08:46:55,835 GET /api/auth/me → 401 (0ms)
2026-04-05 08:46:56,394 GET /api/auth/me → 401 (0ms)
2026-04-05 08:46:56,436 GET /api/auth/me → 401 (0ms)
2026-04-05 08:47:18,089 GET /api/auth/me → 401 (0ms)
2026-04-05 08:47:18,131 GET /api/auth/me → 401 (0ms)
2026-04-05 08:47:18,650 GET /api/auth/me → 401 (0ms)
2026-04-05 08:47:18,695 GET /api/auth/me → 401 (0ms)
2026-04-05 08:47:23,653 GET /api/auth/me → 401 (1ms)
2026-04-05 08:47:23,654 GET /api/auth/me → 401 (1ms)
2026-04-05 08:52:46,264 GET /api/auth/me → 401 (0ms)
2026-04-05 08:52:46,265 GET /api/auth/me → 401 (1ms)
2026-04-05 08:52:58,262 GET /api/auth/me → 401 (0ms)
2026-04-05 08:52:58,315 GET /api/auth/me → 401 (0ms)
2026-04-05 08:52:58,848 GET /api/auth/me → 401 (0ms)
2026-04-05 08:52:58,893 GET /api/auth/me → 401 (0ms)
2026-04-05 08:53:20,187 GET /api/auth/me → 401 (0ms)
2026-04-05 08:53:20,563 GET /api/auth/me → 401 (0ms)
2026-04-05 08:53:20,608 GET /api/auth/me → 401 (0ms)
2026-04-05 08:56:01,394 GET /api/auth/me → 401 (1ms)
2026-04-05 08:56:01,396 GET /api/auth/me → 401 (1ms)
2026-04-05 08:56:02,121 GET /api/auth/me → 401 (0ms)
2026-04-05 08:56:02,123 GET /api/auth/me → 401 (0ms)
2026-04-05 08:56:30,085 GET /api/auth/me → 401 (0ms)
2026-04-05 08:56:30,087 GET /api/auth/me → 401 (1ms)
2026-04-05 08:56:30,089 GET /api/auth/me → 401 (1ms)
2026-04-05 08:56:30,090 GET /api/auth/me → 401 (1ms)
2026-04-05 08:56:30,097 GET /api/auth/me → 401 (0ms)
2026-04-05 08:56:30,099 GET /api/auth/me → 401 (0ms)
2026-04-05 08:56:50,122 GET /api/auth/me → 401 (0ms)
2026-04-05 08:56:50,123 GET /api/auth/me → 401 (0ms)
2026-04-05 08:56:50,161 GET /api/auth/me → 401 (0ms)
2026-04-05 08:56:50,167 GET /api/auth/me → 401 (0ms)
2026-04-05 08:56:50,203 GET /api/auth/me → 401 (0ms)
2026-04-05 08:56:50,207 GET /api/auth/me → 401 (0ms)
2026-04-05 08:57:22,702 GET /api/auth/me → 401 (0ms)
2026-04-05 08:57:22,748 GET /api/auth/me → 401 (0ms)
2026-04-05 08:57:23,230 GET /api/auth/me → 401 (1ms)
2026-04-05 08:57:23,277 GET /api/auth/me → 401 (0ms)
2026-04-05 08:58:03,596 GET /api/auth/me → 401 (1ms)
2026-04-05 08:58:03,598 GET /api/auth/me → 401 (0ms)
2026-04-05 09:05:57,420 GET /api/auth/me → 401 (0ms)
2026-04-05 09:05:57,484 GET /api/auth/me → 401 (0ms)
2026-04-05 09:05:58,163 GET /api/auth/me → 401 (0ms)
2026-04-05 09:05:58,207 GET /api/auth/me → 401 (0ms)
2026-04-05 09:06:22,940 GET /api/auth/me → 401 (0ms)
2026-04-05 09:06:22,983 GET /api/auth/me → 401 (0ms)
2026-04-05 09:06:23,376 GET /api/auth/me → 401 (0ms)
2026-04-05 09:06:23,421 GET /api/auth/me → 401 (0ms)
2026-04-05 09:06:47,439 GET /api/auth/me → 401 (0ms)
2026-04-05 09:06:47,521 GET /api/auth/me → 401 (0ms)
2026-04-05 09:06:47,879 GET /api/auth/me → 401 (0ms)
2026-04-05 09:06:47,921 GET /api/auth/me → 401 (0ms)
2026-04-05 09:07:15,964 GET /api/auth/me → 401 (0ms)
2026-04-05 09:07:16,009 GET /api/auth/me → 401 (0ms)
2026-04-05 09:07:16,541 GET /api/auth/me → 401 (0ms)
2026-04-05 09:07:16,627 GET /api/auth/me → 401 (0ms)
2026-04-05 09:07:29,321 GET /api/auth/me → 401 (0ms)
2026-04-05 09:07:29,331 GET /api/auth/me → 401 (0ms)
2026-04-05 09:07:29,853 GET /api/auth/me → 401 (0ms)
2026-04-05 09:07:29,853 GET /api/auth/me → 401 (1ms)
2026-04-05 09:12:55,284 GET /api/auth/me → 401 (0ms)
2026-04-05 09:12:55,284 GET /api/auth/me → 401 (1ms)
2026-04-05 09:13:00,637 GET /api/auth/me → 401 (0ms)
2026-04-05 09:13:00,643 GET /api/auth/me → 401 (0ms)
2026-04-05 09:14:32,530 GET /api/auctions/daily-reward → 404 (1ms)
2026-04-05 09:15:48,097 POST /api/auctions/daily-reward → 400 (2ms)
2026-04-05 09:15:59,279 GET /api/auth/me → 401 (0ms)
2026-04-05 09:15:59,374 GET /api/auth/me → 401 (0ms)
2026-04-05 09:15:59,707 GET /api/auth/me → 401 (0ms)
2026-04-05 09:15:59,791 GET /api/auth/me → 401 (0ms)
2026-04-05 09:16:27,740 GET /api/auth/me → 401 (1ms)
2026-04-05 09:16:27,781 GET /api/auth/me → 401 (0ms)
2026-04-05 09:16:28,216 GET /api/auth/me → 401 (0ms)
2026-04-05 09:16:28,258 GET /api/auth/me → 401 (0ms)
2026-04-05 09:16:52,548 GET /api/auth/me → 401 (1ms)
2026-04-05 09:16:52,550 GET /api/auth/me → 401 (1ms)
2026-04-05 09:16:53,211 GET /api/auth/me → 401 (0ms)
2026-04-05 09:16:53,212 GET /api/auth/me → 401 (0ms)
2026-04-05 09:16:56,735 GET /api/auth/me → 401 (0ms)
2026-04-05 09:16:56,820 GET /api/auth/me → 401 (0ms)
2026-04-05 09:16:57,274 GET /api/auth/me → 401 (0ms)
2026-04-05 09:16:57,317 GET /api/auth/me → 401 (0ms)
2026-04-05 09:17:09,165 GET /api/auth/me → 401 (0ms)
2026-04-05 09:17:09,166 GET /api/auth/me → 401 (0ms)
2026-04-05 09:20:53,717 GET /api/auth/me → 401 (0ms)
2026-04-05 09:20:53,720 GET /api/auth/me → 401 (0ms)
2026-04-05 09:26:03,473 GET /api/auth/me → 401 (1ms)
2026-04-05 09:26:03,474 GET /api/auth/me → 401 (0ms)
2026-04-05 09:26:09,644 GET /api/auth/me → 401 (1ms)
2026-04-05 09:26:09,644 GET /api/auth/me → 401 (1ms)
2026-04-05 09:26:33,446 GET /api/auth/me → 401 (0ms)
2026-04-05 09:26:33,449 GET /api/auth/me → 401 (1ms)
2026-04-05 09:27:09,387 GET /api/auth/me → 401 (0ms)
2026-04-05 09:27:09,388 GET /api/auth/me → 401 (0ms)
2026-04-05 09:29:56,242 GET /api/auth/me → 401 (0ms)
2026-04-05 09:29:56,288 GET /api/auth/me → 401 (0ms)
2026-04-05 09:30:07,686 GET /api/auth/me → 401 (0ms)
2026-04-05 09:30:07,732 GET /api/auth/me → 401 (0ms)
2026-04-05 09:30:22,838 GET /api/auth/me → 401 (0ms)
2026-04-05 09:30:22,882 GET /api/auth/me → 401 (0ms)
2026-04-05 09:31:09,174 GET /api/auth/me → 401 (0ms)
2026-04-05 09:31:09,257 GET /api/auth/me → 401 (0ms)
2026-04-05 09:31:26,950 GET /api/auth/me → 401 (0ms)
2026-04-05 09:31:27,000 GET /api/auth/me → 401 (0ms)
2026-04-05 09:31:47,793 GET /api/auth/me → 401 (0ms)
2026-04-05 09:31:47,880 GET /api/auth/me → 401 (0ms)
2026-04-05 09:32:16,602 GET /api/auth/me → 401 (0ms)
2026-04-05 09:32:16,652 GET /api/auth/me → 401 (0ms)
2026-04-05 09:33:11,731 GET /api/auth/me → 401 (0ms)
2026-04-05 09:33:11,735 GET /api/auth/me → 401 (1ms)
2026-04-05 09:33:55,023 GET /api/auth/me → 401 (0ms)
2026-04-05 09:33:55,024 GET /api/auth/me → 401 (0ms)
2026-04-05 09:36:24,803 GET /api/auth/me → 401 (1ms)
2026-04-05 09:36:24,809 GET /api/auth/me → 401 (1ms)
2026-04-05 09:36:25,237 GET /api/auth/me → 401 (0ms)
2026-04-05 09:36:25,238 GET /api/auth/me → 401 (0ms)
2026-04-05 09:36:33,368 GET /api/auth/me → 401 (0ms)
2026-04-05 09:36:33,370 GET /api/auth/me → 401 (0ms)
2026-04-05 09:40:15,205 GET /api/auth/me → 401 (0ms)
2026-04-05 09:40:15,213 GET /api/auth/me → 401 (0ms)
2026-04-05 09:40:45,979 GET /api/auth/me → 401 (0ms)
2026-04-05 09:40:45,982 GET /api/auth/me → 401 (0ms)
2026-04-05 09:41:45,041 GET /api/auth/me → 401 (1ms)
2026-04-05 09:41:45,044 GET /api/auth/me → 401 (3ms)
2026-04-05 09:41:52,192 GET /api/auth/me → 401 (1ms)
2026-04-05 09:41:52,197 GET /api/auth/me → 401 (0ms)
2026-04-05 09:43:16,434 GET /api/auth/me → 401 (0ms)
2026-04-05 09:43:16,436 GET /api/auth/me → 401 (0ms)
2026-04-05 09:43:20,855 GET /api/auth/me → 401 (1ms)
2026-04-05 09:43:20,855 GET /api/auth/me → 401 (1ms)
2026-04-05 09:44:09,196 GET /api/auctions/first-purchase-check → 404 (1ms)
2026-04-05 09:44:09,321 GET /api/auctions/referral-leaderboard → 404 (1ms)
2026-04-05 09:46:42,877 GET /api/auth/me → 401 (0ms)
2026-04-05 09:46:42,921 GET /api/auth/me → 401 (0ms)
2026-04-05 09:47:08,171 GET /api/auth/me → 401 (0ms)
2026-04-05 09:47:08,225 GET /api/auth/me → 401 (0ms)
2026-04-05 09:47:34,156 GET /api/auth/me → 401 (0ms)
2026-04-05 09:47:34,258 GET /api/auth/me → 401 (0ms)
2026-04-05 09:48:08,366 GET /api/auth/me → 401 (1ms)
2026-04-05 09:48:08,421 GET /api/auth/me → 401 (0ms)
2026-04-05 09:48:23,835 GET /api/auth/me → 401 (0ms)
2026-04-05 09:48:23,836 GET /api/auth/me → 401 (0ms)
2026-04-05 09:52:18,333 GET /api/auth/me → 401 (0ms)
2026-04-05 09:52:18,383 GET /api/auth/me → 401 (0ms)
2026-04-05 09:54:06,922 GET /api/auth/me → 401 (1ms)
2026-04-05 09:54:06,924 GET /api/auth/me → 401 (2ms)
2026-04-05 09:58:35,383 GET /api/auth/me → 401 (1ms)
2026-04-05 09:58:35,389 GET /api/auth/me → 401 (1ms)
2026-04-05 10:01:34,371 POST /api/auth/login → 401 (244ms)
2026-04-05 10:01:34,498 GET /api/merchant-connect/status → 401 (1ms)
2026-04-05 10:01:34,590 GET /api/merchant-connect/earnings → 401 (0ms)
2026-04-05 10:01:39,543 POST /api/auth/login → 401 (225ms)
2026-04-05 10:01:45,723 POST /api/auth/login → 401 (225ms)
2026-04-05 10:01:52,876 POST /api/auth/login → 401 (225ms)
2026-04-05 10:02:13,658 POST /api/auctions/75a2fedd165b2b69/bid → 404 (1ms)
2026-04-05 10:02:18,086 POST /api/auctions/75a2fedd165b2b69/bid → 404 (1ms)
2026-04-05 10:02:41,121 POST /api/auctions/bid → 400 (2ms)
2026-04-05 10:04:05,269 GET /api/auth/me → 401 (0ms)
2026-04-05 10:04:05,270 GET /api/auth/me → 401 (0ms)
2026-04-05 10:04:05,817 GET /api/auth/me → 401 (0ms)
2026-04-05 10:04:05,818 GET /api/auth/me → 401 (0ms)
2026-04-05 10:09:17,725 GET /api/auth/me → 401 (0ms)
2026-04-05 10:09:17,800 GET /api/auth/me → 401 (0ms)
2026-04-05 10:09:23,257 GET /api/auth/me → 401 (1ms)
2026-04-05 10:09:23,258 GET /api/auth/me → 401 (0ms)
2026-04-05 10:09:27,374 GET /api/auth/me → 401 (0ms)
2026-04-05 10:09:27,385 GET /api/auth/me → 401 (0ms)
2026-04-05 10:09:29,565 GET /api/auth/me → 401 (0ms)
2026-04-05 10:09:29,903 GET /api/auth/me → 401 (0ms)
2026-04-05 10:09:42,398 GET /api/auth/me → 401 (1ms)
2026-04-05 10:09:42,447 GET /api/auth/me → 401 (0ms)
2026-04-05 10:12:55,583 GET /api/auth/me → 401 (1ms)
2026-04-05 10:12:55,584 GET /api/auth/me → 401 (1ms)
2026-04-05 10:13:11,964 GET /api/auth/me → 401 (1ms)
2026-04-05 10:13:11,964 GET /api/auth/me → 401 (1ms)
2026-04-05 10:19:49,359 GET /api/auth/me → 401 (0ms)
2026-04-05 10:19:49,364 GET /api/auth/me → 401 (0ms)
2026-04-05 10:25:13,902 GET /api/auth/me → 401 (0ms)
2026-04-05 10:25:13,906 GET /api/auth/me → 401 (0ms)
2026-04-05 10:28:04,674 GET /api/rewards/status → 401 (0ms)
2026-04-05 10:28:38,612 GET /api/auth/me → 401 (0ms)
2026-04-05 10:28:38,694 GET /api/auth/me → 401 (0ms)
2026-04-05 10:28:49,967 GET /api/auth/me → 401 (0ms)
2026-04-05 10:28:50,010 GET /api/auth/me → 401 (0ms)
2026-04-05 10:29:06,262 GET /api/auth/me → 401 (0ms)
2026-04-05 10:29:06,308 GET /api/auth/me → 401 (0ms)
2026-04-05 10:29:25,923 GET /api/auth/me → 401 (0ms)
2026-04-05 10:29:25,968 GET /api/auth/me → 401 (0ms)
2026-04-05 10:29:31,255 GET /api/auth/me → 401 (0ms)
2026-04-05 10:29:31,264 GET /api/auth/me → 401 (0ms)
2026-04-05 10:29:31,663 GET /api/auth/me → 401 (0ms)
2026-04-05 10:29:31,667 GET /api/auth/me → 401 (0ms)
2026-04-05 10:29:31,781 GET /api/auth/me → 401 (0ms)
2026-04-05 10:29:31,785 GET /api/auth/me → 401 (0ms)
2026-04-05 10:29:32,129 GET /api/auth/me → 401 (0ms)
2026-04-05 10:29:32,132 GET /api/auth/me → 401 (1ms)
2026-04-05 10:29:38,070 GET /api/auth/me → 401 (0ms)
2026-04-05 10:29:38,424 GET /api/auth/me → 401 (0ms)
2026-04-05 10:29:42,065 GET /api/auth/me → 401 (0ms)
2026-04-05 10:29:42,111 GET /api/auth/me → 401 (0ms)
2026-04-05 10:30:07,719 GET /api/auth/me → 401 (0ms)
2026-04-05 10:30:07,763 GET /api/auth/me → 401 (0ms)
2026-04-05 10:30:22,346 GET /api/auth/me → 401 (0ms)
2026-04-05 10:30:22,394 GET /api/auth/me → 401 (0ms)
2026-04-05 10:30:27,908 GET /api/auth/me → 401 (0ms)
2026-04-05 10:30:27,910 GET /api/auth/me → 401 (1ms)
2026-04-05 10:31:10,430 GET /api/auth/me → 401 (0ms)
2026-04-05 10:31:10,478 GET /api/auth/me → 401 (0ms)
2026-04-05 10:31:20,386 GET /api/auth/me → 401 (0ms)
2026-04-05 10:31:20,387 GET /api/auth/me → 401 (0ms)
2026-04-05 10:39:59,438 GET /api/auth/me → 401 (0ms)
2026-04-05 10:39:59,441 GET /api/auth/me → 401 (0ms)
2026-04-05 10:42:06,398 GET /api/auth/me → 401 (0ms)
2026-04-05 10:42:06,457 GET /api/auth/me → 401 (0ms)
2026-04-05 10:42:09,288 GET /api/auth/me → 401 (0ms)
2026-04-05 10:42:09,290 GET /api/auth/me → 401 (0ms)
2026-04-05 10:45:50,623 GET /api/auth/me → 401 (0ms)
2026-04-05 10:45:50,708 GET /api/auth/me → 401 (0ms)
2026-04-05 10:46:09,478 GET /api/auth/me → 401 (0ms)
2026-04-05 10:46:09,520 GET /api/auth/me → 401 (0ms)
2026-04-05 10:46:28,093 GET /api/auth/me → 401 (0ms)
2026-04-05 10:46:28,180 GET /api/auth/me → 401 (0ms)
2026-04-05 10:46:35,584 GET /api/auth/me → 401 (0ms)
2026-04-05 10:46:35,586 GET /api/auth/me → 401 (0ms)
2026-04-05 10:46:35,998 GET /api/auth/me → 401 (0ms)
2026-04-05 10:46:36,003 GET /api/auth/me → 401 (0ms)
2026-04-05 10:46:46,652 GET /api/auth/me → 401 (0ms)
2026-04-05 10:46:46,694 GET /api/auth/me → 401 (0ms)
2026-04-05 10:46:50,740 GET /api/auth/me → 401 (0ms)
2026-04-05 10:46:50,744 GET /api/auth/me → 401 (1ms)
2026-04-05 10:47:07,324 GET /api/auth/me → 401 (0ms)
2026-04-05 10:47:07,374 GET /api/auth/me → 401 (0ms)
2026-04-05 10:57:34,010 GET /api/auth/me → 401 (0ms)
2026-04-05 10:57:34,055 GET /api/auth/me → 401 (0ms)
2026-04-05 10:57:53,312 GET /api/auth/me → 401 (0ms)
2026-04-05 10:57:53,355 GET /api/auth/me → 401 (0ms)
2026-04-05 10:58:15,131 GET /api/auth/me → 401 (0ms)
2026-04-05 10:58:15,176 GET /api/auth/me → 401 (0ms)
2026-04-05 10:58:34,690 GET /api/auth/me → 401 (0ms)
2026-04-05 10:58:34,781 GET /api/auth/me → 401 (0ms)
2026-04-05 10:58:56,621 GET /api/auth/me → 401 (0ms)
2026-04-05 10:58:56,665 GET /api/auth/me → 401 (0ms)
2026-04-05 11:03:53,986 GET /api/auth/me → 401 (1ms)
2026-04-05 11:03:54,041 GET /api/auth/me → 401 (0ms)
2026-04-05 11:03:54,513 GET /api/auth/me → 401 (1ms)
2026-04-05 11:03:54,514 GET /api/auth/me → 401 (0ms)
2026-04-05 11:04:05,309 GET /api/auth/me → 401 (0ms)
2026-04-05 11:04:05,310 GET /api/auth/me → 401 (0ms)
2026-04-05 11:04:16,414 GET /api/auth/me → 401 (0ms)
2026-04-05 11:04:16,416 GET /api/auth/me → 401 (0ms)
2026-04-05 11:09:09,273 GET /api/auth/me → 401 (0ms)
2026-04-05 11:09:09,315 GET /api/auth/me → 401 (0ms)
2026-04-05 11:09:28,663 GET /api/auth/me → 401 (0ms)
2026-04-05 11:09:28,719 GET /api/auth/me → 401 (0ms)
2026-04-05 11:11:46,936 GET /api/auth/me → 401 (0ms)
2026-04-05 11:11:46,940 GET /api/auth/me → 401 (1ms)
2026-04-05 11:11:46,990 GET /api/auth/me → 401 (0ms)
2026-04-05 11:11:46,995 GET /api/auth/me → 401 (0ms)
2026-04-05 11:11:47,985 GET /api/auth/me → 401 (0ms)
2026-04-05 11:11:47,994 GET /api/auth/me → 401 (0ms)
2026-04-05 11:11:48,106 GET /api/auth/me → 401 (0ms)
2026-04-05 11:11:48,110 GET /api/auth/me → 401 (0ms)
2026-04-05 11:14:42,771 GET /api/auth/me → 401 (0ms)
2026-04-05 11:14:42,773 GET /api/auth/me → 401 (1ms)
2026-04-05 11:29:21,693 GET /api/auth/me → 401 (0ms)
2026-04-05 11:29:21,751 GET /api/auth/me → 401 (0ms)
2026-04-05 11:34:32,230 GET /api/auth/me → 401 (1ms)
2026-04-05 11:34:32,233 GET /api/auth/me → 401 (2ms)
2026-04-05 11:34:38,886 GET /api/auth/me → 401 (0ms)
2026-04-05 11:34:38,894 GET /api/auth/me → 401 (0ms)
2026-04-05 11:36:58,526 GET /api/payments/terminal-summary → 401 (1ms)
2026-04-05 11:37:01,300 GET /api/auth/me → 401 (1ms)
2026-04-05 11:37:01,300 GET /api/auth/me → 401 (1ms)
2026-04-05 11:37:25,205 GET /api/auth/me → 401 (0ms)
2026-04-05 11:37:25,252 GET /api/auth/me → 401 (0ms)
2026-04-05 11:37:25,657 GET /api/auth/me → 401 (0ms)
2026-04-05 11:37:25,709 GET /api/auth/me → 401 (0ms)
2026-04-05 11:37:45,878 GET /api/auth/me → 401 (0ms)
2026-04-05 11:37:45,966 GET /api/auth/me → 401 (0ms)
2026-04-05 11:37:46,418 GET /api/auth/me → 401 (0ms)
2026-04-05 11:37:46,463 GET /api/auth/me → 401 (0ms)
2026-04-05 11:38:49,410 GET /api/auth/me → 401 (0ms)
2026-04-05 11:38:49,411 GET /api/auth/me → 401 (0ms)
2026-04-05 11:39:03,208 GET /api/auth/me → 401 (1ms)
2026-04-05 11:39:03,208 GET /api/auth/me → 401 (1ms)
2026-04-05 11:39:15,106 GET /api/auth/me → 401 (0ms)
2026-04-05 11:39:15,154 GET /api/auth/me → 401 (0ms)
2026-04-05 11:39:15,513 GET /api/auth/me → 401 (1ms)
2026-04-05 11:39:15,559 GET /api/auth/me → 401 (0ms)
2026-04-05 11:39:29,699 GET /api/auth/me → 401 (0ms)
2026-04-05 11:39:29,755 GET /api/auth/me → 401 (0ms)
2026-04-05 11:39:30,377 GET /api/auth/me → 401 (0ms)
2026-04-05 11:39:30,420 GET /api/auth/me → 401 (0ms)
2026-04-05 11:39:56,374 GET /api/auth/me → 401 (0ms)
2026-04-05 11:39:56,422 GET /api/auth/me → 401 (0ms)
2026-04-05 11:39:57,012 GET /api/auth/me → 401 (0ms)
2026-04-05 11:39:57,062 GET /api/auth/me → 401 (1ms)
2026-04-05 11:40:05,076 GET /api/auth/me → 401 (0ms)
2026-04-05 11:40:05,140 GET /api/auth/me → 401 (0ms)
2026-04-05 11:40:05,557 GET /api/auth/me → 401 (0ms)
2026-04-05 11:40:05,561 GET /api/auth/me → 401 (0ms)
2026-04-05 11:40:25,173 GET /api/auth/me → 401 (0ms)
2026-04-05 11:40:25,219 GET /api/auth/me → 401 (0ms)
2026-04-05 11:40:25,570 GET /api/auth/me → 401 (0ms)
2026-04-05 11:40:25,616 GET /api/auth/me → 401 (0ms)
2026-04-05 11:40:52,817 GET /api/auth/me → 401 (0ms)
2026-04-05 11:40:52,866 GET /api/auth/me → 401 (0ms)
2026-04-05 11:40:53,340 GET /api/auth/me → 401 (0ms)
2026-04-05 11:40:53,387 GET /api/auth/me → 401 (0ms)
2026-04-05 11:41:20,953 GET /api/auth/me → 401 (0ms)
2026-04-05 11:41:21,003 GET /api/auth/me → 401 (0ms)
2026-04-05 11:41:21,518 GET /api/auth/me → 401 (0ms)
2026-04-05 11:41:21,564 GET /api/auth/me → 401 (0ms)
2026-04-05 11:41:51,610 POST /api/auth/login → 422 (4ms)
2026-04-05 11:43:56,153 GET /api/merchant-hierarchy/reports/daily → 403 (2ms)
2026-04-05 11:43:56,255 GET /api/merchant-hierarchy/reports/monthly → 403 (2ms)
2026-04-05 11:43:56,360 POST /api/merchant-hierarchy/shifts → 403 (2ms)
2026-04-05 11:43:56,471 POST /api/merchant-hierarchy/shifts → 403 (2ms)
2026-04-05 11:45:18,961 POST /api/merchant-connect/create-account → 500 (439ms)
2026-04-05 11:45:22,792 POST /api/merchant-connect/create-account → 500 (31ms)
2026-04-05 11:45:52,375 GET /api/influencer/me/referrals → 404 (2ms)
2026-04-05 11:45:52,401 GET /api/influencer/me/referrals → 404 (1ms)
2026-04-05 11:45:59,994 GET /api/auth/me → 401 (0ms)
2026-04-05 11:46:00,003 GET /api/auth/me → 401 (4ms)
2026-04-05 11:46:00,003 GET /api/auth/me → 401 (5ms)
2026-04-05 11:46:00,007 GET /api/auth/me → 401 (1ms)
2026-04-05 11:46:11,634 GET /api/auth/me → 401 (0ms)
2026-04-05 11:46:11,635 GET /api/auth/me → 401 (1ms)
2026-04-05 11:46:15,144 GET /api/auth/me → 401 (0ms)
2026-04-05 11:46:15,149 GET /api/auth/me → 401 (0ms)
2026-04-05 11:46:40,445 GET /api/auth/me → 401 (0ms)
2026-04-05 11:46:40,496 GET /api/auth/me → 401 (0ms)
2026-04-05 11:46:40,999 GET /api/auth/me → 401 (0ms)
2026-04-05 11:46:41,042 GET /api/auth/me → 401 (0ms)
2026-04-05 11:47:59,270 GET /api/auth/me → 401 (0ms)
2026-04-05 11:47:59,272 GET /api/auth/me → 401 (0ms)
2026-04-05 11:48:45,773 GET /api/auth/me → 401 (1ms)
2026-04-05 11:48:45,773 GET /api/auth/me → 401 (1ms)
2026-04-05 11:48:49,628 GET /api/auth/me → 401 (1ms)
2026-04-05 11:48:49,628 GET /api/auth/me → 401 (1ms)
2026-04-05 11:55:09,074 GET /api/auth/me → 401 (0ms)
2026-04-05 11:55:09,121 GET /api/auth/me → 401 (0ms)
2026-04-05 11:55:10,080 GET /api/auth/me → 401 (0ms)
2026-04-05 11:55:10,129 GET /api/auth/me → 401 (0ms)
2026-04-05 11:55:36,125 GET /api/auth/me → 401 (0ms)
2026-04-05 11:55:36,581 GET /api/auth/me → 401 (0ms)
2026-04-05 11:55:36,584 GET /api/auth/me → 401 (0ms)
2026-04-05 11:56:02,065 GET /api/auth/me → 401 (0ms)
2026-04-05 11:56:02,170 GET /api/auth/me → 401 (0ms)
2026-04-05 11:56:02,649 GET /api/auth/me → 401 (0ms)
2026-04-05 11:56:02,692 GET /api/auth/me → 401 (0ms)
2026-04-05 11:56:26,462 GET /api/auth/me → 401 (0ms)
2026-04-05 11:56:26,516 GET /api/auth/me → 401 (0ms)
2026-04-05 11:56:26,844 GET /api/auth/me → 401 (0ms)
2026-04-05 11:56:26,928 GET /api/auth/me → 401 (0ms)
2026-04-05 11:56:51,616 GET /api/auth/me → 401 (0ms)
2026-04-05 11:56:51,664 GET /api/auth/me → 401 (0ms)
2026-04-05 11:56:52,217 GET /api/auth/me → 401 (0ms)
2026-04-05 11:56:52,262 GET /api/auth/me → 401 (0ms)
2026-04-05 11:57:16,993 GET /api/auth/me → 401 (0ms)
2026-04-05 11:57:17,041 GET /api/auth/me → 401 (1ms)
2026-04-05 11:57:17,308 GET /api/auth/me → 401 (0ms)
2026-04-05 11:57:17,349 GET /api/auth/me → 401 (0ms)
2026-04-05 11:58:25,113 GET /api/auth/me → 401 (0ms)
2026-04-05 11:58:25,163 GET /api/auth/me → 401 (0ms)
2026-04-05 11:58:25,479 GET /api/auth/me → 401 (1ms)
2026-04-05 11:58:25,522 GET /api/auth/me → 401 (0ms)
2026-04-05 12:10:28,975 GET /api/auth/me → 401 (0ms)
2026-04-05 12:10:28,977 GET /api/auth/me → 401 (1ms)
2026-04-05 12:10:29,496 GET /api/auth/me → 401 (0ms)
2026-04-05 12:10:29,497 GET /api/auth/me → 401 (0ms)
2026-04-05 12:11:29,335 GET /api/auth/me → 401 (0ms)
2026-04-05 12:11:29,423 GET /api/auth/me → 401 (0ms)
2026-04-05 12:11:29,953 GET /api/auth/me → 401 (0ms)
2026-04-05 12:11:30,042 GET /api/auth/me → 401 (0ms)
2026-04-05 12:14:40,410 GET /api/auth/me → 401 (1ms)
2026-04-05 12:14:40,411 GET /api/auth/me → 401 (1ms)
2026-04-05 12:20:20,979 GET /api/auth/me → 401 (1ms)
2026-04-05 12:20:20,980 GET /api/auth/me → 401 (0ms)
2026-04-05 12:20:29,142 GET /api/auth/me → 401 (0ms)
2026-04-05 12:20:29,150 GET /api/auth/me → 401 (0ms)
2026-04-05 12:20:36,608 GET /api/auth/me → 401 (0ms)
2026-04-05 12:20:36,609 GET /api/auth/me → 401 (0ms)
2026-04-05 12:20:55,610 GET /api/auth/me → 401 (0ms)
2026-04-05 12:20:55,658 GET /api/auth/me → 401 (0ms)
2026-04-05 12:20:56,387 GET /api/auth/me → 401 (0ms)
2026-04-05 12:20:56,432 GET /api/auth/me → 401 (0ms)
2026-04-05 12:21:34,086 GET /api/auth/me → 401 (0ms)
2026-04-05 12:21:34,131 GET /api/auth/me → 401 (0ms)
2026-04-05 12:21:34,686 GET /api/auth/me → 401 (0ms)
2026-04-05 12:21:34,732 GET /api/auth/me → 401 (0ms)
2026-04-05 12:22:06,758 GET /api/auth/me → 401 (0ms)
2026-04-05 12:22:06,804 GET /api/auth/me → 401 (0ms)
2026-04-05 12:22:07,590 GET /api/auth/me → 401 (0ms)
2026-04-05 12:22:07,676 GET /api/auth/me → 401 (0ms)
2026-04-05 12:30:18,959 GET /api/auth/me → 401 (1ms)
2026-04-05 12:30:18,962 GET /api/auth/me → 401 (1ms)
2026-04-05 12:39:50,564 GET /api/auth/me → 401 (1ms)
2026-04-05 12:39:50,565 GET /api/auth/me → 401 (2ms)
2026-04-05 12:39:58,986 GET /api/auth/me → 401 (0ms)
2026-04-05 12:39:59,001 GET /api/auth/me → 401 (0ms)
2026-04-05 12:40:07,433 GET /api/auth/me → 401 (1ms)
2026-04-05 12:40:07,434 GET /api/auth/me → 401 (1ms)
2026-04-05 12:41:06,708 GET /api/auth/me → 401 (0ms)
2026-04-05 12:41:06,711 GET /api/auth/me → 401 (1ms)
2026-04-05 12:41:06,713 GET /api/auth/me → 401 (2ms)
2026-04-05 12:41:06,715 GET /api/auth/me → 401 (1ms)
2026-04-05 12:41:06,769 GET /api/auth/me → 401 (0ms)
2026-04-05 12:41:06,779 GET /api/auth/me → 401 (0ms)
2026-04-05 12:41:12,287 GET /api/auth/me → 401 (0ms)
2026-04-05 12:41:12,303 GET /api/auth/me → 401 (1ms)
2026-04-05 12:41:12,305 GET /api/auth/me → 401 (0ms)
2026-04-05 12:41:12,309 GET /api/auth/me → 401 (1ms)
2026-04-05 12:41:12,310 GET /api/auth/me → 401 (2ms)
2026-04-05 12:41:12,311 GET /api/auth/me → 401 (2ms)
2026-04-05 12:41:44,006 GET /api/auctions/admin/list → 401 (1ms)
2026-04-05 12:42:02,195 POST /api/auctions/admin/bot-config → 422 (4ms)
2026-04-05 12:44:25,896 GET /api/auth/me → 401 (0ms)
2026-04-05 12:44:25,945 GET /api/auth/me → 401 (0ms)
2026-04-05 12:44:26,759 GET /api/auth/me → 401 (0ms)
2026-04-05 12:44:26,804 GET /api/auth/me → 401 (0ms)
2026-04-05 12:44:41,228 GET /api/auth/me → 401 (0ms)
2026-04-05 12:44:41,285 GET /api/auth/me → 401 (0ms)
2026-04-05 12:44:41,878 GET /api/auth/me → 401 (0ms)
2026-04-05 12:44:41,925 GET /api/auth/me → 401 (0ms)
2026-04-05 12:44:59,618 GET /api/auth/me → 401 (0ms)
2026-04-05 12:44:59,620 GET /api/auth/me → 401 (0ms)
2026-04-05 12:45:05,738 GET /api/auth/me → 401 (0ms)
2026-04-05 12:45:05,750 GET /api/auth/me → 401 (0ms)
2026-04-05 12:45:07,492 GET /api/auth/me → 401 (1ms)
2026-04-05 12:45:07,494 GET /api/auth/me → 401 (2ms)
2026-04-05 12:45:07,907 GET /api/auth/me → 401 (0ms)
2026-04-05 12:45:07,947 GET /api/auth/me → 401 (0ms)
2026-04-05 12:45:08,960 GET /api/auth/me → 401 (0ms)
2026-04-05 12:45:09,005 GET /api/auth/me → 401 (0ms)
2026-04-05 12:45:57,201 GET /api/auth/me → 401 (0ms)
2026-04-05 12:45:57,289 GET /api/auth/me → 401 (0ms)
2026-04-05 12:45:57,746 GET /api/auth/me → 401 (0ms)
2026-04-05 12:45:57,796 GET /api/auth/me → 401 (0ms)
2026-04-05 12:46:30,551 GET /api/auth/me → 401 (0ms)
2026-04-05 12:46:30,637 GET /api/auth/me → 401 (0ms)
2026-04-05 12:46:31,033 GET /api/auth/me → 401 (0ms)
2026-04-05 12:46:31,079 GET /api/auth/me → 401 (0ms)
2026-04-05 12:47:16,312 GET /api/auth/me → 401 (0ms)
2026-04-05 12:47:16,360 GET /api/auth/me → 401 (0ms)
2026-04-05 12:47:16,847 GET /api/auth/me → 401 (0ms)
2026-04-05 12:47:16,892 GET /api/auth/me → 401 (0ms)
2026-04-05 13:02:24,255 GET /api/auth/me → 401 (0ms)
2026-04-05 13:02:24,260 GET /api/auth/me → 401 (0ms)
2026-04-05 13:05:21,320 GET /api/auth/me → 401 (0ms)
2026-04-05 13:05:21,321 GET /api/auth/me → 401 (0ms)
2026-04-05 13:09:42,314 GET /api/auth/me → 401 (1ms)
2026-04-05 13:09:42,317 GET /api/auth/me → 401 (2ms)
2026-04-05 13:10:59,845 GET /api/auth/me → 401 (0ms)
2026-04-05 13:10:59,849 GET /api/auth/me → 401 (0ms)
2026-04-05 13:10:59,911 GET /api/auth/me → 401 (0ms)
2026-04-05 13:10:59,917 GET /api/auth/me → 401 (0ms)
2026-04-05 13:10:59,925 GET /api/auth/me → 401 (0ms)
2026-04-05 13:10:59,930 GET /api/auth/me → 401 (0ms)
2026-04-05 13:11:05,576 GET /api/auth/me → 401 (0ms)
2026-04-05 13:11:05,576 GET /api/auth/me → 401 (0ms)
2026-04-05 13:11:05,580 GET /api/auth/me → 401 (0ms)
2026-04-05 13:11:05,584 GET /api/auth/me → 401 (0ms)
2026-04-05 13:11:06,284 GET /api/auth/me → 401 (0ms)
2026-04-05 13:11:06,289 GET /api/auth/me → 401 (1ms)
2026-04-05 13:12:09,146 GET /api/auth/me → 401 (0ms)
2026-04-05 13:12:09,203 GET /api/auth/me → 401 (0ms)
2026-04-05 13:12:09,595 GET /api/auth/me → 401 (0ms)
2026-04-05 13:12:09,679 GET /api/auth/me → 401 (0ms)
2026-04-05 13:13:06,357 GET /api/auth/me → 401 (0ms)
2026-04-05 13:13:06,415 GET /api/auth/me → 401 (0ms)
2026-04-05 13:13:06,992 GET /api/auth/me → 401 (0ms)
2026-04-05 13:13:07,053 GET /api/auth/me → 401 (0ms)
2026-04-05 13:14:03,405 GET /api/auth/me → 401 (0ms)
2026-04-05 13:14:03,493 GET /api/auth/me → 401 (0ms)
2026-04-05 13:14:03,994 GET /api/auth/me → 401 (0ms)
2026-04-05 13:14:04,037 GET /api/auth/me → 401 (0ms)
2026-04-05 13:14:33,389 GET /api/auth/me → 401 (0ms)
2026-04-05 13:14:33,915 GET /api/auth/me → 401 (0ms)
2026-04-05 13:14:33,970 GET /api/auth/me → 401 (0ms)
2026-04-05 13:14:40,880 GET /api/auth/me → 401 (0ms)
2026-04-05 13:14:40,884 GET /api/auth/me → 401 (0ms)
2026-04-05 13:23:43,858 GET /api/auth/me → 401 (0ms)
2026-04-05 13:23:43,931 GET /api/auth/me → 401 (0ms)
2026-04-05 13:23:44,504 GET /api/auth/me → 401 (0ms)
2026-04-05 13:23:44,555 GET /api/auth/me → 401 (0ms)
2026-04-05 13:34:02,943 GET /api/auth/me → 401 (0ms)
2026-04-05 13:34:02,949 GET /api/auth/me → 401 (0ms)
2026-04-05 13:34:02,953 GET /api/auth/me → 401 (0ms)
2026-04-05 13:34:02,954 GET /api/auth/me → 401 (0ms)
2026-04-05 13:34:03,449 GET /api/auth/me → 401 (1ms)
2026-04-05 13:34:03,450 GET /api/auth/me → 401 (1ms)
2026-04-05 13:34:03,453 GET /api/auth/me → 401 (1ms)
2026-04-05 13:34:03,453 GET /api/auth/me → 401 (1ms)
2026-04-05 13:34:07,726 GET /api/auth/me → 401 (0ms)
2026-04-05 13:34:07,726 GET /api/auth/me → 401 (1ms)
2026-04-05 13:35:01,066 GET /api/auth/me → 401 (0ms)
2026-04-05 13:35:01,070 GET /api/auth/me → 401 (0ms)
2026-04-05 13:35:24,078 GET /api/auth/me → 401 (1ms)
2026-04-05 13:35:24,080 GET /api/auth/me → 401 (0ms)
2026-04-05 13:35:24,774 GET /api/auth/me → 401 (1ms)
2026-04-05 13:35:24,774 GET /api/auth/me → 401 (1ms)
2026-04-05 13:37:57,370 GET /api/auth/me → 401 (0ms)
2026-04-05 13:37:57,414 GET /api/auth/me → 401 (0ms)
2026-04-05 13:37:58,088 GET /api/auth/me → 401 (0ms)
2026-04-05 13:37:58,141 GET /api/auth/me → 401 (0ms)
2026-04-05 13:38:22,152 GET /api/auth/me → 401 (1ms)
2026-04-05 13:38:22,155 GET /api/auth/me → 401 (0ms)
2026-04-05 13:38:22,172 GET /api/auth/me → 401 (0ms)
2026-04-05 13:38:22,233 GET /api/auth/me → 401 (0ms)
2026-04-05 13:38:22,672 GET /api/auth/me → 401 (0ms)
2026-04-05 13:38:22,677 GET /api/auth/me → 401 (0ms)
2026-04-05 13:38:22,694 GET /api/auth/me → 401 (1ms)
2026-04-05 13:38:22,697 GET /api/auth/me → 401 (0ms)
2026-04-05 13:38:22,712 GET /api/auth/me → 401 (0ms)
2026-04-05 13:38:22,771 GET /api/auth/me → 401 (0ms)
2026-04-05 13:38:23,196 GET /api/auth/me → 401 (1ms)
2026-04-05 13:38:23,199 GET /api/auth/me → 401 (1ms)
2026-04-05 13:38:23,336 GET /api/auth/me → 401 (0ms)
2026-04-05 13:38:23,342 GET /api/auth/me → 401 (0ms)
2026-04-05 13:38:23,793 GET /api/auth/me → 401 (0ms)
2026-04-05 13:38:23,797 GET /api/auth/me → 401 (0ms)
2026-04-05 13:38:52,961 GET /api/auth/me → 401 (0ms)
2026-04-05 13:38:52,975 GET /api/auth/me → 401 (0ms)
2026-04-05 13:39:55,780 GET /api/auth/me → 401 (0ms)
2026-04-05 13:39:55,825 GET /api/auth/me → 401 (0ms)
2026-04-05 13:39:56,449 GET /api/auth/me → 401 (0ms)
2026-04-05 13:39:56,518 GET /api/auth/me → 401 (0ms)
2026-04-05 14:29:31,581 GET /api/auth/me → 401 (0ms)
2026-04-05 14:29:31,637 GET /api/auth/me → 401 (1ms)
2026-04-05 14:29:40,706 GET /api/auth/me → 401 (1ms)
2026-04-05 14:29:40,707 GET /api/auth/me → 401 (1ms)
2026-04-05 14:29:40,708 GET /api/auth/me → 401 (1ms)
2026-04-05 14:29:40,710 GET /api/auth/me → 401 (2ms)
2026-04-05 14:33:39,607 POST /api/mining/buy-miner → 400 (2ms)
2026-04-05 14:34:03,166 GET /api/auth/me → 401 (0ms)
2026-04-05 14:34:03,172 GET /api/auth/me → 401 (0ms)
2026-04-05 15:22:07,020 GET /api/auth/me → 401 (0ms)
2026-04-05 15:22:07,072 GET /api/auth/me → 401 (0ms)
2026-04-05 15:25:36,675 GET /api/auth/me → 401 (0ms)
2026-04-05 15:25:36,762 GET /api/auth/me → 401 (0ms)
2026-04-05 15:25:37,128 GET /api/auth/me → 401 (0ms)
2026-04-05 15:25:37,172 GET /api/auth/me → 401 (0ms)
2026-04-05 15:25:41,260 GET /api/auth/me → 401 (0ms)
2026-04-05 15:25:41,753 GET /api/auth/me → 401 (1ms)
2026-04-05 15:25:41,834 GET /api/auth/me → 401 (0ms)
2026-04-05 15:25:41,837 GET /api/auth/me → 401 (0ms)
2026-04-05 15:26:41,964 GET /api/auth/me → 401 (0ms)
2026-04-05 15:26:42,054 GET /api/auth/me → 401 (0ms)
2026-04-05 15:26:42,503 GET /api/auth/me → 401 (0ms)
2026-04-05 15:26:42,555 GET /api/auth/me → 401 (0ms)
2026-04-05 15:27:13,080 GET /api/auth/me → 401 (0ms)
2026-04-05 15:27:13,164 GET /api/auth/me → 401 (0ms)
2026-04-05 15:27:13,549 GET /api/auth/me → 401 (1ms)
2026-04-05 15:27:13,596 GET /api/auth/me → 401 (0ms)
2026-04-05 15:41:17,068 GET /api/auth/me → 401 (0ms)
2026-04-05 15:41:17,117 GET /api/auth/me → 401 (0ms)
2026-04-05 15:41:17,623 GET /api/auth/me → 401 (0ms)
2026-04-05 15:41:17,673 GET /api/auth/me → 401 (0ms)
2026-04-05 16:28:45,120 GET /api/auth/me → 401 (0ms)
2026-04-05 16:28:45,176 GET /api/auth/me → 401 (0ms)
2026-04-05 18:34:22,646 GET /api/auth/me → 401 (1ms)
2026-04-05 18:34:22,648 GET /api/auth/me → 401 (2ms)
2026-04-05 18:34:24,454 GET /api/auth/me → 401 (1ms)
2026-04-05 18:34:24,455 GET /api/auth/me → 401 (0ms)
2026-04-05 18:34:25,989 GET /api/auth/me → 401 (0ms)
2026-04-05 18:34:25,992 GET /api/auth/me → 401 (0ms)
2026-04-05 18:37:26,958 POST /api/mining/launchpad/buy → 400 (3ms)
2026-04-05 18:41:50,714 GET /api/mining/dashboard → 401 (1ms)
2026-04-05 18:42:20,836 GET /api/auth/me → 401 (0ms)
2026-04-05 18:42:20,837 GET /api/auth/me → 401 (0ms)
2026-04-05 18:42:35,459 POST /api/mining/launchpad/buy → 400 (3ms)
2026-04-05 18:44:40,747 GET /api/auth/me → 401 (2ms)
2026-04-05 18:44:40,752 GET /api/auth/me → 401 (1ms)
2026-04-05 18:45:46,181 GET /api/auth/me → 401 (0ms)
2026-04-05 18:45:46,229 GET /api/auth/me → 401 (0ms)
2026-04-05 18:45:46,744 GET /api/auth/me → 401 (0ms)
2026-04-05 18:45:46,793 GET /api/auth/me → 401 (0ms)
2026-04-05 18:45:49,416 GET /api/auth/me → 401 (0ms)
2026-04-05 18:46:31,233 GET /api/auth/me → 401 (0ms)
2026-04-05 18:46:31,325 GET /api/auth/me → 401 (0ms)
2026-04-05 18:46:31,667 GET /api/auth/me → 401 (0ms)
2026-04-05 18:46:31,713 GET /api/auth/me → 401 (0ms)
2026-04-05 18:46:49,535 GET /api/auth/me → 401 (0ms)
2026-04-05 18:46:49,583 GET /api/auth/me → 401 (0ms)
2026-04-05 18:46:50,024 GET /api/auth/me → 401 (0ms)
2026-04-05 18:46:50,077 GET /api/auth/me → 401 (0ms)
2026-04-05 18:47:34,629 GET /api/auth/me → 401 (0ms)
2026-04-05 18:47:34,695 GET /api/auth/me → 401 (0ms)
2026-04-05 18:47:35,131 GET /api/auth/me → 401 (0ms)
2026-04-05 18:47:35,189 GET /api/auth/me → 401 (0ms)
2026-04-05 18:48:16,768 GET /api/auth/me → 401 (0ms)
2026-04-05 18:48:16,770 GET /api/auth/me → 401 (1ms)
2026-04-05 18:48:27,316 GET /api/auth/me → 401 (1ms)
2026-04-05 18:48:27,317 GET /api/auth/me → 401 (1ms)
2026-04-05 18:48:43,724 GET /api/auth/me → 401 (0ms)
2026-04-05 18:48:43,779 GET /api/auth/me → 401 (0ms)
2026-04-05 18:48:44,519 GET /api/auth/me → 401 (1ms)
2026-04-05 18:48:44,573 GET /api/auth/me → 401 (0ms)
2026-04-05 18:50:25,279 GET /api/auth/me → 401 (0ms)
2026-04-05 18:50:25,280 GET /api/auth/me → 401 (0ms)
2026-04-05 18:53:30,800 GET /api/auth/me → 401 (0ms)
2026-04-05 18:53:30,801 GET /api/auth/me → 401 (0ms)
2026-04-05 18:54:56,675 GET /api/auth/me → 401 (0ms)
2026-04-05 18:54:56,676 GET /api/auth/me → 401 (0ms)
2026-04-05 18:56:08,269 GET /api/auth/me → 401 (0ms)
2026-04-05 18:56:08,273 GET /api/auth/me → 401 (0ms)
2026-04-05 19:01:32,308 GET /api/auth/me → 401 (0ms)
2026-04-05 19:01:32,370 GET /api/auth/me → 401 (0ms)
2026-04-05 19:01:33,211 GET /api/auth/me → 401 (0ms)
2026-04-05 19:01:33,264 GET /api/auth/me → 401 (0ms)
2026-04-05 19:01:56,970 GET /api/auth/me → 401 (0ms)
2026-04-05 19:01:57,017 GET /api/auth/me → 401 (0ms)
2026-04-05 19:01:57,681 GET /api/auth/me → 401 (0ms)
2026-04-05 19:01:57,733 GET /api/auth/me → 401 (0ms)
2026-04-05 19:02:22,316 GET /api/auth/me → 401 (0ms)
2026-04-05 19:02:22,443 GET /api/auth/me → 401 (0ms)
2026-04-05 19:02:22,783 GET /api/auth/me → 401 (0ms)
2026-04-05 19:02:22,829 GET /api/auth/me → 401 (0ms)
2026-04-05 19:02:51,144 POST /api/mining/buy-miner → 401 (1ms)
2026-04-05 19:03:02,404 POST /api/mining/buy-miner → 401 (1ms)
2026-04-05 19:20:17,601 GET /api/auth/me → 401 (0ms)
2026-04-05 19:20:17,655 GET /api/auth/me → 401 (0ms)
2026-04-05 19:20:26,803 GET /api/auth/me → 401 (1ms)
2026-04-05 19:20:26,804 GET /api/auth/me → 401 (1ms)
2026-04-05 19:23:31,110 POST /api/mining/launchpad/buy → 400 (3ms)
2026-04-05 19:24:08,647 POST /api/mining/launchpad/buy → 400 (3ms)
2026-04-05 19:24:08,788 POST /api/mining/launchpad/buy → 400 (3ms)
2026-04-05 19:24:10,810 GET /api/auth/me → 401 (0ms)
2026-04-05 19:24:10,813 GET /api/auth/me → 401 (0ms)
2026-04-05 19:24:36,378 POST /api/mining/launchpad/buy → 400 (3ms)
2026-04-05 19:25:20,598 GET /api/auth/me → 401 (0ms)
2026-04-05 19:25:20,599 GET /api/auth/me → 401 (0ms)
2026-04-05 19:25:21,186 GET /api/auth/me → 401 (0ms)
2026-04-05 19:25:21,188 GET /api/auth/me → 401 (1ms)
2026-04-05 19:25:23,316 GET /api/auth/me → 401 (0ms)
2026-04-05 19:25:23,402 GET /api/auth/me → 401 (0ms)
2026-04-05 19:25:23,806 GET /api/auth/me → 401 (0ms)
2026-04-05 19:25:23,853 GET /api/auth/me → 401 (0ms)
2026-04-05 19:25:36,328 POST /api/mining/launchpad/buy → 400 (3ms)
2026-04-05 19:26:16,137 GET /api/auth/me → 401 (0ms)
2026-04-05 19:26:16,188 GET /api/auth/me → 401 (0ms)
2026-04-05 19:26:16,795 GET /api/auth/me → 401 (0ms)
2026-04-05 19:26:16,842 GET /api/auth/me → 401 (0ms)
2026-04-05 19:26:29,214 POST /api/mining/launchpad/buy → 400 (3ms)
2026-04-05 19:26:29,306 POST /api/mining/launchpad/buy → 400 (3ms)
2026-04-05 19:28:00,311 GET /api/auth/me → 401 (0ms)
2026-04-05 19:28:00,359 GET /api/auth/me → 401 (0ms)
2026-04-05 19:28:00,827 GET /api/auth/me → 401 (0ms)
2026-04-05 19:28:00,876 GET /api/auth/me → 401 (0ms)
2026-04-05 19:28:13,470 POST /api/mining/launchpad/buy → 400 (3ms)
2026-04-05 19:28:27,765 GET /api/auth/me → 401 (0ms)
2026-04-05 19:28:27,823 GET /api/auth/me → 401 (0ms)
2026-04-05 19:28:28,274 GET /api/auth/me → 401 (0ms)
2026-04-05 19:28:28,331 GET /api/auth/me → 401 (0ms)
2026-04-05 19:28:40,778 POST /api/mining/launchpad/buy → 400 (3ms)
2026-04-05 20:05:34,592 GET /api/auth/me → 401 (1ms)
2026-04-05 20:05:34,648 GET /api/auth/me → 401 (0ms)
2026-04-05 22:19:43,738 GET /api/auth/me → 401 (0ms)
2026-04-05 22:19:43,786 GET /api/auth/me → 401 (0ms)
2026-04-06 06:28:32,651 GET /api/auth/me → 401 (0ms)
2026-04-06 06:28:32,705 GET /api/auth/me → 401 (2ms)
2026-04-06 06:28:33,028 GET /api/auth/me → 401 (0ms)
2026-04-06 06:28:33,033 GET /api/auth/me → 401 (0ms)
2026-04-06 06:28:36,034 GET /api/auth/me → 401 (1ms)
2026-04-06 06:28:36,036 GET /api/auth/me → 401 (1ms)
2026-04-06 06:31:50,481 GET /api/auth/me → 401 (0ms)
2026-04-06 06:31:50,482 GET /api/auth/me → 401 (0ms)
2026-04-06 06:31:55,128 GET /api/auth/me → 401 (0ms)
2026-04-06 06:31:55,132 GET /api/auth/me → 401 (0ms)
2026-04-06 06:32:12,697 GET /api/auth/me → 401 (0ms)
2026-04-06 06:32:12,784 GET /api/auth/me → 401 (0ms)
2026-04-06 06:32:13,276 GET /api/auth/me → 401 (0ms)
2026-04-06 06:32:13,319 GET /api/auth/me → 401 (0ms)
2026-04-06 06:32:55,753 GET /api/auth/me → 401 (1ms)
2026-04-06 06:32:55,755 GET /api/auth/me → 401 (2ms)
2026-04-06 06:34:27,063 GET /api/auth/me → 401 (2ms)
2026-04-06 06:34:27,065 GET /api/auth/me → 401 (1ms)
2026-04-06 06:37:58,906 GET /api/auth/me → 401 (0ms)
2026-04-06 06:37:59,002 GET /api/auth/me → 401 (0ms)
2026-04-06 06:37:59,400 GET /api/auth/me → 401 (0ms)
2026-04-06 06:37:59,448 GET /api/auth/me → 401 (0ms)
2026-04-07 18:28:46,636 GET /api/auth/me → 401 (1ms)
2026-04-07 18:28:46,692 GET /api/auth/me → 401 (0ms)
2026-04-07 18:29:19,503 GET /api/health → 404 (1ms)
2026-04-07 18:29:20,592 POST /api/stripe/create-topup → 404 (1ms)
2026-04-07 18:29:21,126 GET /api/merchant/profile → 404 (1ms)
2026-04-07 18:29:33,314 POST /api/payments/stripe/topup → 404 (1ms)
2026-04-07 18:29:33,549 GET /api/profile → 404 (1ms)
2026-04-07 18:29:33,962 GET /api/kids/accounts → 404 (1ms)
2026-04-07 18:29:34,203 GET /api/pos/payments → 404 (1ms)
2026-04-07 18:29:34,332 GET /api/referrals → 404 (1ms)
2026-04-07 18:30:16,725 POST /api/stripe/checkout → 422 (3ms)
2026-04-07 18:30:17,249 GET /api/rewards → 404 (1ms)
2026-04-07 18:30:17,370 GET /api/verification/status → 404 (1ms)
2026-04-07 18:30:17,496 GET /api/analytics/overview → 404 (1ms)
2026-04-07 18:30:26,779 POST /api/stripe/quick-topup → 500 (404ms)
2026-04-07 18:30:27,112 GET /api/admin/analytics/overview → 404 (1ms)
2026-04-07 18:30:37,152 GET /api/verification/status → 404 (1ms)
2026-04-07 18:30:37,285 GET /api/rewards/dashboard → 404 (1ms)
2026-04-07 18:30:37,417 GET /api/analytics/daily → 404 (1ms)
2026-04-07 18:30:37,648 GET /api/promotions → 404 (1ms)
2026-04-07 18:31:37,907 GET /api/auth/me → 401 (0ms)
2026-04-07 18:31:37,914 GET /api/auth/me → 401 (0ms)
2026-04-07 18:32:57,493 GET /api/auth/me → 401 (0ms)
2026-04-07 18:32:57,496 GET /api/auth/me → 401 (1ms)
2026-04-07 18:36:48,958 GET /api/auth/me → 401 (1ms)
2026-04-07 18:36:48,962 GET /api/auth/me → 401 (2ms)
2026-04-07 18:37:06,654 GET /api/auth/me → 401 (0ms)
2026-04-07 18:37:06,756 GET /api/auth/me → 401 (0ms)
2026-04-07 18:37:07,178 GET /api/auth/me → 401 (0ms)
2026-04-07 18:37:07,236 GET /api/auth/me → 401 (0ms)
2026-04-07 18:37:22,325 GET /api/auth/me → 401 (1ms)
2026-04-07 18:37:22,327 GET /api/auth/me → 401 (1ms)
2026-04-07 18:37:33,848 GET /api/auth/me → 401 (0ms)
2026-04-07 18:37:34,244 GET /api/auth/me → 401 (0ms)
2026-04-07 18:37:34,249 GET /api/auth/me → 401 (0ms)
2026-04-07 18:38:01,705 GET /api/auth/me → 401 (0ms)
2026-04-07 18:38:01,770 GET /api/auth/me → 401 (0ms)
2026-04-07 18:38:02,250 GET /api/auth/me → 401 (0ms)
2026-04-07 18:38:02,319 GET /api/auth/me → 401 (0ms)
2026-04-07 18:39:04,376 POST /api/stripe/quick-topup → 400 (2ms)
2026-04-07 18:41:57,503 GET /api/auth/me → 401 (1ms)
2026-04-07 18:41:57,506 GET /api/auth/me → 401 (0ms)
2026-04-07 18:45:59,353 GET /api/auth/me → 401 (1ms)
2026-04-07 18:45:59,355 GET /api/auth/me → 401 (2ms)
2026-04-07 18:47:02,149 POST /api/stripe/checkout → 401 (1ms)
2026-04-07 18:48:48,407 GET /api/auth/me → 401 (1ms)
2026-04-07 18:48:48,407 GET /api/auth/me → 401 (2ms)
2026-04-07 18:50:41,883 POST /api/auctions/None/bid → 404 (1ms)
2026-04-07 18:50:42,008 POST /api/auth/register → 403 (3ms)
2026-04-07 18:52:56,922 GET /api/health → 404 (1ms)
2026-04-07 18:54:41,210 GET /api/auth/me → 401 (0ms)
2026-04-07 18:54:41,260 GET /api/auth/me → 401 (0ms)
2026-04-07 18:54:42,006 GET /api/auth/me → 401 (0ms)
2026-04-07 18:54:42,099 GET /api/auth/me → 401 (0ms)
2026-04-07 18:54:55,211 GET /api/auth/me → 401 (0ms)
2026-04-07 18:54:55,269 GET /api/auth/me → 401 (0ms)
2026-04-07 18:54:55,808 GET /api/auth/me → 401 (0ms)
2026-04-07 18:54:55,869 GET /api/auth/me → 401 (0ms)
2026-04-07 18:55:39,981 GET /api/auth/me → 401 (0ms)
2026-04-07 18:55:40,069 GET /api/auth/me → 401 (0ms)
2026-04-07 18:55:40,405 GET /api/auth/me → 401 (0ms)
2026-04-07 18:55:40,455 GET /api/auth/me → 401 (0ms)
2026-04-07 18:55:55,865 GET /api/auth/me → 401 (0ms)
2026-04-07 18:55:55,952 GET /api/auth/me → 401 (0ms)
2026-04-07 18:55:56,353 GET /api/auth/me → 401 (0ms)
2026-04-07 18:55:56,446 GET /api/auth/me → 401 (0ms)
2026-04-07 18:56:11,382 GET /api/auth/me → 401 (0ms)
2026-04-07 18:56:11,475 GET /api/auth/me → 401 (0ms)
2026-04-07 18:56:11,806 GET /api/auth/me → 401 (0ms)
2026-04-07 18:56:11,865 GET /api/auth/me → 401 (0ms)
2026-04-07 18:56:34,821 GET /api/auth/me → 401 (0ms)
2026-04-07 18:56:34,874 GET /api/auth/me → 401 (0ms)
2026-04-07 18:56:35,576 GET /api/auth/me → 401 (0ms)
2026-04-07 18:56:35,632 GET /api/auth/me → 401 (0ms)
2026-04-07 18:56:58,559 GET /api/auth/me → 401 (0ms)
2026-04-07 18:56:58,607 GET /api/auth/me → 401 (0ms)
2026-04-07 18:56:59,353 GET /api/auth/me → 401 (0ms)
2026-04-07 18:56:59,405 GET /api/auth/me → 401 (0ms)
2026-04-07 18:57:24,438 GET /api/auth/me → 401 (0ms)
2026-04-07 18:57:24,507 GET /api/auth/me → 401 (0ms)
2026-04-07 18:57:24,910 GET /api/auth/me → 401 (1ms)
2026-04-07 18:57:24,992 GET /api/auth/me → 401 (0ms)
2026-04-07 18:57:44,840 GET /api/auth/me → 401 (0ms)
2026-04-07 18:57:44,894 GET /api/auth/me → 401 (0ms)
2026-04-07 18:57:45,319 GET /api/auth/me → 401 (0ms)
2026-04-07 18:57:45,377 GET /api/auth/me → 401 (0ms)
2026-04-07 18:58:05,899 GET /api/auth/me → 401 (0ms)
2026-04-07 18:58:05,957 GET /api/auth/me → 401 (0ms)
2026-04-07 18:58:06,400 GET /api/auth/me → 401 (0ms)
2026-04-07 18:58:06,449 GET /api/auth/me → 401 (0ms)
2026-04-07 18:58:29,793 GET /api/auth/me → 401 (0ms)
2026-04-07 18:58:29,854 GET /api/auth/me → 401 (0ms)
2026-04-07 18:58:30,328 GET /api/auth/me → 401 (0ms)
2026-04-07 18:58:30,388 GET /api/auth/me → 401 (0ms)
2026-04-07 19:06:10,541 GET /api/auth/me → 401 (0ms)
2026-04-07 19:06:10,543 GET /api/auth/me → 401 (0ms)
2026-04-07 19:08:58,564 POST /api/auth/register → 403 (3ms)
2026-04-07 19:08:59,972 POST /api/stripe/quick-topup → 400 (6ms)
2026-04-07 19:09:22,696 POST /api/auctions/None/bid → 404 (1ms)
2026-04-07 19:09:43,794 GET /api/auctions/credits → 404 (1ms)
2026-04-07 19:09:54,055 GET /api/auth/me → 401 (0ms)
2026-04-07 19:09:54,111 GET /api/auth/me → 401 (0ms)
2026-04-07 19:09:55,019 GET /api/auth/me → 401 (0ms)
2026-04-07 19:09:55,080 GET /api/auth/me → 401 (0ms)
2026-04-07 19:11:26,846 GET /api/auth/me → 401 (0ms)
2026-04-07 19:11:26,892 GET /api/auth/me → 401 (0ms)
2026-04-07 19:11:27,734 GET /api/auth/me → 401 (0ms)
2026-04-07 19:11:27,791 GET /api/auth/me → 401 (0ms)
2026-04-07 19:11:59,411 GET /api/auth/me → 401 (0ms)
2026-04-07 19:11:59,911 GET /api/auth/me → 401 (0ms)
2026-04-07 19:12:02,824 GET /api/auth/me → 401 (0ms)
2026-04-07 19:12:02,938 GET /api/auth/me → 401 (0ms)
2026-04-07 19:22:14,064 GET /api/auth/me → 401 (1ms)
2026-04-07 19:22:14,067 GET /api/auth/me → 401 (0ms)
2026-04-07 19:22:18,312 GET /api/auth/me → 401 (0ms)
2026-04-07 19:22:18,326 GET /api/auth/me → 401 (0ms)
2026-04-07 19:22:23,170 GET /api/auth/me → 401 (0ms)
2026-04-07 19:22:23,214 GET /api/auth/me → 401 (0ms)
2026-04-07 19:28:00,952 GET /api/auth/me → 401 (0ms)
2026-04-07 19:28:00,955 GET /api/auth/me → 401 (0ms)
2026-04-07 19:29:24,224 GET /api/auth/me → 401 (0ms)
2026-04-07 19:29:24,288 GET /api/auth/me → 401 (0ms)
2026-04-07 19:29:24,310 GET /api/auth/me → 401 (0ms)
2026-04-07 19:29:24,313 GET /api/auth/me → 401 (0ms)
2026-04-07 19:29:24,712 GET /api/auth/me → 401 (2ms)
2026-04-07 19:29:24,713 GET /api/auth/me → 401 (1ms)
2026-04-07 19:29:24,713 GET /api/auth/me → 401 (1ms)
2026-04-07 19:29:24,713 GET /api/auth/me → 401 (1ms)
2026-04-07 19:33:03,024 GET /api/auth/me → 401 (3ms)
2026-04-07 19:33:03,025 GET /api/auth/me → 401 (5ms)
2026-04-07 19:33:03,025 GET /api/auth/me → 401 (5ms)
2026-04-07 19:33:03,026 GET /api/auth/me → 401 (5ms)
2026-04-07 19:33:03,368 GET /api/auth/me → 401 (0ms)
2026-04-07 19:33:03,422 GET /api/auth/me → 401 (0ms)
2026-04-07 19:33:04,034 GET /api/auth/me → 401 (0ms)
2026-04-07 19:33:04,049 GET /api/auth/me → 401 (0ms)
2026-04-07 19:33:04,056 GET /api/auth/me → 401 (1ms)
2026-04-07 19:33:04,057 GET /api/auth/me → 401 (1ms)
2026-04-07 19:33:04,328 GET /api/auth/me → 401 (0ms)
2026-04-07 19:33:04,370 GET /api/auth/me → 401 (0ms)
2026-04-07 19:33:04,720 GET /api/auth/me → 401 (40ms)
2026-04-07 19:33:04,721 GET /api/auth/me → 401 (1ms)
2026-04-07 19:33:04,735 GET /api/auth/me → 401 (0ms)
2026-04-07 19:33:04,749 GET /api/auth/me → 401 (0ms)
2026-04-07 19:33:05,460 GET /api/auth/me → 401 (1ms)
2026-04-07 19:33:05,461 GET /api/auth/me → 401 (1ms)
2026-04-07 19:33:05,465 GET /api/auth/me → 401 (0ms)
2026-04-07 19:33:05,476 GET /api/auth/me → 401 (0ms)
2026-04-07 19:33:06,006 GET /api/auth/me → 401 (0ms)
2026-04-07 19:33:06,007 GET /api/auth/me → 401 (1ms)
2026-04-07 19:33:06,018 GET /api/auth/me → 401 (0ms)
2026-04-07 19:33:06,022 GET /api/auth/me → 401 (0ms)
2026-04-07 19:33:06,585 GET /api/auth/me → 401 (0ms)
2026-04-07 19:33:06,587 GET /api/auth/me → 401 (1ms)
2026-04-07 19:33:06,589 GET /api/auth/me → 401 (1ms)
2026-04-07 19:33:06,590 GET /api/auth/me → 401 (0ms)
2026-04-07 19:33:07,185 GET /api/auth/me → 401 (0ms)
2026-04-07 19:33:07,186 GET /api/auth/me → 401 (0ms)
2026-04-07 19:33:07,406 GET /api/auth/me → 401 (0ms)
2026-04-07 19:33:07,408 GET /api/auth/me → 401 (0ms)
2026-04-07 19:33:07,902 GET /api/auth/me → 401 (1ms)
2026-04-07 19:33:07,908 GET /api/auth/me → 401 (3ms)
2026-04-07 19:33:07,908 GET /api/auth/me → 401 (1ms)
2026-04-07 19:33:07,909 GET /api/auth/me → 401 (1ms)
2026-04-07 19:33:08,451 GET /api/auth/me → 401 (0ms)
2026-04-07 19:33:08,459 GET /api/auth/me → 401 (1ms)
2026-04-07 19:33:08,460 GET /api/auth/me → 401 (1ms)
2026-04-07 19:33:08,462 GET /api/auth/me → 401 (1ms)
2026-04-07 19:33:08,911 GET /api/auth/me → 401 (0ms)
2026-04-07 19:33:08,917 GET /api/auth/me → 401 (0ms)
2026-04-07 19:33:08,948 GET /api/auth/me → 401 (0ms)
2026-04-07 19:33:09,128 GET /api/auth/me → 401 (0ms)
2026-04-07 19:33:16,499 GET /api/auth/me → 401 (0ms)
2026-04-07 19:33:16,501 GET /api/auth/me → 401 (1ms)
2026-04-07 19:35:16,563 GET /api/auth/me → 401 (0ms)
2026-04-07 19:35:16,573 GET /api/auth/me → 401 (0ms)
2026-04-07 19:35:16,660 GET /api/auth/me → 401 (0ms)
2026-04-07 19:35:16,671 GET /api/auth/me → 401 (1ms)
2026-04-07 19:35:17,481 GET /api/auth/me → 401 (0ms)
2026-04-07 19:35:17,485 GET /api/auth/me → 401 (1ms)
2026-04-07 19:35:17,487 GET /api/auth/me → 401 (0ms)
2026-04-07 19:35:17,498 GET /api/auth/me → 401 (0ms)
2026-04-07 19:35:34,378 GET /api/auth/me → 401 (0ms)
2026-04-07 19:35:34,382 GET /api/auth/me → 401 (0ms)
2026-04-07 19:36:55,002 GET /api/admin/role-requests → 404 (1ms)
2026-04-07 19:37:05,268 GET /api/auth/me → 401 (0ms)
2026-04-07 19:37:05,364 GET /api/auth/me → 401 (0ms)
2026-04-07 19:37:05,825 GET /api/auth/me → 401 (0ms)
2026-04-07 19:37:05,934 GET /api/auth/me → 401 (0ms)
2026-04-07 19:38:01,840 POST /api/auth/register → 403 (3ms)
2026-04-07 19:38:04,979 POST /api/stripe/quick-topup → 400 (2ms)
2026-04-07 19:38:05,470 GET /api/verification/upload → 405 (1ms)
2026-04-07 19:38:05,856 POST /api/mining/buy-miner → 400 (2ms)
2026-04-07 19:38:06,141 GET /api/auctions/credits → 404 (2ms)
2026-04-07 19:38:06,400 POST /api/kids/start-trial → 400 (2ms)
2026-04-07 19:38:06,997 POST /api/auth/forgot-password → 404 (1ms)
2026-04-07 19:38:07,101 GET /api/auth/2fa/status → 404 (1ms)
2026-04-07 19:38:07,215 GET /api/notifications/settings → 404 (1ms)
2026-04-07 19:38:31,441 GET /api/auctions/credits/packages → 404 (1ms)
2026-04-07 19:39:27,696 GET /api/auth/me → 401 (0ms)
2026-04-07 19:39:27,700 GET /api/auth/me → 401 (0ms)
2026-04-07 19:39:44,038 GET /api/auth/me → 401 (0ms)
2026-04-07 19:39:44,040 GET /api/auth/me → 401 (0ms)
2026-04-07 19:39:47,896 GET /api/auth/me → 401 (0ms)
2026-04-07 19:39:47,909 GET /api/auth/me → 401 (0ms)
2026-04-07 19:39:51,885 POST /api/mining/buy-miner → 400 (2ms)
2026-04-07 19:44:01,763 GET /api/auth/me → 401 (1ms)
2026-04-07 19:44:01,820 GET /api/auth/me → 401 (0ms)
2026-04-07 19:44:02,887 GET /api/auth/me → 401 (0ms)
2026-04-07 19:44:02,940 GET /api/auth/me → 401 (0ms)
2026-04-07 19:46:16,357 POST /api/auth/register → 403 (8ms)
2026-04-07 19:46:19,060 POST /api/mining/buy-miner → 400 (2ms)
2026-04-07 19:46:19,448 POST /api/auctions/11cd3fdb23ba4867/bid → 404 (1ms)
2026-04-07 19:46:20,231 POST /api/kids/start-trial → 400 (2ms)
2026-04-07 19:47:14,626 GET /api/auth/me → 401 (0ms)
2026-04-07 19:47:14,948 GET /api/auth/me → 401 (0ms)
2026-04-07 19:47:15,237 GET /api/auth/me → 401 (0ms)
2026-04-07 20:20:47,755 GET /api/auth/me → 401 (0ms)
2026-04-07 20:20:47,868 GET /api/auth/me → 401 (0ms)
2026-04-07 23:41:41,805 GET /api/auth/me → 401 (0ms)
2026-04-07 23:41:41,849 GET /api/auth/me → 401 (0ms)
2026-04-07 23:41:45,457 GET /api/auth/me → 401 (0ms)
2026-04-07 23:41:45,460 GET /api/auth/me → 401 (0ms)
2026-04-07 23:42:03,448 GET /api/auth/me → 401 (0ms)
2026-04-07 23:42:03,568 GET /api/auth/me → 401 (0ms)
2026-04-07 23:42:44,333 POST /api/auth/register → 403 (3ms)
2026-04-07 23:43:04,314 GET /api/health → 404 (1ms)
2026-04-07 23:43:15,313 GET /api/auth/me → 401 (0ms)
2026-04-07 23:43:15,408 GET /api/auth/me → 401 (0ms)
2026-04-07 23:43:44,380 POST /api/auth/register → 403 (3ms)
2026-04-07 23:44:01,725 POST /api/mining/buy-miner → 400 (2ms)
2026-04-07 23:44:14,544 GET /api/auctions/credit-packages → 404 (1ms)
2026-04-07 23:44:14,772 POST /api/auctions/buy-credits → 400 (2ms)
2026-04-07 23:44:20,962 GET /api/auctions/credit-packages → 404 (2ms)
2026-04-07 23:44:39,085 POST /api/auctions/credits/buy → 400 (2ms)
2026-04-07 23:46:05,360 GET /api/kids/plans → 404 (1ms)
2026-04-07 23:46:05,518 POST /api/kids/start-trial → 400 (9ms)
2026-04-07 23:46:05,648 GET /api/kids/status → 404 (1ms)
2026-04-07 23:46:10,976 GET /api/kids/plans → 404 (1ms)
2026-04-07 23:46:57,416 GET /api/auth/me → 401 (0ms)
2026-04-07 23:46:57,466 GET /api/auth/me → 401 (0ms)
2026-04-07 23:47:33,807 GET /api/auth/me → 401 (0ms)
2026-04-07 23:47:33,863 GET /api/auth/me → 401 (0ms)
2026-04-07 23:51:45,650 GET /api/auth/me → 401 (2ms)
2026-04-07 23:51:45,651 GET /api/auth/me → 401 (3ms)
2026-04-07 23:56:12,736 GET /api/auth/me → 401 (1ms)
2026-04-07 23:56:12,741 GET /api/auth/me → 401 (3ms)
2026-04-07 23:56:52,196 GET /api/auth/me → 401 (0ms)
2026-04-07 23:56:52,200 GET /api/auth/me → 401 (0ms)
2026-04-08 00:01:31,903 GET /api/auth/me → 401 (1ms)
2026-04-08 00:01:31,908 GET /api/auth/me → 401 (3ms)
2026-04-08 00:07:42,951 GET /api/auth/me → 401 (1ms)
2026-04-08 00:07:42,952 GET /api/auth/me → 401 (1ms)
2026-04-08 00:10:49,715 GET /api/auth/me → 401 (0ms)
2026-04-08 00:10:49,718 GET /api/auth/me → 401 (1ms)
2026-04-08 00:10:51,790 GET /api/auth/me → 401 (1ms)
2026-04-08 00:10:51,794 GET /api/auth/me → 401 (0ms)
2026-04-08 00:11:02,597 POST /api/auth/login → 401 (243ms)
2026-04-08 00:12:34,620 POST /api/payments/nfc-pay → 400 (3ms)
2026-04-08 00:17:35,710 GET /api/auth/me → 401 (1ms)
2026-04-08 00:17:35,712 GET /api/auth/me → 401 (1ms)
2026-04-08 00:18:41,760 POST /api/auth/register → 422 (4ms)
2026-04-08 00:18:41,912 POST /api/auth/login → 422 (1ms)
2026-04-08 00:18:42,070 GET /api/auth/me → 401 (0ms)
2026-04-08 00:18:42,927 GET /api/auth/me → 401 (0ms)
2026-04-08 00:18:59,041 POST /api/auth/register → 403 (2ms)
2026-04-08 00:18:59,209 POST /api/auth/login → 401 (3ms)
2026-04-08 00:18:59,319 GET /api/auth/me → 401 (0ms)
2026-04-08 00:19:25,748 GET /api/auth/me → 401 (1ms)
2026-04-08 00:19:25,748 GET /api/auth/me → 401 (1ms)
2026-04-08 00:19:30,302 GET /api/mining/referral → 404 (1ms)
2026-04-08 00:20:07,083 POST /api/taxi/book → 400 (2ms)
2026-04-08 00:20:07,711 POST /api/food/order → 400 (2ms)
2026-04-08 00:20:27,006 POST /api/taxi/complete → 404 (1ms)
2026-04-08 00:20:42,344 GET /api/admin/dashboard → 404 (1ms)
2026-04-08 00:20:42,739 GET /api/admin/kyc/pending → 404 (1ms)
2026-04-08 00:20:57,269 GET /api/wallet/balance → 404 (1ms)
2026-04-08 00:21:16,002 GET /api/auth/me → 401 (0ms)
2026-04-08 00:21:16,004 GET /api/auth/me → 401 (0ms)
2026-04-08 00:21:32,868 POST /api/stripe/checkout → 422 (1ms)
2026-04-08 00:21:33,002 POST /api/stripe/quick-topup → 400 (2ms)
2026-04-08 00:21:33,251 GET /api/wallet/transactions → 404 (1ms)
2026-04-08 00:21:41,622 POST /api/stripe/checkout → 400 (2ms)
2026-04-08 00:21:41,742 GET /api/wallet/transactions → 404 (1ms)
2026-04-08 00:22:18,956 GET /api/auth/me → 401 (0ms)
2026-04-08 00:22:18,957 GET /api/auth/me → 401 (0ms)
2026-04-08 00:29:33,765 GET /api/auth/me → 401 (0ms)
2026-04-08 00:29:33,836 GET /api/auth/me → 401 (0ms)
2026-04-08 00:29:47,989 GET /api/auth/me → 401 (0ms)
2026-04-08 00:29:48,057 GET /api/auth/me → 401 (0ms)
2026-04-08 00:30:07,843 GET /api/auth/me → 401 (0ms)
2026-04-08 00:30:07,891 GET /api/auth/me → 401 (0ms)
2026-04-08 00:30:30,241 GET /api/auth/me → 401 (0ms)
2026-04-08 00:30:30,325 GET /api/auth/me → 401 (0ms)
2026-04-08 00:30:51,449 GET /api/auth/me → 401 (0ms)
2026-04-08 00:30:51,531 GET /api/auth/me → 401 (0ms)
2026-04-08 00:31:16,821 GET /api/auth/me → 401 (0ms)
2026-04-08 00:31:16,877 GET /api/auth/me → 401 (0ms)
2026-04-08 00:31:22,237 GET /api/auth/me → 401 (0ms)
2026-04-08 00:31:22,292 GET /api/auth/me → 401 (0ms)
2026-04-08 07:45:18,873 GET /api/auth/me → 401 (1ms)
2026-04-08 07:45:18,877 GET /api/auth/me → 401 (0ms)
2026-04-08 07:48:28,007 GET /api/auth/me → 401 (0ms)
2026-04-08 07:48:28,066 GET /api/auth/me → 401 (0ms)
2026-04-08 07:48:28,708 GET /api/auth/me → 401 (0ms)
2026-04-08 07:48:28,715 GET /api/auth/me → 401 (0ms)
2026-04-08 07:48:45,382 GET /api/auth/me → 401 (0ms)
2026-04-08 07:48:45,427 GET /api/auth/me → 401 (0ms)
2026-04-08 07:48:57,419 GET /api/auth/me → 401 (0ms)
2026-04-08 07:48:57,463 GET /api/auth/me → 401 (0ms)
2026-04-08 07:49:32,574 GET /api/auth/me → 401 (0ms)
2026-04-08 07:49:33,055 POST /api/taxi/complete → 404 (1ms)
2026-04-08 07:49:33,245 POST /api/taxi/rate → 404 (13ms)
2026-04-08 07:49:33,342 POST /api/scooter/start → 404 (1ms)
2026-04-08 07:49:33,442 POST /api/scooter/end → 422 (6ms)
2026-04-08 07:49:33,582 GET /api/food/order/test → 404 (9ms)
2026-04-08 07:49:33,686 POST /api/verification/upload → 422 (6ms)
2026-04-08 07:49:33,817 GET /api/admin/dashboard → 404 (1ms)
2026-04-08 07:50:17,675 POST /api/scooter/unlock → 404 (6ms)
2026-04-08 07:50:17,819 POST /api/scooter/end → 422 (1ms)
2026-04-08 07:54:30,453 GET /api/auth/me → 401 (1ms)
2026-04-08 07:54:30,455 GET /api/auth/me → 401 (2ms)
2026-04-08 07:55:12,289 POST /api/drivers/register → 422 (1ms)
2026-04-08 07:55:12,408 GET /api/admin/dashboard → 404 (1ms)
2026-04-08 07:55:12,521 POST /api/taxi/book → 400 (2ms)
2026-04-08 07:55:25,682 GET /api/admin/dashboard → 404 (1ms)
2026-04-08 07:56:11,520 GET /api/auth/me → 401 (1ms)
2026-04-08 07:56:11,529 GET /api/auth/me → 401 (2ms)
2026-04-08 07:56:13,772 GET /api/auth/me → 401 (0ms)
2026-04-08 07:56:13,774 GET /api/auth/me → 401 (1ms)
2026-04-08 07:59:42,379 GET /api/admin/dashboard → 404 (1ms)
2026-04-08 07:59:43,444 POST /api/taxi/book → 400 (2ms)
2026-04-08 08:00:12,808 POST /api → 405 (1ms)
2026-04-08 08:23:20,940 GET /api/auth/me → 401 (1ms)
2026-04-08 08:23:20,945 GET /api/auth/me → 401 (1ms)
2026-04-08 08:23:21,489 GET /api/auth/me → 401 (1ms)
2026-04-08 08:23:21,491 GET /api/auth/me → 401 (0ms)
2026-04-08 08:23:37,322 POST /api/auth/login → 401 (248ms)
2026-04-08 08:24:10,278 POST /api/taxi/book → 400 (3ms)
2026-04-08 08:24:19,958 GET /api/auth/me → 401 (0ms)
2026-04-08 08:24:20,001 GET /api/auth/me → 401 (0ms)
2026-04-08 08:24:21,172 GET /api/auth/me → 401 (0ms)
2026-04-08 08:24:21,217 GET /api/auth/me → 401 (0ms)
2026-04-08 08:24:23,567 GET /api/auth/me → 401 (0ms)
2026-04-08 08:24:23,653 GET /api/auth/me → 401 (0ms)
2026-04-08 08:24:36,422 GET /api/auth/me → 401 (0ms)
2026-04-08 08:24:36,471 GET /api/auth/me → 401 (0ms)
2026-04-08 08:25:10,669 GET /api/auth/me → 401 (0ms)
2026-04-08 08:25:10,719 GET /api/auth/me → 401 (0ms)
2026-04-08 08:25:28,314 GET /api/auth/me → 401 (0ms)
2026-04-08 08:25:28,367 GET /api/auth/me → 401 (0ms)
2026-04-08 08:26:12,853 GET /api/auth/me → 401 (0ms)
2026-04-08 08:26:12,903 GET /api/auth/me → 401 (0ms)
2026-04-08 08:26:55,039 GET /api/auth/me → 401 (0ms)
2026-04-08 08:26:55,083 GET /api/auth/me → 401 (0ms)
2026-04-08 08:33:15,528 POST /api/wallet/send → 400 (1ms)
2026-04-08 08:33:25,896 GET /api/auth/me → 401 (0ms)
2026-04-08 08:33:25,945 GET /api/auth/me → 401 (0ms)
2026-04-08 08:33:41,953 GET /api/auth/me → 401 (0ms)
2026-04-08 08:33:42,007 GET /api/auth/me → 401 (0ms)
2026-04-08 08:35:45,246 GET /api/auth/me → 401 (0ms)
2026-04-08 08:35:45,294 GET /api/auth/me → 401 (0ms)
2026-04-08 08:36:37,971 GET /api/auth/me → 401 (1ms)
2026-04-08 08:36:37,972 GET /api/auth/me → 401 (0ms)
2026-04-08 08:39:13,970 GET /api/auth/me → 401 (0ms)
2026-04-08 08:39:14,022 GET /api/auth/me → 401 (0ms)
2026-04-08 08:43:24,797 POST /api/auth/register → 403 (3ms)
2026-04-08 08:43:52,834 GET /api/auth/me → 401 (0ms)
2026-04-08 08:43:52,878 GET /api/auth/me → 401 (0ms)
2026-04-08 08:44:04,050 GET /api/auth/me → 401 (1ms)
2026-04-08 08:44:04,051 GET /api/auth/me → 401 (0ms)
2026-04-08 08:45:18,321 GET /api/auth/me → 401 (0ms)
2026-04-08 08:45:18,369 GET /api/auth/me → 401 (0ms)
2026-04-08 08:48:07,165 GET /api/auth/me → 401 (0ms)
2026-04-08 08:48:07,211 GET /api/auth/me → 401 (0ms)
2026-04-08 08:48:34,819 GET /api/auth/me → 401 (0ms)
2026-04-08 08:48:34,865 GET /api/auth/me → 401 (0ms)
2026-04-08 08:48:52,057 GET /api/auth/me → 401 (0ms)
2026-04-08 08:48:52,102 GET /api/auth/me → 401 (0ms)
2026-04-08 08:49:30,065 GET /api/auth/me → 401 (0ms)
2026-04-08 08:49:30,121 GET /api/auth/me → 401 (0ms)
2026-04-08 08:49:48,609 GET /api/auth/me → 401 (0ms)
2026-04-08 08:49:48,684 GET /api/auth/me → 401 (0ms)
2026-04-08 08:50:06,111 GET /api/auth/me → 401 (0ms)
2026-04-08 08:50:06,166 GET /api/auth/me → 401 (1ms)
2026-04-08 08:50:24,880 GET /api/auth/me → 401 (1ms)
2026-04-08 08:50:24,987 GET /api/auth/me → 401 (0ms)
2026-04-08 08:50:50,268 GET /api/auth/me → 401 (0ms)
2026-04-08 08:50:50,322 GET /api/auth/me → 401 (0ms)
2026-04-08 08:51:11,800 GET /api/auth/me → 401 (1ms)
2026-04-08 08:51:11,879 GET /api/auth/me → 401 (0ms)
2026-04-08 08:52:08,515 GET /api/auth/me → 401 (0ms)
2026-04-08 08:52:08,567 GET /api/auth/me → 401 (1ms)
2026-04-08 08:52:33,776 GET /api/auth/me → 401 (0ms)
2026-04-08 08:52:33,821 GET /api/auth/me → 401 (0ms)
2026-04-08 08:53:01,429 GET /api/auth/me → 401 (0ms)
2026-04-08 08:53:01,486 GET /api/auth/me → 401 (0ms)
2026-04-08 08:53:46,126 GET /api/auth/me → 401 (0ms)
2026-04-08 08:53:46,177 GET /api/auth/me → 401 (0ms)
2026-04-08 08:55:54,879 GET /api/auth/me → 401 (1ms)
2026-04-08 08:55:54,880 GET /api/auth/me → 401 (0ms)
2026-04-08 08:55:55,537 GET /api/auth/me → 401 (1ms)
2026-04-08 08:55:55,538 GET /api/auth/me → 401 (1ms)
2026-04-08 08:56:48,528 GET /api/auth/me → 401 (0ms)
2026-04-08 08:56:48,532 GET /api/auth/me → 401 (0ms)
2026-04-08 08:56:58,494 GET /api/auth/me → 401 (0ms)
2026-04-08 08:56:58,538 GET /api/auth/me → 401 (0ms)
2026-04-08 09:02:14,200 POST /api/kids/children/pay → 400 (2ms)
2026-04-08 09:02:37,401 GET /api/auth/me → 401 (0ms)
2026-04-08 09:02:37,452 GET /api/auth/me → 401 (0ms)
2026-04-08 09:03:03,494 GET /api/auth/me → 401 (0ms)
2026-04-08 09:03:03,539 GET /api/auth/me → 401 (0ms)
2026-04-08 18:56:59,857 GET /api/auth/me → 401 (0ms)
2026-04-08 18:56:59,948 GET /api/auth/me → 401 (0ms)
2026-04-09 07:33:07,516 GET /api/auth/me → 401 (0ms)
2026-04-09 07:33:07,521 GET /api/auth/me → 401 (0ms)
2026-04-09 07:36:02,753 GET /api/auth/me → 401 (0ms)
2026-04-09 07:36:02,823 GET /api/auth/me → 401 (0ms)
2026-04-09 07:36:24,976 POST /api/auth/login → 401 (286ms)
2026-04-09 07:41:19,764 GET /api/auth/me → 401 (0ms)
2026-04-09 07:41:19,771 GET /api/auth/me → 401 (0ms)
2026-04-09 21:23:54,806 GET /api/auth/me → 401 (1ms)
2026-04-09 21:23:54,860 GET /api/auth/me → 401 (0ms)
2026-04-09 21:24:03,360 POST /api/auth/login → 401 (254ms)
2026-04-09 21:24:37,457 GET /api/auth/me → 401 (0ms)
2026-04-09 21:24:37,461 GET /api/auth/me → 401 (1ms)
2026-04-10 15:21:13,694 GET /api/auth/me → 401 (0ms)
2026-04-10 15:21:13,697 GET /api/auth/me → 401 (4ms)
2026-04-10 15:21:22,339 GET /api/auth/me → 401 (0ms)
2026-04-10 15:21:22,426 GET /api/auth/me → 401 (0ms)
2026-04-10 15:21:33,746 GET /api/auth/me → 401 (0ms)
2026-04-10 15:21:33,805 GET /api/auth/me → 401 (0ms)
2026-04-10 15:21:42,877 GET /api/auth/me → 401 (0ms)
2026-04-10 15:21:42,961 GET /api/auth/me → 401 (0ms)
2026-04-10 15:22:26,233 GET /api/auth/me → 401 (0ms)
2026-04-10 15:22:26,356 GET /api/auth/me → 401 (0ms)
2026-04-10 15:22:43,438 GET /api/auth/me → 401 (0ms)
2026-04-10 15:22:43,488 GET /api/auth/me → 401 (0ms)
2026-04-10 15:23:30,805 GET /api/auth/me → 401 (0ms)
2026-04-10 15:23:30,855 GET /api/auth/me → 401 (0ms)
2026-04-10 15:23:48,548 GET /api/auth/me → 401 (0ms)
2026-04-10 15:23:48,618 GET /api/auth/me → 401 (0ms)
2026-04-10 15:24:05,182 GET /api/auth/me → 401 (0ms)
2026-04-10 15:24:05,268 GET /api/auth/me → 401 (0ms)
2026-04-10 15:24:16,681 GET /api/auth/me → 401 (0ms)
2026-04-10 15:24:16,737 GET /api/auth/me → 401 (0ms)
2026-04-10 15:24:36,836 GET /api/auth/me → 401 (0ms)
2026-04-10 15:24:36,891 GET /api/auth/me → 401 (0ms)
2026-04-10 15:26:50,405 GET /api/kids/subscription → 401 (0ms)
2026-04-10 15:26:56,308 GET /api/kids/subscription → 401 (0ms)
2026-04-10 15:27:23,844 GET /api/auctions/active → 404 (4ms)
2026-04-10 15:27:29,674 POST /api/stripe/checkout → 422 (4ms)
2026-04-10 15:27:36,162 GET /api/taxi/rides/active → 404 (1ms)
2026-04-10 15:27:42,208 GET /api/pos/vouchers → 404 (1ms)
2026-04-10 15:27:54,775 GET /api/kids/notifications → 404 (1ms)
2026-04-10 15:27:54,929 POST /api/kids/child-login → 400 (2ms)
2026-04-10 15:28:17,567 POST /api/stripe/quick-topup → 400 (2ms)
2026-04-10 15:28:23,733 GET /api/admin/stats → 404 (1ms)
2026-04-10 16:40:56,418 POST /api/auctions/admin/create → 422 (9ms)
2026-04-10 16:40:56,590 POST /api/auctions/admin/create → 422 (1ms)
2026-04-10 16:40:56,705 POST /api/auctions/admin/create → 422 (2ms)
2026-04-10 16:41:03,528 POST /api/auctions/admin/create → 401 (1ms)
2026-04-10 16:42:08,367 GET /api/kids/notifications → 401 (1ms)
2026-04-10 16:42:21,660 GET /api/kids/notifications → 401 (0ms)
2026-04-10 16:42:29,777 GET /api/kids/children → 401 (0ms)
2026-04-10 16:42:29,898 GET /api/user/me → 404 (1ms)
2026-04-10 16:42:49,928 GET /api/auth/me → 401 (0ms)
2026-04-10 16:42:50,020 GET /api/auth/me → 401 (0ms)
2026-04-10 16:43:06,036 GET /api/auth/me → 401 (0ms)
2026-04-10 16:43:06,130 GET /api/auth/me → 401 (0ms)
2026-04-10 16:43:31,133 GET /api/auth/me → 401 (0ms)
2026-04-10 16:43:31,187 GET /api/auth/me → 401 (0ms)
2026-04-10 16:43:44,612 GET /api/auth/me → 401 (0ms)
2026-04-10 16:43:44,680 GET /api/auth/me → 401 (0ms)
2026-04-10 16:44:04,441 GET /api/auth/me → 401 (0ms)
2026-04-10 16:44:04,498 GET /api/auth/me → 401 (0ms)
2026-04-10 16:44:25,300 GET /api/auth/me → 401 (0ms)
2026-04-10 16:44:25,428 GET /api/auth/me → 401 (0ms)
2026-04-10 16:44:45,442 GET /api/auth/me → 401 (0ms)
2026-04-10 16:44:45,551 GET /api/auth/me → 401 (0ms)
2026-04-10 16:45:04,435 GET /api/auth/me → 401 (0ms)
2026-04-10 16:45:04,604 GET /api/auth/me → 401 (0ms)
2026-04-10 16:45:25,760 GET /api/auth/me → 401 (0ms)
2026-04-10 16:45:25,832 GET /api/auth/me → 401 (0ms)
2026-04-10 16:45:49,114 GET /api/auth/me → 401 (0ms)
2026-04-10 16:45:49,180 GET /api/auth/me → 401 (0ms)
2026-04-10 16:45:51,407 GET /api/auth/me → 401 (0ms)
2026-04-10 16:45:51,456 GET /api/auth/me → 401 (0ms)
2026-04-10 17:06:58,900 GET /api/auth/me → 401 (0ms)
2026-04-10 17:06:58,966 GET /api/auth/me → 401 (0ms)
2026-04-10 17:11:58,880 GET /api/auth/me → 401 (0ms)
2026-04-10 17:11:58,943 GET /api/auth/me → 401 (0ms)
2026-04-10 18:00:55,858 GET /api/verification/status → 401 (1ms)
2026-04-10 18:00:56,100 GET /api/kids/notifications → 401 (1ms)
2026-04-10 18:00:56,404 GET /api/kids/child-mode/me → 401 (8ms)
2026-04-10 18:01:24,498 GET /api/admin/stats → 404 (1ms)
2026-04-10 18:01:24,615 GET /api/taxi/rides/active → 404 (1ms)
2026-04-10 18:01:24,745 GET /api/pos/vouchers → 404 (1ms)
2026-04-10 18:20:59,342 GET /api/auth/me → 401 (1ms)
2026-04-10 18:20:59,402 GET /api/auth/me → 401 (0ms)
2026-04-10 19:12:55,756 GET /api/auth/me → 401 (1ms)
2026-04-10 19:12:55,827 GET /api/auth/me → 401 (0ms)
2026-04-10 19:12:55,916 GET /api/auth/me → 401 (0ms)
2026-04-10 19:12:55,943 GET /api/auth/me → 401 (0ms)
2026-04-10 19:15:03,408 GET /api/auth/me → 401 (0ms)
2026-04-10 19:15:03,640 GET /api/auth/me → 401 (0ms)
2026-04-10 19:17:51,401 GET /api/wallet/transactions → 404 (1ms)
2026-04-10 19:17:57,915 GET /api/merchant/transactions → 404 (1ms)
2026-04-10 19:35:07,995 GET /api/auth/me → 401 (1ms)
2026-04-10 19:35:08,277 GET /api/auth/me → 401 (0ms)
2026-04-10 19:35:13,925 GET /api/auth/me → 401 (0ms)
2026-04-10 19:35:13,929 GET /api/auth/me → 401 (0ms)
2026-04-10 19:35:49,274 GET /api/auth/me → 401 (1ms)
2026-04-10 19:35:49,321 GET /api/auth/me → 401 (0ms)
2026-04-10 19:40:45,687 GET /api/auth/me → 401 (0ms)
2026-04-10 19:40:45,697 GET /api/auth/me → 401 (0ms)
2026-04-10 19:40:57,977 GET /api/auth/me → 401 (2ms)
2026-04-10 19:40:57,978 GET /api/auth/me → 401 (0ms)
2026-04-10 23:59:32,375 GET /api/health → 404 (2ms)
2026-04-11 00:00:35,380 GET /api/admin/stats → 401 (0ms)
2026-04-11 00:01:03,842 GET /api/auth/me → 401 (0ms)
2026-04-11 00:01:03,891 GET /api/auth/me → 401 (0ms)
2026-04-11 00:01:05,021 GET /api/auth/me → 401 (1ms)
2026-04-11 00:01:05,072 GET /api/auth/me → 401 (0ms)
2026-04-11 00:01:19,088 GET /api/wallet/transactions → 404 (2ms)
2026-04-11 00:02:06,281 GET /api/kids/status → 404 (1ms)
2026-04-11 00:02:06,692 GET /api/scooter/nearby → 401 (4ms)
2026-04-11 00:02:06,801 GET /api/taxi/drivers/nearby → 404 (1ms)
2026-04-11 05:23:41,023 GET /api/auth/me → 401 (4ms)
2026-04-11 05:23:41,027 GET /api/auth/me → 401 (1ms)
2026-04-11 05:25:08,515 GET /api/auth/me → 401 (0ms)
2026-04-11 05:25:08,516 GET /api/auth/me → 401 (0ms)
2026-04-11 05:25:54,920 POST /api/auth/register → 403 (3ms)
2026-04-11 05:25:55,067 GET /api/wallet/balance → 404 (1ms)
2026-04-11 05:25:55,236 GET /api/wallet/transactions → 404 (1ms)
2026-04-11 05:25:55,858 GET /api/auctions/credits → 404 (1ms)
2026-04-11 05:25:56,232 GET /api/kids/status → 404 (1ms)
2026-04-11 05:25:56,599 GET /api/taxi/drivers/nearby → 404 (1ms)
2026-04-11 05:25:56,829 GET /api/scooter/nearby → 401 (3ms)
2026-04-11 05:25:57,296 POST /api/stripe/checkout → 422 (9ms)
2026-04-11 05:26:07,117 POST /api/stripe/quick-topup → 400 (2ms)
2026-04-11 05:40:32,932 GET /api/wallet/balance → 404 (1ms)
2026-04-11 05:40:33,113 GET /api/wallet/transactions → 404 (1ms)
2026-04-11 05:40:33,726 GET /api/auctions/credits → 404 (1ms)
2026-04-11 05:40:34,216 GET /api/kids/status → 404 (1ms)
2026-04-11 05:40:34,938 GET /api/taxi/drivers/nearby → 404 (1ms)
2026-04-11 05:40:35,161 GET /api/scooter/nearby → 401 (1ms)
2026-04-11 05:40:35,314 POST /api/stripe/checkout → 422 (1ms)
2026-04-11 05:42:17,063 GET /api/auth/me → 401 (0ms)
2026-04-11 05:42:17,064 GET /api/auth/me → 401 (0ms)
2026-04-11 05:46:52,540 GET /api/auctions/credits → 404 (2ms)
2026-04-11 05:47:22,019 GET /api/auth/me → 401 (1ms)
2026-04-11 05:47:22,023 GET /api/auth/me → 401 (3ms)
2026-04-11 05:52:11,250 GET /api/auth/me → 401 (1ms)
2026-04-11 05:52:11,261 GET /api/auth/me → 401 (2ms)
2026-04-11 06:03:32,080 GET /api/health → 404 (2ms)
2026-04-11 06:03:46,225 GET /api/auth/me → 401 (0ms)
2026-04-11 06:03:46,229 GET /api/auth/me → 401 (1ms)
2026-04-11 06:06:47,686 GET /api/referral/my-code → 401 (1ms)
2026-04-11 06:06:47,833 GET /api/referral/daily-status → 401 (0ms)
2026-04-11 06:06:47,948 GET /api/marketplace/categories → 404 (2ms)
2026-04-11 06:06:56,384 GET /api/referral/my-code → 401 (0ms)
2026-04-11 06:06:56,608 GET /api/chat/list → 401 (1ms)
2026-04-11 06:07:11,823 GET /api/referral/my-code → 401 (0ms)
2026-04-11 06:07:11,934 GET /api/referral/daily-status → 401 (0ms)
2026-04-11 06:07:12,044 GET /api/referral/dashboard → 401 (0ms)
2026-04-11 06:07:32,354 GET /api/auth/me → 401 (2ms)
2026-04-11 06:07:32,437 GET /api/auth/me → 401 (0ms)
2026-04-11 06:10:47,273 GET /api/auth/me → 401 (1ms)
2026-04-11 06:10:47,274 GET /api/auth/me → 401 (0ms)
2026-04-11 06:11:30,055 GET /api/auth/me → 401 (0ms)
2026-04-11 06:11:30,101 GET /api/auth/me → 401 (0ms)
2026-04-11 06:11:48,623 GET /api/auth/me → 401 (1ms)
2026-04-11 06:11:48,625 GET /api/auth/me → 401 (1ms)
2026-04-11 06:13:08,648 GET /api/chat/unread-count → 404 (2ms)
2026-04-11 06:13:16,411 GET /api/auth/me → 401 (0ms)
2026-04-11 06:13:16,455 GET /api/auth/me → 401 (0ms)
2026-04-11 06:14:30,034 GET /api/driver/nearby → 404 (2ms)
2026-04-11 06:15:53,206 GET /api/auth/me → 401 (0ms)
2026-04-11 06:15:53,251 GET /api/auth/me → 401 (0ms)
2026-04-11 06:17:20,531 GET /api/auth/me → 401 (0ms)
2026-04-11 06:17:20,534 GET /api/auth/me → 401 (0ms)
2026-04-11 06:22:30,430 GET /api/auth/me → 401 (1ms)
2026-04-11 06:22:30,432 GET /api/auth/me → 401 (3ms)
2026-04-11 06:22:44,087 GET /api/auth/me → 401 (1ms)
2026-04-11 06:22:44,089 GET /api/auth/me → 401 (2ms)
2026-04-11 06:22:46,303 GET /api/auth/me → 401 (0ms)
2026-04-11 06:22:46,656 GET /api/auth/me → 401 (0ms)
2026-04-11 06:24:58,700 GET /api/wallet/balance → 401 (0ms)
2026-04-11 06:24:58,839 GET /api/subscription/my → 401 (1ms)
2026-04-11 06:25:35,331 POST /api/subscription/admin/grant → 400 (2ms)
2026-04-11 06:25:41,363 GET /api/admin/dashboard → 404 (2ms)
2026-04-11 06:26:54,267 GET /api/auth/me → 401 (0ms)
2026-04-11 06:26:54,311 GET /api/auth/me → 401 (0ms)
2026-04-11 06:26:54,989 GET /api/auth/me → 401 (0ms)
2026-04-11 06:26:55,036 GET /api/auth/me → 401 (0ms)
2026-04-11 06:27:05,715 GET /api/auth/me → 401 (0ms)
2026-04-11 06:27:06,359 GET /api/auth/me → 401 (0ms)
2026-04-11 06:27:06,404 GET /api/auth/me → 401 (0ms)
2026-04-11 06:27:20,112 GET /api/auth/me → 401 (0ms)
2026-04-11 06:27:20,209 GET /api/auth/me → 401 (0ms)
2026-04-11 06:27:20,794 GET /api/auth/me → 401 (0ms)
2026-04-11 06:27:20,842 GET /api/auth/me → 401 (0ms)
2026-04-11 06:27:38,622 GET /api/auth/me → 401 (0ms)
2026-04-11 06:27:38,667 GET /api/auth/me → 401 (0ms)
2026-04-11 06:27:39,374 GET /api/auth/me → 401 (0ms)
2026-04-11 06:27:39,419 GET /api/auth/me → 401 (0ms)
2026-04-11 06:28:26,877 GET /api/auth/me → 401 (0ms)
2026-04-11 06:28:26,881 GET /api/auth/me → 401 (0ms)
2026-04-11 06:28:37,103 GET /api/auth/me → 401 (0ms)
2026-04-11 06:28:37,488 GET /api/auth/me → 401 (0ms)
2026-04-11 06:28:37,536 GET /api/auth/me → 401 (0ms)
2026-04-11 06:28:47,182 POST /api/payments/nfc-pay → 400 (36ms)
2026-04-11 06:29:54,129 GET /api/auth/me → 401 (1ms)
2026-04-11 06:29:54,130 GET /api/auth/me → 401 (0ms)
2026-04-11 06:31:02,574 GET /api/auth/me → 401 (0ms)
2026-04-11 06:31:02,965 GET /api/auth/me → 401 (0ms)
2026-04-11 06:31:03,008 GET /api/auth/me → 401 (0ms)
2026-04-11 06:31:19,252 GET /api/auth/me → 401 (0ms)
2026-04-11 06:31:19,606 GET /api/auth/me → 401 (0ms)
2026-04-11 06:31:19,691 GET /api/auth/me → 401 (0ms)
2026-04-11 06:31:36,853 GET /api/auth/me → 401 (0ms)
2026-04-11 06:31:37,253 GET /api/auth/me → 401 (0ms)
2026-04-11 06:31:37,303 GET /api/auth/me → 401 (0ms)
2026-04-11 06:34:40,720 GET /api/auth/me → 401 (0ms)
2026-04-11 06:34:40,776 GET /api/auth/me → 401 (1ms)
2026-04-11 06:34:41,348 GET /api/auth/me → 401 (0ms)
2026-04-11 06:34:41,402 GET /api/auth/me → 401 (0ms)
2026-04-11 06:47:24,652 GET /api/marketplace/boost-options → 404 (2ms)
2026-04-11 06:47:24,795 GET /api/marketplace/categories → 404 (2ms)
2026-04-11 06:47:31,438 GET /api/marketplace/boost-options → 404 (2ms)
2026-04-11 06:47:31,546 GET /api/marketplace/categories → 404 (2ms)
2026-04-11 06:49:18,970 GET /api/stripe/plans → 404 (2ms)
2026-04-11 06:49:19,937 GET /api/growth/dashboard → 404 (2ms)
2026-04-11 06:51:10,522 GET /api/auth/me → 401 (2ms)
2026-04-11 06:51:10,590 GET /api/auth/me → 401 (0ms)
2026-04-11 06:51:32,620 GET /api/auth/me → 401 (0ms)
2026-04-11 06:51:32,627 GET /api/auth/me → 401 (0ms)
2026-04-11 06:51:51,553 GET /api/auth/me → 401 (1ms)
2026-04-11 06:51:51,574 GET /api/auth/me → 401 (21ms)
2026-04-11 06:52:22,529 GET /api/marketplace/favorites → 404 (4ms)
2026-04-11 06:52:22,601 GET /api/marketplace/favorites → 404 (1ms)
2026-04-11 07:00:08,285 GET /api/wallet → 401 (0ms)
2026-04-11 07:00:16,242 GET /api/transactions → 401 (1ms)
2026-04-11 07:00:22,544 GET /api/admin/performance → 401 (1ms)
2026-04-11 07:01:40,180 GET /api/auth/me → 401 (2ms)
2026-04-11 07:01:40,184 GET /api/auth/me → 401 (2ms)
2026-04-11 07:06:48,376 GET /api/auth/me → 401 (2ms)
2026-04-11 07:06:48,381 GET /api/auth/me → 401 (6ms)
2026-04-11 07:09:57,968 POST /api/stripe/checkout → 422 (1ms)
2026-04-11 07:09:58,357 GET /api/rewards-store/list → 404 (2ms)
2026-04-11 07:10:11,670 GET /api/taxi/history → 404 (2ms)
2026-04-11 07:10:11,811 GET /api/scooter/history → 404 (2ms)
2026-04-11 07:10:12,028 GET /api/auctions/active → 404 (3ms)
2026-04-11 07:10:45,738 POST /api/stripe/quick-topup → 400 (2ms)
2026-04-11 07:10:46,021 GET /api/subscription/status → 404 (2ms)
2026-04-11 07:11:19,272 GET /api/taxi/history → 404 (2ms)
2026-04-11 07:11:19,387 GET /api/scooter/history → 404 (2ms)
2026-04-11 07:11:19,854 GET /api/auctions/active → 404 (1ms)
2026-04-11 07:11:20,178 GET /api/subscription/status → 404 (2ms)
2026-04-11 07:11:44,405 GET /api/stripe/checkout/status/test123 → 404 (9ms)
2026-04-11 07:12:47,710 GET /api/scooter/pricing → 404 (3ms)
2026-04-11 07:12:47,711 GET /api/scooter/pricing → 404 (3ms)
2026-04-11 07:12:47,714 GET /api/scooter/active → 404 (2ms)
2026-04-11 07:12:47,721 GET /api/scooter/active → 404 (1ms)
2026-04-11 07:12:49,087 GET /api/auth/me → 401 (1ms)
2026-04-11 07:12:49,089 GET /api/auth/me → 401 (0ms)
2026-04-11 07:12:53,506 GET /api/scooter/pricing → 404 (5ms)
2026-04-11 07:12:53,509 GET /api/scooter/active → 404 (5ms)
2026-04-11 07:12:53,510 GET /api/scooter/pricing → 404 (3ms)
2026-04-11 07:12:53,514 GET /api/scooter/active → 404 (1ms)
2026-04-11 07:13:12,402 GET /api/auth/me → 401 (2ms)
2026-04-11 07:13:12,403 GET /api/auth/me → 401 (2ms)
2026-04-11 07:13:24,494 GET /api/taxi/active → 404 (2ms)
2026-04-11 07:13:24,497 GET /api/taxi/active → 404 (2ms)
2026-04-11 07:13:30,744 GET /api/taxi/history → 404 (2ms)
2026-04-11 07:14:30,387 GET /api/auth/me → 401 (3ms)
2026-04-11 07:14:30,390 GET /api/auth/me → 401 (0ms)
2026-04-11 07:17:14,473 GET /api/auth/me → 401 (0ms)
2026-04-11 07:17:14,534 GET /api/auth/me → 401 (0ms)
2026-04-11 07:17:29,010 GET /api/auth/me → 401 (0ms)
2026-04-11 07:17:29,065 GET /api/auth/me → 401 (0ms)
2026-04-11 07:18:02,605 GET /api/auth/me → 401 (0ms)
2026-04-11 07:18:02,650 GET /api/auth/me → 401 (0ms)
2026-04-11 07:18:15,736 POST /api/taxi/estimate → 422 (1ms)
2026-04-11 07:24:09,625 GET /api/kids/dashboard → 404 (2ms)
2026-04-11 07:26:45,913 POST /api/stripe/checkout → 422 (1ms)
2026-04-11 07:26:46,601 GET /api/auctions/active → 404 (1ms)
2026-04-11 07:26:52,618 POST /api/stripe/checkout → 422 (1ms)
2026-04-11 07:26:58,280 POST /api/stripe/quick-topup → 400 (2ms)
2026-04-11 07:27:04,958 POST /api/stripe/checkout → 400 (2ms)
2026-04-11 07:27:25,795 POST /api/taxi/estimate → 422 (1ms)
2026-04-11 07:27:26,379 GET /api/subscription/status → 404 (2ms)
2026-04-11 07:28:03,624 POST /api/marketplace/create → 422 (2ms)
2026-04-11 07:28:04,437 GET /api/auctions/active → 404 (1ms)
2026-04-11 07:28:04,653 GET /api/mining/shop → 404 (2ms)
2026-04-11 07:28:04,869 GET /api/pos/fees → 404 (2ms)
2026-04-11 07:28:12,429 GET /api/auctions/active → 404 (1ms)
2026-04-11 07:28:12,539 GET /api/mining/shop → 404 (2ms)
2026-04-11 07:28:12,657 GET /api/pos/fees → 404 (2ms)
2026-04-11 07:28:22,111 GET /api/auctions/list → 404 (1ms)
2026-04-11 07:28:22,340 GET /api/pos/fee-rates → 404 (2ms)
2026-04-11 07:35:48,634 GET /api/auth/me → 401 (1ms)
2026-04-11 07:35:48,693 GET /api/auth/me → 401 (0ms)
2026-04-11 07:35:50,452 GET /api/auth/me → 401 (0ms)
2026-04-11 07:35:50,458 GET /api/auth/me → 401 (0ms)
2026-04-11 07:38:44,902 GET /api/auth/me → 401 (1ms)
2026-04-11 07:38:44,907 GET /api/auth/me → 401 (3ms)
2026-04-11 07:41:33,568 GET /api/auth/me → 401 (0ms)
2026-04-11 07:41:33,571 GET /api/auth/me → 401 (1ms)
2026-04-11 07:41:40,951 GET /api/auth/me → 401 (1ms)
2026-04-11 07:41:40,951 GET /api/auth/me → 401 (1ms)
2026-04-11 07:41:42,487 GET /api/auth/me → 401 (0ms)
2026-04-11 07:41:42,487 GET /api/auth/me → 401 (1ms)
2026-04-11 07:41:44,661 GET /api/auth/me → 401 (1ms)
2026-04-11 07:41:44,662 GET /api/auth/me → 401 (1ms)
2026-04-11 07:46:44,453 GET /api/auth/me → 401 (1ms)
2026-04-11 07:46:44,474 GET /api/auth/me → 401 (16ms)
2026-04-11 07:47:01,508 GET /api/auth/me → 401 (0ms)
2026-04-11 07:47:01,511 GET /api/auth/me → 401 (0ms)
2026-04-11 07:47:02,821 GET /api/auth/me → 401 (1ms)
2026-04-11 07:47:02,822 GET /api/auth/me → 401 (0ms)
2026-04-11 07:47:20,185 GET /api/payments/my-barcode → 401 (1ms)
2026-04-11 07:47:37,004 GET /api/scooter/pricing → 404 (2ms)
2026-04-11 07:47:37,016 GET /api/scooter/active → 404 (4ms)
2026-04-11 07:47:37,016 GET /api/scooter/active → 404 (2ms)
2026-04-11 07:47:37,018 GET /api/scooter/pricing → 404 (2ms)
2026-04-11 07:47:44,716 GET /api/auth/me → 401 (0ms)
2026-04-11 07:47:44,758 GET /api/auth/me → 401 (0ms)
2026-04-11 07:47:49,615 GET /api/taxi/active → 404 (2ms)
2026-04-11 07:47:49,617 GET /api/taxi/active → 404 (2ms)
2026-04-11 07:48:18,413 GET /api/auth/me → 401 (2ms)
2026-04-11 07:48:18,414 GET /api/auth/me → 401 (0ms)
2026-04-11 07:56:16,308 GET /api/auth/me → 401 (2ms)
2026-04-11 07:56:16,311 GET /api/auth/me → 401 (0ms)
2026-04-11 07:59:12,851 GET /api/taxi/active → 404 (2ms)
2026-04-11 07:59:12,856 GET /api/taxi/active → 404 (2ms)
2026-04-11 08:00:04,425 GET /api/auth/me → 401 (0ms)
2026-04-11 08:00:04,475 GET /api/auth/me → 401 (0ms)
2026-04-11 08:00:07,265 GET /api/auth/me → 401 (2ms)
2026-04-11 08:00:07,310 GET /api/auth/me → 401 (0ms)
2026-04-11 08:04:07,227 GET /api/auth/me → 401 (2ms)
2026-04-11 08:04:07,228 GET /api/auth/me → 401 (2ms)
2026-04-11 08:08:25,392 GET /api/auth/me → 401 (1ms)
2026-04-11 08:08:25,397 GET /api/auth/me → 401 (3ms)
2026-04-11 08:08:34,273 GET /api/auth/me → 401 (0ms)
2026-04-11 08:08:34,274 GET /api/auth/me → 401 (0ms)
2026-04-11 08:08:34,516 GET /api/auth/me → 401 (0ms)
2026-04-11 08:08:34,517 GET /api/auth/me → 401 (0ms)
2026-04-11 08:08:35,166 GET /api/auth/me → 401 (0ms)
2026-04-11 08:08:35,167 GET /api/auth/me → 401 (0ms)
2026-04-11 08:08:35,177 GET /api/auth/me → 401 (2ms)
2026-04-11 08:08:35,178 GET /api/auth/me → 401 (0ms)
2026-04-11 08:08:51,507 GET /api/auth/me → 401 (0ms)
2026-04-11 08:08:51,508 GET /api/auth/me → 401 (0ms)
2026-04-11 08:08:51,510 GET /api/auth/me → 401 (0ms)
2026-04-11 08:08:51,515 GET /api/auth/me → 401 (0ms)
2026-04-11 08:09:37,210 GET /api/auth/me → 401 (0ms)
2026-04-11 08:09:37,258 GET /api/auth/me → 401 (0ms)
2026-04-11 08:09:38,093 GET /api/auth/me → 401 (0ms)
2026-04-11 08:09:38,137 GET /api/auth/me → 401 (0ms)
2026-04-11 08:09:45,023 GET /api/auth/me → 401 (1ms)
2026-04-11 08:09:45,025 GET /api/auth/me → 401 (2ms)
2026-04-11 08:09:53,555 GET /api/auth/me → 401 (0ms)
2026-04-11 08:09:53,607 GET /api/auth/me → 401 (0ms)
2026-04-11 08:09:53,958 GET /api/auth/me → 401 (0ms)
2026-04-11 08:09:54,010 GET /api/auth/me → 401 (0ms)
2026-04-11 08:10:14,969 GET /api/auth/me → 401 (2ms)
2026-04-11 08:10:14,971 GET /api/auth/me → 401 (1ms)
2026-04-11 08:10:40,544 GET /api/auth/me → 401 (0ms)
2026-04-11 08:10:40,590 GET /api/auth/me → 401 (0ms)
2026-04-11 08:10:41,157 GET /api/auth/me → 401 (0ms)
2026-04-11 08:10:41,204 GET /api/auth/me → 401 (0ms)
2026-04-11 08:11:05,417 GET /api/auth/me → 401 (0ms)
2026-04-11 08:11:05,465 GET /api/auth/me → 401 (0ms)
2026-04-11 08:11:05,809 GET /api/auth/me → 401 (0ms)
2026-04-11 08:11:05,896 GET /api/auth/me → 401 (0ms)
2026-04-11 08:11:37,576 GET /api/auth/me → 401 (1ms)
2026-04-11 08:11:37,967 GET /api/auth/me → 401 (0ms)
2026-04-11 08:11:38,053 GET /api/auth/me → 401 (0ms)
2026-04-11 08:12:19,599 GET /api/scooter/active → 404 (5ms)
2026-04-11 08:12:19,602 GET /api/scooter/pricing → 404 (6ms)
2026-04-11 08:12:19,604 GET /api/scooter/active → 404 (5ms)
2026-04-11 08:12:19,604 GET /api/scooter/pricing → 404 (2ms)
2026-04-11 08:12:23,297 GET /api/taxi/active → 404 (3ms)
2026-04-11 08:12:23,299 GET /api/taxi/active → 404 (2ms)
2026-04-11 08:12:35,372 GET /api/auth/me → 401 (0ms)
2026-04-11 08:12:35,423 GET /api/auth/me → 401 (0ms)
2026-04-11 08:12:36,551 GET /api/auth/me → 401 (0ms)
2026-04-11 08:12:36,598 GET /api/auth/me → 401 (0ms)
2026-04-11 08:12:48,657 GET /api/taxi/history → 404 (2ms)
2026-04-11 08:19:09,161 GET /api/auth/me → 401 (0ms)
2026-04-11 08:19:09,167 GET /api/auth/me → 401 (2ms)
2026-04-11 08:21:43,562 GET /api/auth/me → 401 (1ms)
2026-04-11 08:21:43,564 GET /api/auth/me → 401 (2ms)
2026-04-11 08:21:57,840 GET /api/auth/me → 401 (1ms)
2026-04-11 08:21:57,842 GET /api/auth/me → 401 (1ms)
2026-04-11 08:22:33,581 GET /api/auth/me → 401 (0ms)
2026-04-11 08:22:33,667 GET /api/auth/me → 401 (0ms)
2026-04-11 08:22:34,027 GET /api/auth/me → 401 (0ms)
2026-04-11 08:22:34,078 GET /api/auth/me → 401 (0ms)
2026-04-11 08:23:00,014 GET /api/auth/me → 401 (0ms)
2026-04-11 08:23:00,675 GET /api/auth/me → 401 (0ms)
2026-04-11 08:23:00,724 GET /api/auth/me → 401 (0ms)
2026-04-11 08:23:30,155 POST /api/wallet/admin/send → 401 (1ms)
2026-04-11 08:23:52,949 GET /api/auth/me → 401 (1ms)
2026-04-11 08:23:52,949 GET /api/auth/me → 401 (1ms)
2026-04-11 08:26:04,032 GET /api/auth/me → 401 (0ms)
2026-04-11 08:26:04,077 GET /api/auth/me → 401 (0ms)
2026-04-11 08:26:04,964 GET /api/auth/me → 401 (1ms)
2026-04-11 08:26:05,012 GET /api/auth/me → 401 (0ms)
2026-04-11 08:26:28,276 GET /api/auth/me → 401 (1ms)
2026-04-11 08:26:28,936 GET /api/auth/me → 401 (0ms)
2026-04-11 08:26:28,989 GET /api/auth/me → 401 (0ms)
2026-04-11 08:26:31,766 GET /api/auth/me → 401 (2ms)
2026-04-11 08:26:31,771 GET /api/auth/me → 401 (1ms)
2026-04-11 08:27:33,812 GET /api/auth/me → 401 (1ms)
2026-04-11 08:27:33,816 GET /api/auth/me → 401 (1ms)
2026-04-11 08:29:11,500 GET /api/auth/me → 401 (0ms)
2026-04-11 08:29:11,602 GET /api/auth/me → 401 (0ms)
2026-04-11 08:29:13,261 GET /api/auth/me → 401 (0ms)
2026-04-11 08:29:13,310 GET /api/auth/me → 401 (0ms)
2026-04-11 08:33:01,822 GET /api/taxi/active → 404 (2ms)
2026-04-11 08:33:01,829 GET /api/taxi/active → 404 (3ms)
2026-04-11 08:34:19,522 GET /api/auth/me → 401 (0ms)
2026-04-11 08:34:19,525 GET /api/auth/me → 401 (0ms)
2026-04-11 08:34:53,572 GET /api/auth/me → 401 (0ms)
2026-04-11 08:34:53,621 GET /api/auth/me → 401 (0ms)
2026-04-11 08:34:54,425 GET /api/auth/me → 401 (0ms)
2026-04-11 08:34:54,471 GET /api/auth/me → 401 (0ms)
2026-04-11 08:35:23,895 GET /api/auth/me → 401 (0ms)
2026-04-11 08:35:23,945 GET /api/auth/me → 401 (0ms)
2026-04-11 08:35:24,637 GET /api/auth/me → 401 (0ms)
2026-04-11 08:35:24,689 GET /api/auth/me → 401 (0ms)
2026-04-11 08:35:49,374 GET /api/auth/me → 401 (0ms)
2026-04-11 08:35:50,034 GET /api/auth/me → 401 (0ms)
2026-04-11 08:35:50,081 GET /api/auth/me → 401 (0ms)
2026-04-11 08:36:15,776 GET /api/auth/me → 401 (0ms)
2026-04-11 08:36:15,820 GET /api/auth/me → 401 (0ms)
2026-04-11 08:36:16,522 GET /api/auth/me → 401 (0ms)
2026-04-11 08:36:16,569 GET /api/auth/me → 401 (0ms)
2026-04-11 08:36:47,980 GET /api/auth/me → 401 (0ms)
2026-04-11 08:36:48,353 GET /api/auth/me → 401 (0ms)
2026-04-11 08:36:48,405 GET /api/auth/me → 401 (0ms)
2026-04-11 08:37:23,918 GET /api/auth/me → 401 (0ms)
2026-04-11 08:37:24,539 GET /api/auth/me → 401 (0ms)
2026-04-11 08:37:24,584 GET /api/auth/me → 401 (0ms)
2026-04-11 08:38:09,445 GET /api/auth/me → 401 (0ms)
2026-04-11 08:38:09,507 GET /api/auth/me → 401 (0ms)
2026-04-11 08:38:09,942 GET /api/auth/me → 401 (0ms)
2026-04-11 08:38:09,983 GET /api/auth/me → 401 (0ms)
2026-04-11 08:38:42,387 GET /api/auth/me → 401 (0ms)
2026-04-11 08:38:42,444 GET /api/auth/me → 401 (0ms)
2026-04-11 08:38:43,058 GET /api/auth/me → 401 (0ms)
2026-04-11 08:38:43,101 GET /api/auth/me → 401 (0ms)
2026-04-11 08:43:00,451 GET /api/auth/me → 401 (1ms)
2026-04-11 08:43:00,452 GET /api/auth/me → 401 (1ms)
2026-04-11 08:46:20,100 GET /api/auth/me → 401 (1ms)
2026-04-11 08:46:20,101 GET /api/auth/me → 401 (1ms)
2026-04-11 08:47:34,882 GET /api/auctions/user/notifications → 401 (0ms)
2026-04-11 08:47:40,987 GET /api/auctions/user/notifications → 401 (1ms)
2026-04-11 08:47:46,999 GET /api/auctions/user/notifications → 401 (1ms)
2026-04-11 08:47:52,884 GET /api/auctions/user/notifications → 401 (1ms)
2026-04-11 08:47:57,894 GET /api/auctions/user/notifications → 401 (1ms)
2026-04-11 08:48:04,630 GET /api/auth/me → 401 (0ms)
2026-04-11 08:48:04,635 GET /api/auth/me → 401 (1ms)
2026-04-11 08:48:15,762 POST /api/auth/register → 403 (6ms)
2026-04-11 08:48:37,521 POST /api/stripe/checkout → 422 (2ms)
2026-04-11 08:48:44,233 POST /api/stripe/quick-topup → 400 (2ms)
2026-04-11 08:49:05,098 GET /api/auth/me → 401 (0ms)
2026-04-11 08:49:05,100 GET /api/auth/me → 401 (0ms)
2026-04-11 08:49:14,665 GET /api/marketplace/listings → 404 (2ms)
2026-04-11 08:49:21,357 GET /api/marketplace → 404 (2ms)
2026-04-11 08:49:40,280 GET /api/rewards/daily-status → 404 (2ms)
2026-04-11 08:49:56,406 GET /api/merchant/profile → 404 (2ms)
2026-04-11 08:49:56,534 POST /api/merchant/create-payment → 404 (2ms)
2026-04-11 08:53:44,792 GET /api/loyalty/daily-reward/check → 404 (2ms)
2026-04-11 08:53:44,902 GET /api/payments/fee-structure → 404 (2ms)
2026-04-11 08:53:55,330 GET /api/loyalty/status → 401 (1ms)
2026-04-11 08:57:19,769 GET /api/auth/me → 401 (0ms)
2026-04-11 08:57:19,859 GET /api/auth/me → 401 (0ms)
2026-04-11 08:57:20,309 GET /api/auth/me → 401 (0ms)
2026-04-11 08:57:20,355 GET /api/auth/me → 401 (0ms)
2026-04-11 08:57:40,025 GET /api/auth/me → 401 (0ms)
2026-04-11 08:57:40,429 GET /api/auth/me → 401 (0ms)
2026-04-11 08:57:40,518 GET /api/auth/me → 401 (0ms)
2026-04-11 08:57:52,122 GET /api/auth/me → 401 (0ms)
2026-04-11 08:57:52,167 GET /api/auth/me → 401 (0ms)
2026-04-11 08:57:52,778 GET /api/auth/me → 401 (0ms)
2026-04-11 08:57:52,822 GET /api/auth/me → 401 (0ms)
2026-04-11 08:59:21,887 GET /api/auth/me → 401 (0ms)
2026-04-11 08:59:21,890 GET /api/auth/me → 401 (0ms)
2026-04-11 08:59:23,131 GET /api/auth/me → 401 (2ms)
2026-04-11 08:59:23,134 GET /api/auth/me → 401 (1ms)
2026-04-11 09:00:18,288 POST /api/auctions/admin/auction/schedule-batch → 405 (1ms)
2026-04-11 09:00:30,228 POST /api/auctions/admin/auction/bulk-schedule → 401 (2ms)
2026-04-11 09:01:34,543 GET /api/auth/me → 401 (0ms)
2026-04-11 09:01:34,545 GET /api/auth/me → 401 (0ms)
2026-04-11 09:02:36,440 GET /api/p2p/profile → 401 (1ms)
2026-04-11 09:04:02,173 GET /api/auth/me → 401 (0ms)
2026-04-11 09:04:02,177 GET /api/auth/me → 401 (0ms)
2026-04-11 09:04:23,879 GET /api/auth/me → 401 (0ms)
2026-04-11 09:04:23,891 GET /api/auth/me → 401 (0ms)
2026-04-11 09:07:51,376 GET /api/auth/me → 401 (0ms)
2026-04-11 09:07:51,461 GET /api/auth/me → 401 (0ms)
2026-04-11 09:07:51,825 GET /api/auth/me → 401 (0ms)
2026-04-11 09:07:51,869 GET /api/auth/me → 401 (0ms)
2026-04-11 09:08:10,197 GET /api/auth/me → 401 (0ms)
2026-04-11 09:08:10,612 GET /api/auth/me → 401 (0ms)
2026-04-11 09:08:10,657 GET /api/auth/me → 401 (0ms)
2026-04-11 09:10:17,230 GET /api/auth/me → 401 (0ms)
2026-04-11 09:10:17,293 GET /api/auth/me → 401 (0ms)
2026-04-11 09:16:47,755 GET /api/auth/me → 401 (1ms)
2026-04-11 09:16:47,756 GET /api/auth/me → 401 (2ms)
2026-04-11 09:23:39,380 GET /api/taxi/active → 404 (6ms)
2026-04-11 09:23:39,381 GET /api/taxi/active → 404 (6ms)
2026-04-11 09:29:54,252 GET /api/wallet/balance → 401 (0ms)
2026-04-11 09:36:06,636 GET /api/auth/me → 401 (1ms)
2026-04-11 09:36:06,637 GET /api/auth/me → 401 (1ms)
2026-04-11 09:39:34,111 GET /api/health → 404 (2ms)
2026-04-11 09:39:38,291 GET /api/wallet/balance → 401 (0ms)
2026-04-11 09:39:49,221 GET /api/auth/me → 401 (0ms)
2026-04-11 09:39:49,268 GET /api/auth/me → 401 (0ms)
2026-04-11 09:39:49,943 GET /api/auth/me → 401 (0ms)
2026-04-11 09:39:49,986 GET /api/auth/me → 401 (0ms)
2026-04-11 09:40:03,380 GET /api/auth/me → 401 (0ms)
2026-04-11 09:40:03,493 GET /api/auth/me → 401 (0ms)
2026-04-11 09:40:03,837 GET /api/auth/me → 401 (0ms)
2026-04-11 09:40:03,886 GET /api/auth/me → 401 (0ms)
2026-04-11 09:40:55,062 GET /api/auth/me → 401 (0ms)
2026-04-11 09:40:55,449 GET /api/auth/me → 401 (0ms)
2026-04-11 09:40:55,500 GET /api/auth/me → 401 (0ms)
2026-04-11 09:41:17,018 GET /api/auth/me → 401 (0ms)
2026-04-11 09:41:17,380 GET /api/auth/me → 401 (0ms)
2026-04-11 09:41:17,426 GET /api/auth/me → 401 (0ms)
2026-04-11 09:41:39,686 GET /api/auth/me → 401 (0ms)
2026-04-11 09:41:39,731 GET /api/auth/me → 401 (0ms)
2026-04-11 09:41:40,074 GET /api/auth/me → 401 (0ms)
2026-04-11 09:41:40,119 GET /api/auth/me → 401 (0ms)
2026-04-11 09:42:02,678 GET /api/auth/me → 401 (0ms)
2026-04-11 09:42:03,035 GET /api/auth/me → 401 (0ms)
2026-04-11 09:42:03,079 GET /api/auth/me → 401 (0ms)
2026-04-11 09:42:21,463 GET /api/auth/me → 401 (0ms)
2026-04-11 09:42:21,842 GET /api/auth/me → 401 (0ms)
2026-04-11 09:42:21,889 GET /api/auth/me → 401 (0ms)
2026-04-11 09:43:00,966 GET /api/auth/me → 401 (0ms)
2026-04-11 09:43:01,355 GET /api/auth/me → 401 (0ms)
2026-04-11 09:43:01,403 GET /api/auth/me → 401 (0ms)
2026-04-11 09:43:25,350 GET /api/auth/me → 401 (0ms)
2026-04-11 09:43:25,748 GET /api/auth/me → 401 (0ms)
2026-04-11 09:43:25,847 GET /api/auth/me → 401 (0ms)
2026-04-11 09:48:16,733 GET /api/referral/my-code → 401 (0ms)
2026-04-11 09:48:23,528 GET /api/referral/my-code → 401 (0ms)
2026-04-11 09:56:02,813 GET /api/auth/me → 401 (0ms)
2026-04-11 09:56:02,861 GET /api/auth/me → 401 (0ms)
2026-04-11 09:56:03,292 GET /api/auth/me → 401 (0ms)
2026-04-11 09:56:03,337 GET /api/auth/me → 401 (0ms)
2026-04-11 09:56:21,531 GET /api/auth/me → 401 (0ms)
2026-04-11 09:56:21,575 GET /api/auth/me → 401 (0ms)
2026-04-11 09:56:21,917 GET /api/auth/me → 401 (0ms)
2026-04-11 09:56:21,960 GET /api/auth/me → 401 (0ms)
2026-04-11 09:56:28,922 GET /api/credit/my-score → 404 (2ms)
2026-04-11 09:56:28,966 GET /api/credit/my-score → 404 (2ms)
2026-04-11 10:14:54,323 GET /api/auth/me → 401 (0ms)
2026-04-11 10:14:54,395 GET /api/auth/me → 401 (0ms)
2026-04-11 10:14:54,891 GET /api/auth/me → 401 (0ms)
2026-04-11 10:14:54,935 GET /api/auth/me → 401 (0ms)
2026-04-11 10:15:19,542 GET /api/auth/me → 401 (0ms)
2026-04-11 10:15:19,962 GET /api/auth/me → 401 (0ms)
2026-04-11 10:15:20,015 GET /api/auth/me → 401 (0ms)
2026-04-11 10:16:08,866 GET /api/auth/me → 401 (0ms)
2026-04-11 10:16:09,307 GET /api/auth/me → 401 (0ms)
2026-04-11 10:16:09,395 GET /api/auth/me → 401 (0ms)
2026-04-11 10:16:33,176 GET /api/auth/me → 401 (2ms)
2026-04-11 10:16:33,576 GET /api/auth/me → 401 (0ms)
2026-04-11 10:16:33,621 GET /api/auth/me → 401 (0ms)
2026-04-11 10:35:43,844 GET /api/auth/me → 401 (0ms)
2026-04-11 10:35:43,845 GET /api/auth/me → 401 (0ms)
2026-04-11 12:16:03,397 GET /api/gaming/profile → 401 (2ms)
2026-04-11 12:17:07,314 GET /api/auth/me → 401 (0ms)
2026-04-11 12:17:08,041 GET /api/auth/me → 401 (0ms)
2026-04-11 12:17:08,094 GET /api/auth/me → 401 (0ms)
2026-04-11 12:17:24,699 GET /api/auth/me → 401 (0ms)
2026-04-11 12:17:24,788 GET /api/auth/me → 401 (0ms)
2026-04-11 12:17:41,086 GET /api/auth/me → 401 (0ms)
2026-04-11 12:17:41,176 GET /api/auth/me → 401 (0ms)
2026-04-11 12:18:26,822 GET /api/auth/me → 401 (0ms)
2026-04-11 12:18:26,874 GET /api/auth/me → 401 (0ms)
2026-04-11 12:19:52,244 GET /api/auth/me → 401 (0ms)
2026-04-11 12:19:52,296 GET /api/auth/me → 401 (0ms)
2026-04-11 12:20:16,717 GET /api/auth/me → 401 (0ms)
2026-04-11 12:20:16,774 GET /api/auth/me → 401 (0ms)
2026-04-11 12:21:05,442 GET /api/auth/me → 401 (0ms)
2026-04-11 12:21:05,500 GET /api/auth/me → 401 (0ms)
2026-04-11 12:21:32,843 GET /api/auth/me → 401 (0ms)
2026-04-11 12:21:32,915 GET /api/auth/me → 401 (0ms)
2026-04-11 12:22:01,113 GET /api/auth/me → 401 (2ms)
2026-04-11 12:22:01,188 GET /api/auth/me → 401 (0ms)
2026-04-11 12:22:26,338 GET /api/auth/me → 401 (0ms)
2026-04-11 12:22:26,410 GET /api/auth/me → 401 (0ms)
2026-04-11 15:45:37,426 GET /api/auth/me → 401 (2ms)
2026-04-11 15:45:37,487 GET /api/auth/me → 401 (0ms)
2026-04-11 15:45:37,792 GET /api/auth/me → 401 (1ms)
2026-04-11 15:45:37,792 GET /api/auth/me → 401 (1ms)
2026-04-11 15:45:50,993 GET /api/scooter/pricing → 404 (2ms)
2026-04-11 15:45:50,993 GET /api/scooter/active → 404 (5ms)
2026-04-11 15:45:50,999 GET /api/scooter/pricing → 404 (3ms)
2026-04-11 15:45:51,062 GET /api/scooter/active → 404 (2ms)
2026-04-11 15:46:56,231 GET /api/scooter/pricing → 404 (6ms)
2026-04-11 15:46:56,238 GET /api/scooter/active → 404 (7ms)
2026-04-11 15:46:56,239 GET /api/scooter/pricing → 404 (5ms)
2026-04-11 15:46:56,239 GET /api/scooter/active → 404 (3ms)
2026-04-11 15:49:21,993 GET /api/auth/me → 401 (0ms)
2026-04-11 15:49:22,069 GET /api/auth/me → 401 (0ms)
2026-04-11 15:49:28,879 GET /api/scooter/pricing → 404 (2ms)
2026-04-11 15:49:28,921 GET /api/scooter/active → 404 (5ms)
2026-04-11 15:49:28,947 GET /api/scooter/pricing → 404 (2ms)
2026-04-11 15:49:28,975 GET /api/scooter/active → 404 (2ms)
2026-04-11 15:50:04,076 GET /api/auth/me → 401 (0ms)
2026-04-11 15:50:04,077 GET /api/auth/me → 401 (0ms)
2026-04-11 15:50:21,403 GET /api/scooter/active → 404 (2ms)
2026-04-11 15:50:21,411 GET /api/scooter/pricing → 404 (6ms)
2026-04-11 15:50:21,411 GET /api/scooter/pricing → 404 (4ms)
2026-04-11 15:50:21,411 GET /api/scooter/active → 404 (2ms)
2026-04-11 15:52:31,844 GET /api/auth/me → 401 (0ms)
2026-04-11 15:52:31,916 GET /api/auth/me → 401 (0ms)
2026-04-11 15:53:25,057 GET /api/auth/me → 401 (0ms)
2026-04-11 15:53:25,110 GET /api/auth/me → 401 (0ms)
2026-04-11 17:08:55,737 GET /api/auth/me → 401 (3ms)
2026-04-11 17:08:55,796 GET /api/auth/me → 401 (0ms)
2026-04-11 17:24:54,300 GET /api/auth/me → 401 (0ms)
2026-04-11 17:24:54,395 GET /api/auth/me → 401 (0ms)
2026-04-11 17:25:49,472 GET /api/auth/me → 401 (0ms)
2026-04-11 17:25:49,519 GET /api/auth/me → 401 (0ms)
2026-04-11 17:26:04,393 GET /api/auth/me → 401 (0ms)
2026-04-11 17:26:04,447 GET /api/auth/me → 401 (0ms)
2026-04-11 17:28:10,624 POST /api/car-rental/bookings → 400 (5ms)
2026-04-11 17:28:32,145 POST /api/car-rental/vendor/bookings/BK-27F6B341FF977B42/approve → 400 (5ms)
2026-04-11 17:28:42,329 POST /api/car-rental/bookings/BK-27F6B341FF977B42/pay → 400 (20ms)
2026-04-11 17:28:42,464 POST /api/car-rental/vendor/bookings/BK-27F6B341FF977B42/approve → 400 (4ms)
2026-04-11 17:28:50,225 POST /api/admin/wallet/credit → 404 (3ms)
2026-04-11 17:28:50,355 POST /api/car-rental/bookings/BK-27F6B341FF977B42/pay → 400 (5ms)
2026-04-11 17:45:45,238 GET /api/auth/me → 401 (0ms)
2026-04-11 17:45:45,290 GET /api/auth/me → 401 (0ms)
2026-04-11 17:46:33,655 GET /api/auth/me → 401 (0ms)
2026-04-11 17:46:33,753 GET /api/auth/me → 401 (0ms)
2026-04-11 17:47:21,173 GET /api/auth/me → 401 (0ms)
2026-04-11 17:47:21,225 GET /api/auth/me → 401 (0ms)
2026-04-11 17:47:44,183 GET /api/auth/me → 401 (0ms)
2026-04-11 17:47:44,232 GET /api/auth/me → 401 (0ms)
2026-04-11 17:48:06,644 GET /api/auth/me → 401 (2ms)
2026-04-11 17:48:06,704 GET /api/auth/me → 401 (0ms)
2026-04-11 17:48:49,046 GET /api/auth/me → 401 (0ms)
2026-04-11 17:48:49,097 GET /api/auth/me → 401 (0ms)
2026-04-11 17:49:14,463 GET /api/auth/me → 401 (0ms)
2026-04-11 17:49:14,517 GET /api/auth/me → 401 (0ms)
2026-04-11 17:49:43,551 GET /api/auth/me → 401 (0ms)
2026-04-11 17:49:43,601 GET /api/auth/me → 401 (0ms)
2026-04-11 17:50:22,699 GET /api/auth/me → 401 (0ms)
2026-04-11 17:50:22,754 GET /api/auth/me → 401 (0ms)
2026-04-11 17:50:56,508 GET /api/auth/me → 401 (0ms)
2026-04-11 17:50:56,562 GET /api/auth/me → 401 (0ms)
2026-04-11 17:51:25,959 GET /api/auth/me → 401 (0ms)
2026-04-11 17:51:26,010 GET /api/auth/me → 401 (0ms)
2026-04-11 17:52:02,191 GET /api/car-rental/my-bookings → 401 (2ms)
2026-04-11 17:52:02,354 GET /api/car-rental/vendor/cars → 401 (2ms)
2026-04-11 17:52:02,472 GET /api/car-rental/vendor/bookings → 401 (2ms)
2026-04-11 17:52:24,075 GET /api/car-rental/admin/overview → 401 (2ms)
2026-04-11 17:52:30,481 GET /api/car-rental/admin/overview → 401 (2ms)
2026-04-11 19:37:55,366 GET /api/auth/me → 401 (1ms)
2026-04-11 19:37:55,373 GET /api/auth/me → 401 (4ms)
2026-04-11 19:39:25,142 GET /api/scooter/pricing → 404 (2ms)
2026-04-11 19:39:25,206 GET /api/scooter/active → 404 (2ms)
2026-04-11 19:39:25,212 GET /api/scooter/active → 404 (4ms)
2026-04-11 19:39:25,213 GET /api/scooter/pricing → 404 (3ms)
2026-04-11 19:39:55,978 GET /api/car-rental/vendor/profile → 404 (5ms)
2026-04-11 19:39:55,983 GET /api/car-rental/vendor/profile → 404 (3ms)
2026-04-11 19:40:37,353 GET /api/car-rental/vendor/profile → 404 (7ms)
2026-04-11 19:40:37,354 GET /api/car-rental/vendor/profile → 404 (4ms)
2026-04-11 19:40:51,618 GET /api/car-rental/vendor/cars → 404 (5ms)
2026-04-11 19:40:51,619 GET /api/car-rental/vendor/cars → 404 (3ms)
2026-04-11 19:41:20,564 GET /api/car-rental/vendor/profile → 404 (5ms)
2026-04-11 19:41:20,565 GET /api/car-rental/vendor/profile → 404 (3ms)
2026-04-11 19:41:52,561 GET /api/car-rental/vendor/payouts → 404 (7ms)
2026-04-11 19:41:52,562 GET /api/car-rental/vendor/payouts → 404 (6ms)
2026-04-11 19:41:52,562 GET /api/car-rental/vendor/dashboard → 404 (4ms)
2026-04-11 19:41:52,565 GET /api/car-rental/vendor/dashboard → 404 (3ms)
2026-04-11 19:41:55,644 GET /api/car-rental/vendor/profile → 404 (5ms)
2026-04-11 19:41:55,644 GET /api/car-rental/vendor/profile → 404 (3ms)
2026-04-11 19:42:00,480 GET /api/car-rental/vendor/bookings → 404 (3ms)
2026-04-11 19:42:00,485 GET /api/car-rental/vendor/bookings → 404 (3ms)
2026-04-11 19:42:05,715 GET /api/car-rental/vendor/bookings → 404 (3ms)
2026-04-11 19:42:07,599 GET /api/car-rental/vendor/bookings → 404 (6ms)
2026-04-11 19:42:12,433 GET /api/car-rental/vendor/profile → 404 (5ms)
2026-04-11 19:42:12,435 GET /api/car-rental/vendor/profile → 404 (4ms)
2026-04-11 19:43:08,990 GET /api/auth/me → 401 (0ms)
2026-04-11 19:43:08,997 GET /api/auth/me → 401 (0ms)
2026-04-11 19:54:03,705 POST /api/car-rental/reviews → 404 (6ms)
2026-04-11 19:54:20,567 POST /api/car-rental/reviews → 404 (3ms)
2026-04-11 19:54:44,621 GET /api/car-rental/vendor/bookings/BK-2F1CFEF098DEFBD4 → 404 (3ms)
2026-04-11 19:55:38,423 GET /api/auth/me → 401 (0ms)
2026-04-11 19:55:38,522 GET /api/auth/me → 401 (0ms)
2026-04-11 19:56:08,872 GET /api/auth/me → 401 (0ms)
2026-04-11 19:56:08,918 GET /api/auth/me → 401 (0ms)
2026-04-11 19:56:32,031 GET /api/auth/me → 401 (0ms)
2026-04-11 19:56:32,107 GET /api/auth/me → 401 (0ms)
2026-04-11 19:56:39,334 GET /api/auth/me → 401 (0ms)
2026-04-11 19:56:39,391 GET /api/auth/me → 401 (0ms)
2026-04-11 19:57:13,262 GET /api/auth/me → 401 (0ms)
2026-04-11 19:57:13,348 GET /api/auth/me → 401 (0ms)
2026-04-11 19:57:20,815 GET /api/auth/me → 401 (0ms)
2026-04-11 19:57:20,817 GET /api/auth/me → 401 (0ms)
2026-04-11 19:57:48,089 GET /api/auth/me → 401 (0ms)
2026-04-11 19:57:48,091 GET /api/auth/me → 401 (0ms)
2026-04-11 19:58:09,048 GET /api/scooter/active → 404 (5ms)
2026-04-11 19:58:09,048 GET /api/scooter/pricing → 404 (4ms)
2026-04-11 19:58:09,051 GET /api/scooter/pricing → 404 (3ms)
2026-04-11 19:58:09,054 GET /api/scooter/active → 404 (2ms)
2026-04-11 19:58:14,660 GET /api/taxi/active → 404 (3ms)
2026-04-11 19:58:14,669 GET /api/taxi/active → 404 (3ms)
2026-04-11 20:09:04,867 GET /api/auth/me → 401 (0ms)
2026-04-11 20:09:04,916 GET /api/auth/me → 401 (0ms)
2026-04-11 20:09:49,602 GET /api/auth/me → 401 (0ms)
2026-04-11 20:09:49,648 GET /api/auth/me → 401 (0ms)
2026-04-11 20:10:20,778 GET /api/auth/me → 401 (2ms)
2026-04-11 20:10:20,850 GET /api/auth/me → 401 (0ms)
2026-04-11 20:10:47,126 GET /api/auth/me → 401 (0ms)
2026-04-11 20:10:47,135 GET /api/auth/me → 401 (0ms)
2026-04-11 20:10:56,496 GET /api/auth/me → 401 (0ms)
2026-04-11 20:10:56,515 GET /api/auth/me → 401 (0ms)
2026-04-11 20:11:22,850 GET /api/auth/me → 401 (0ms)
2026-04-11 20:11:22,899 GET /api/auth/me → 401 (0ms)
2026-04-11 20:11:34,757 GET /api/auth/me → 401 (0ms)
2026-04-11 20:11:34,766 GET /api/auth/me → 401 (0ms)
2026-04-11 20:21:49,152 GET /api/auth/me → 401 (0ms)
2026-04-11 20:21:49,154 GET /api/auth/me → 401 (1ms)
2026-04-11 20:21:52,536 GET /api/auth/me → 401 (0ms)
2026-04-11 20:21:52,585 GET /api/auth/me → 401 (0ms)
2026-04-11 20:22:20,730 GET /api/auth/me → 401 (0ms)
2026-04-11 20:22:20,841 GET /api/auth/me → 401 (0ms)
2026-04-11 20:22:52,898 GET /api/auth/me → 401 (0ms)
2026-04-11 20:22:52,955 GET /api/auth/me → 401 (0ms)
2026-04-11 20:35:00,767 GET /api/auth/me → 401 (3ms)
2026-04-11 20:35:00,768 GET /api/auth/me → 401 (4ms)
2026-04-11 20:38:48,973 GET /api/auth/me → 401 (1ms)
2026-04-11 20:38:48,976 GET /api/auth/me → 401 (0ms)
2026-04-11 20:38:51,955 GET /api/auth/me → 401 (1ms)
2026-04-11 20:38:51,955 GET /api/auth/me → 401 (1ms)
2026-04-11 20:38:54,640 GET /api/auth/me → 401 (0ms)
2026-04-11 20:38:54,641 GET /api/auth/me → 401 (0ms)
2026-04-11 20:39:41,527 GET /api/auth/me → 401 (1ms)
2026-04-11 20:39:41,528 GET /api/auth/me → 401 (1ms)
2026-04-11 20:39:49,369 GET /api/auth/me → 401 (0ms)
2026-04-11 20:39:49,381 GET /api/auth/me → 401 (0ms)
2026-04-11 20:39:50,389 GET /api/auth/me → 401 (0ms)
2026-04-11 20:39:50,391 GET /api/auth/me → 401 (0ms)
2026-04-11 20:47:23,257 GET /api/auth/me → 401 (1ms)
2026-04-11 20:47:23,262 GET /api/auth/me → 401 (2ms)
2026-04-11 20:55:52,626 GET /api/auth/me → 401 (0ms)
2026-04-11 20:55:52,673 GET /api/auth/me → 401 (0ms)
2026-04-11 20:56:25,403 GET /api/auth/me → 401 (2ms)
2026-04-11 20:56:25,452 GET /api/auth/me → 401 (0ms)
2026-04-11 21:11:25,671 GET /api/auth/me → 401 (0ms)
2026-04-11 21:11:25,672 GET /api/auth/me → 401 (0ms)
2026-04-11 21:11:32,689 GET /api/auth/me → 401 (0ms)
2026-04-11 21:11:32,692 GET /api/auth/me → 401 (0ms)
2026-04-11 21:16:40,719 GET /api/auth/me → 401 (0ms)
2026-04-11 21:16:40,817 GET /api/auth/me → 401 (0ms)
2026-04-11 21:17:09,780 GET /api/auth/me → 401 (0ms)
2026-04-11 21:17:09,826 GET /api/auth/me → 401 (0ms)
2026-04-11 21:33:16,460 POST /api/payments/nfc-pay → 400 (6ms)
2026-04-11 21:41:38,921 GET /api/auctions/user/notifications → 401 (1ms)
2026-04-11 21:41:43,560 GET /api/auctions/user/notifications → 401 (0ms)
2026-04-11 21:44:01,240 GET /api/auth/me → 401 (3ms)
2026-04-11 21:44:01,247 GET /api/auth/me → 401 (0ms)
2026-04-11 22:46:23,650 GET /api/auth/me → 401 (2ms)
2026-04-11 22:46:23,702 GET /api/auth/me → 401 (0ms)
2026-04-11 22:48:53,532 GET /api/auth/me → 401 (1ms)
2026-04-11 22:48:53,534 GET /api/auth/me → 401 (3ms)
2026-04-11 22:48:56,075 GET /api/auth/me → 401 (2ms)
2026-04-11 22:48:56,082 GET /api/auth/me → 401 (0ms)
2026-04-11 22:49:49,662 GET /api/auth/me → 401 (0ms)
2026-04-11 22:49:49,757 GET /api/auth/me → 401 (0ms)
2026-04-11 22:51:02,768 GET /api/auth/me → 401 (0ms)
2026-04-11 22:51:02,775 GET /api/auth/me → 401 (1ms)
2026-04-11 22:51:10,461 GET /api/auth/me → 401 (0ms)
2026-04-11 22:51:10,465 GET /api/auth/me → 401 (1ms)
2026-04-11 22:54:22,525 GET /api/auth/me → 401 (0ms)
2026-04-11 22:54:22,582 GET /api/auth/me → 401 (0ms)
2026-04-11 23:01:13,589 GET /api/auth/me → 401 (0ms)
2026-04-11 23:01:13,665 GET /api/auth/me → 401 (0ms)
2026-04-11 23:01:37,571 GET /api/auth/me → 401 (0ms)
2026-04-11 23:01:37,628 GET /api/auth/me → 401 (0ms)
2026-04-11 23:15:04,685 GET /api/auth/me → 401 (0ms)
2026-04-11 23:15:04,976 GET /api/auth/me → 401 (0ms)
2026-04-11 23:15:09,156 GET /api/auth/me → 401 (0ms)
2026-04-11 23:15:09,164 GET /api/auth/me → 401 (0ms)
2026-04-11 23:16:51,845 GET /api/auth/me → 401 (0ms)
2026-04-11 23:16:51,901 GET /api/auth/me → 401 (0ms)
2026-04-12 10:19:27,856 GET /api/auth/me → 401 (0ms)
2026-04-12 10:19:27,964 GET /api/auth/me → 401 (0ms)
2026-04-12 10:19:28,633 GET /api/auth/me → 401 (1ms)
2026-04-12 10:19:28,682 GET /api/auth/me → 401 (0ms)
2026-04-12 10:19:43,566 GET /api/auth/me → 401 (0ms)
2026-04-12 10:19:43,982 GET /api/auth/me → 401 (2ms)
2026-04-12 10:19:44,032 GET /api/auth/me → 401 (0ms)
2026-04-12 10:20:01,042 GET /api/auth/me → 401 (0ms)
2026-04-12 10:20:01,433 GET /api/auth/me → 401 (0ms)
2026-04-12 10:20:01,476 GET /api/auth/me → 401 (0ms)
2026-04-12 10:20:23,831 GET /api/auth/me → 401 (2ms)
2026-04-12 10:20:24,240 GET /api/auth/me → 401 (0ms)
2026-04-12 10:20:24,283 GET /api/auth/me → 401 (0ms)
2026-04-12 10:20:52,412 GET /api/auth/me → 401 (0ms)
2026-04-12 10:20:52,857 GET /api/auth/me → 401 (0ms)
2026-04-12 10:20:52,903 GET /api/auth/me → 401 (0ms)
2026-04-12 10:21:31,137 GET /api/auth/me → 401 (0ms)
2026-04-12 10:21:31,191 GET /api/auth/me → 401 (0ms)
2026-04-12 10:21:31,570 GET /api/auth/me → 401 (0ms)
2026-04-12 10:21:31,614 GET /api/auth/me → 401 (0ms)
2026-04-12 10:21:40,524 GET /api/car-rental/vendor/profile → 404 (5ms)
2026-04-12 10:21:40,568 GET /api/car-rental/vendor/profile → 404 (3ms)
2026-04-12 10:21:56,632 GET /api/auth/me → 401 (0ms)
2026-04-12 10:21:57,355 GET /api/auth/me → 401 (0ms)
2026-04-12 10:21:57,398 GET /api/auth/me → 401 (0ms)
2026-04-12 10:22:33,161 GET /api/auth/me → 401 (2ms)
2026-04-12 10:22:33,579 GET /api/auth/me → 401 (0ms)
2026-04-12 10:22:33,621 GET /api/auth/me → 401 (0ms)
2026-04-12 10:23:01,527 GET /api/auth/me → 401 (0ms)
2026-04-12 10:23:01,929 GET /api/auth/me → 401 (0ms)
2026-04-12 10:23:01,969 GET /api/auth/me → 401 (0ms)
2026-04-12 10:28:54,691 GET /api/auth/me → 401 (0ms)
2026-04-12 10:28:54,754 GET /api/auth/me → 401 (0ms)
2026-04-12 10:29:01,984 GET /api/auth/me → 401 (0ms)
2026-04-12 10:29:01,988 GET /api/auth/me → 401 (0ms)
2026-04-12 10:39:28,824 GET /api/auth/me → 401 (0ms)
2026-04-12 10:39:28,909 GET /api/auth/me → 401 (0ms)
2026-04-12 10:39:29,357 GET /api/auth/me → 401 (0ms)
2026-04-12 10:39:29,402 GET /api/auth/me → 401 (0ms)
2026-04-12 10:39:55,489 GET /api/auth/me → 401 (0ms)
2026-04-12 10:39:55,892 GET /api/auth/me → 401 (1ms)
2026-04-12 10:39:55,948 GET /api/auth/me → 401 (0ms)
2026-04-12 10:40:24,055 GET /api/auth/me → 401 (10ms)
2026-04-12 10:40:24,465 GET /api/auth/me → 401 (0ms)
2026-04-12 10:40:24,510 GET /api/auth/me → 401 (0ms)
2026-04-12 10:40:59,766 GET /api/auth/me → 401 (0ms)
2026-04-12 10:41:00,535 GET /api/auth/me → 401 (0ms)
2026-04-12 10:41:00,626 GET /api/auth/me → 401 (0ms)
2026-04-12 10:41:56,324 GET /api/auth/me → 401 (0ms)
2026-04-12 10:41:56,370 GET /api/auth/me → 401 (0ms)
2026-04-12 10:41:56,764 GET /api/auth/me → 401 (0ms)
2026-04-12 10:41:56,807 GET /api/auth/me → 401 (0ms)
2026-04-12 10:42:40,408 GET /api/auth/me → 401 (0ms)
2026-04-12 10:42:40,828 GET /api/auth/me → 401 (0ms)
2026-04-12 10:42:40,885 GET /api/auth/me → 401 (0ms)
2026-04-12 10:43:10,158 GET /api/auth/me → 401 (0ms)
2026-04-12 10:43:10,202 GET /api/auth/me → 401 (0ms)
2026-04-12 10:43:10,691 GET /api/auth/me → 401 (0ms)
2026-04-12 10:43:10,778 GET /api/auth/me → 401 (0ms)
2026-04-12 10:44:39,718 PUT /api/profile → 404 (3ms)
2026-04-12 10:45:07,156 GET /api/auth/me → 401 (0ms)
2026-04-12 10:45:07,207 GET /api/auth/me → 401 (0ms)
2026-04-12 10:45:07,689 GET /api/auth/me → 401 (1ms)
2026-04-12 10:45:07,740 GET /api/auth/me → 401 (0ms)
2026-04-12 10:45:25,121 GET /api/auth/me → 401 (0ms)
2026-04-12 10:45:25,168 GET /api/auth/me → 401 (0ms)
2026-04-12 10:45:25,529 GET /api/auth/me → 401 (0ms)
2026-04-12 10:45:25,586 GET /api/auth/me → 401 (0ms)
2026-04-12 10:46:01,315 GET /api/auth/me → 401 (0ms)
2026-04-12 10:46:01,705 GET /api/auth/me → 401 (0ms)
2026-04-12 10:46:01,751 GET /api/auth/me → 401 (0ms)
2026-04-12 10:46:33,812 GET /api/auth/me → 401 (0ms)
2026-04-12 10:46:33,854 GET /api/auth/me → 401 (0ms)
2026-04-12 10:46:34,344 GET /api/auth/me → 401 (0ms)
2026-04-12 10:46:34,384 GET /api/auth/me → 401 (0ms)
2026-04-12 14:07:18,246 GET /api/auth/me → 401 (1ms)
2026-04-12 14:07:18,251 GET /api/auth/me → 401 (3ms)
2026-04-12 14:07:28,358 GET /api/auth/me → 401 (1ms)
2026-04-12 14:07:28,359 GET /api/auth/me → 401 (1ms)
2026-04-12 14:09:48,566 GET /api/auth/me → 401 (1ms)
2026-04-12 14:09:48,567 GET /api/auth/me → 401 (1ms)
2026-04-12 14:10:04,280 GET /api/auth/me → 401 (0ms)
2026-04-12 14:10:04,284 GET /api/auth/me → 401 (0ms)
2026-04-12 14:10:23,455 GET /api/auth/me → 401 (0ms)
2026-04-12 14:10:23,457 GET /api/auth/me → 401 (0ms)
2026-04-12 14:10:31,188 GET /api/auth/me → 401 (0ms)
2026-04-12 14:10:31,190 GET /api/auth/me → 401 (3ms)
2026-04-12 14:10:44,795 GET /api/auth/me → 401 (0ms)
2026-04-12 14:10:44,801 GET /api/auth/me → 401 (1ms)
2026-04-12 14:10:53,180 GET /api/auth/me → 401 (2ms)
2026-04-12 14:10:53,182 GET /api/auth/me → 401 (0ms)
2026-04-12 14:11:12,464 GET /api/auth/me → 401 (1ms)
2026-04-12 14:11:12,467 GET /api/auth/me → 401 (2ms)
2026-04-12 14:11:12,874 GET /api/auth/me → 401 (0ms)
2026-04-12 14:11:12,881 GET /api/auth/me → 401 (0ms)
2026-04-12 14:11:16,460 GET /api/auth/me → 401 (1ms)
2026-04-12 14:11:16,460 GET /api/auth/me → 401 (1ms)
2026-04-12 14:11:23,765 GET /api/auth/me → 401 (0ms)
2026-04-12 14:11:23,765 GET /api/auth/me → 401 (1ms)
2026-04-12 14:11:31,158 GET /api/auth/me → 401 (0ms)
2026-04-12 14:11:31,162 GET /api/auth/me → 401 (0ms)
2026-04-12 14:11:38,732 GET /api/auth/me → 401 (0ms)
2026-04-12 14:11:38,734 GET /api/auth/me → 401 (0ms)
2026-04-12 14:19:16,884 GET /api/auth/me → 401 (0ms)
2026-04-12 14:19:16,938 GET /api/auth/me → 401 (0ms)
2026-04-12 14:19:17,457 GET /api/auth/me → 401 (2ms)
2026-04-12 14:19:17,531 GET /api/auth/me → 401 (0ms)
2026-04-12 14:19:45,529 GET /api/auth/me → 401 (0ms)
2026-04-12 14:19:46,092 GET /api/auth/me → 401 (0ms)
2026-04-12 14:19:46,158 GET /api/auth/me → 401 (0ms)
2026-04-12 14:22:17,510 POST /api/merchant/register → 422 (2ms)
2026-04-12 14:23:01,396 GET /api/loyalty/overview → 404 (3ms)
2026-04-12 14:23:50,115 GET /api/loyalty/overview → 404 (3ms)
2026-04-12 14:24:13,947 GET /api/auth/me → 401 (0ms)
2026-04-12 14:24:14,582 GET /api/auth/me → 401 (0ms)
2026-04-12 14:24:14,680 GET /api/auth/me → 401 (0ms)
2026-04-12 15:44:19,957 GET /api/auth/me → 401 (3ms)
2026-04-12 15:44:19,958 GET /api/auth/me → 401 (4ms)
2026-04-12 15:52:22,685 GET /api/auth/me → 401 (0ms)
2026-04-12 15:52:22,687 GET /api/auth/me → 401 (0ms)
2026-04-12 15:52:46,462 GET /api/auth/me → 401 (0ms)
2026-04-12 15:52:46,538 GET /api/auth/me → 401 (0ms)
2026-04-12 15:52:47,070 GET /api/auth/me → 401 (0ms)
2026-04-12 15:52:47,118 GET /api/auth/me → 401 (0ms)
2026-04-12 15:54:12,942 GET /api/auth/me → 401 (0ms)
2026-04-12 15:54:13,003 GET /api/auth/me → 401 (0ms)
2026-04-12 15:54:13,742 GET /api/auth/me → 401 (0ms)
2026-04-12 15:54:13,789 GET /api/auth/me → 401 (0ms)
2026-04-12 15:55:06,701 GET /api/auth/me → 401 (0ms)
2026-04-12 15:55:06,712 GET /api/auth/me → 401 (0ms)
2026-04-12 15:59:19,099 GET /api/auth/me → 401 (1ms)
2026-04-12 15:59:19,106 GET /api/auth/me → 401 (6ms)
2026-04-12 16:02:52,419 GET /api/auth/me → 401 (5ms)
2026-04-12 16:02:52,419 GET /api/auth/me → 401 (5ms)
2026-04-12 16:03:57,898 GET /api/auth/me → 401 (1ms)
2026-04-12 16:03:57,900 GET /api/auth/me → 401 (1ms)
2026-04-12 16:04:10,234 GET /api/auth/me → 401 (0ms)
2026-04-12 16:04:10,241 GET /api/auth/me → 401 (0ms)
2026-04-12 16:04:47,874 GET /api/auth/me → 401 (1ms)
2026-04-12 16:04:47,875 GET /api/auth/me → 401 (1ms)
2026-04-12 16:06:37,621 POST /api/ai-assistant/chat → 500 (3237ms)
2026-04-12 16:07:17,349 POST /api/crypto/trade → 404 (4ms)
2026-04-12 16:08:16,412 GET /api/auth/me → 401 (0ms)
2026-04-12 16:08:16,514 GET /api/auth/me → 401 (0ms)
2026-04-12 16:08:17,119 GET /api/auth/me → 401 (0ms)
2026-04-12 16:08:17,213 GET /api/auth/me → 401 (0ms)
2026-04-12 16:08:49,128 GET /api/auth/me → 401 (0ms)
2026-04-12 16:08:49,633 GET /api/auth/me → 401 (0ms)
2026-04-12 16:08:49,633 GET /api/auth/me → 401 (1ms)
2026-04-12 16:09:14,433 GET /api/auth/me → 401 (0ms)
2026-04-12 16:09:14,533 GET /api/auth/me → 401 (0ms)
2026-04-12 16:09:15,132 GET /api/auth/me → 401 (0ms)
2026-04-12 16:09:15,187 GET /api/auth/me → 401 (0ms)
2026-04-12 16:09:41,437 GET /api/auth/me → 401 (0ms)
2026-04-12 16:09:41,964 GET /api/auth/me → 401 (0ms)
2026-04-12 16:09:42,018 GET /api/auth/me → 401 (0ms)
2026-04-12 16:10:11,107 GET /api/auth/me → 401 (8ms)
2026-04-12 16:10:11,158 GET /api/auth/me → 401 (0ms)
2026-04-12 16:10:11,737 GET /api/auth/me → 401 (0ms)
2026-04-12 16:10:11,784 GET /api/auth/me → 401 (0ms)
2026-04-12 16:14:37,817 GET /api/kids/sos → 404 (3ms)
2026-04-12 16:17:53,330 GET /api/auth/me → 401 (2ms)
2026-04-12 16:17:53,414 GET /api/auth/me → 401 (0ms)
2026-04-12 16:17:54,014 GET /api/auth/me → 401 (0ms)
2026-04-12 16:17:54,064 GET /api/auth/me → 401 (0ms)
2026-04-12 16:18:20,015 GET /api/auth/me → 401 (0ms)
2026-04-12 16:18:20,545 GET /api/auth/me → 401 (0ms)
2026-04-12 16:18:20,640 GET /api/auth/me → 401 (0ms)
2026-04-12 16:18:45,911 GET /api/auth/me → 401 (0ms)
2026-04-12 16:18:46,452 GET /api/auth/me → 401 (0ms)
2026-04-12 16:18:46,504 GET /api/auth/me → 401 (0ms)
2026-04-12 16:19:17,884 GET /api/auth/me → 401 (0ms)
2026-04-12 16:19:18,440 GET /api/auth/me → 401 (0ms)
2026-04-12 16:19:18,496 GET /api/auth/me → 401 (0ms)
2026-04-12 16:19:31,691 GET /api/kids/apps/child_2a880974de5f → 404 (3ms)
2026-04-12 16:19:49,516 GET /api/auth/me → 401 (0ms)
2026-04-12 16:19:49,573 GET /api/auth/me → 401 (0ms)
2026-04-12 16:19:50,157 GET /api/auth/me → 401 (0ms)
2026-04-12 16:19:50,207 GET /api/auth/me → 401 (0ms)
2026-04-12 16:20:03,490 GET /api/kids/apps/child_2a880974de5f → 404 (2ms)
2026-04-12 16:20:27,257 GET /api/kids/apps/none → 404 (2ms)
2026-04-12 16:20:35,243 GET /api/kids-system/list → 404 (3ms)
2026-04-12 16:21:07,136 GET /api/kids/apps/child_2a880974de5f → 404 (3ms)
2026-04-12 16:21:13,462 GET /api/kids/apps/child_2a880974de5f → 404 (2ms)
2026-04-12 16:21:47,608 GET /api/kids/sos → 404 (3ms)
2026-04-12 16:21:54,357 GET /api/kids/sos → 404 (2ms)
2026-04-12 16:22:42,474 GET /api/kids/sos-alerts → 404 (3ms)
2026-04-12 16:22:47,157 GET /api/kids/sos-alerts → 404 (3ms)
2026-04-12 16:27:28,525 GET /api/kids/alerts → 404 (2ms)
2026-04-12 16:27:33,967 GET /api/kids/alerts → 404 (3ms)
2026-04-12 16:30:02,293 GET /api/auth/me → 401 (0ms)
2026-04-12 16:30:02,370 GET /api/auth/me → 401 (0ms)
2026-04-12 16:32:29,239 GET /api/auth/me → 401 (0ms)
2026-04-12 16:32:29,286 GET /api/auth/me → 401 (0ms)
2026-04-12 16:32:30,210 GET /api/auth/me → 401 (0ms)
2026-04-12 16:32:30,272 GET /api/auth/me → 401 (0ms)
2026-04-12 16:34:07,761 GET /api/auth/me → 401 (2ms)
2026-04-12 16:34:08,299 GET /api/auth/me → 401 (0ms)
2026-04-12 16:34:08,347 GET /api/auth/me → 401 (0ms)
2026-04-12 16:35:17,222 GET /api/auth/me → 401 (2ms)
2026-04-12 16:35:17,222 GET /api/auth/me → 401 (3ms)
2026-04-12 16:36:46,879 GET /api/car-rental/vendor/profile → 404 (4ms)
2026-04-12 16:36:46,879 GET /api/car-rental/vendor/profile → 404 (10ms)
2026-04-12 16:37:07,087 POST /api/credit/apply → 422 (3ms)
2026-04-12 16:37:10,216 POST /api/credit/apply → 422 (1ms)
2026-04-12 16:37:12,310 POST /api/credit/apply → 422 (1ms)
2026-04-12 16:37:16,427 POST /api/credit/apply → 422 (2ms)
2026-04-12 16:38:06,321 GET /api/marketplace/favorites → 404 (4ms)
2026-04-12 16:38:06,322 GET /api/marketplace/favorites → 404 (3ms)
2026-04-12 16:38:31,606 POST /api/credit/apply → 422 (1ms)
2026-04-12 16:40:31,641 POST /api/mining/launchpad/buy → 400 (6ms)
2026-04-12 16:40:38,593 POST /api/mining/launchpad/buy → 400 (3ms)
2026-04-12 16:43:35,110 GET /api/auth/me → 401 (0ms)
2026-04-12 16:43:35,115 GET /api/auth/me → 401 (0ms)
2026-04-12 16:44:32,836 POST /api/rewards/daily-claim → 401 (1ms)
2026-04-12 16:44:34,597 POST /api/rewards/daily-claim → 401 (1ms)
2026-04-12 16:44:39,580 POST /api/rewards/notifications/read → 401 (1ms)
2026-04-12 16:44:40,369 POST /api/rewards/notifications/read → 401 (1ms)
2026-04-12 16:44:41,167 POST /api/rewards/notifications/read → 401 (1ms)
2026-04-12 16:44:41,713 POST /api/rewards/notifications/read → 401 (1ms)
2026-04-12 16:44:41,888 POST /api/rewards/notifications/read → 401 (1ms)
2026-04-12 16:44:42,993 GET /api/notifications → 401 (1ms)
2026-04-12 16:44:42,995 GET /api/notifications → 401 (0ms)
2026-04-12 16:44:56,005 GET /api/support/admin/tickets → 401 (1ms)
2026-04-12 16:44:56,007 GET /api/support/admin/tickets → 401 (0ms)
2026-04-12 16:44:59,006 GET /api/admin/overview → 401 (0ms)
2026-04-12 16:44:59,007 GET /api/admin/overview → 401 (0ms)
2026-04-12 16:45:04,673 GET /api/admin/overview → 401 (0ms)
2026-04-12 16:45:11,795 GET /api/admin/users → 401 (1ms)
2026-04-12 16:45:13,801 GET /api/admin/users → 401 (0ms)
2026-04-12 16:45:17,403 GET /api/role-requests/admin/list → 401 (1ms)
2026-04-12 16:45:18,981 GET /api/role-requests/admin/list → 401 (1ms)
2026-04-12 16:47:00,967 GET /api/admin/roles → 404 (3ms)
2026-04-12 16:47:01,264 POST /api/mining/launchpad/buy → 404 (2ms)
2026-04-12 16:47:39,739 GET /api/mining/status → 404 (3ms)
2026-04-12 16:47:40,001 POST /api/mining/send → 422 (1ms)
2026-04-12 16:50:17,631 GET /api/role-requests/admin/list → 401 (1ms)
2026-04-12 16:51:00,609 GET /api/role-requests/admin/list → 401 (1ms)
2026-04-12 16:51:08,194 GET /api/role-requests/admin/list → 401 (1ms)
2026-04-12 16:51:50,158 GET /api/role-requests/admin/list → 401 (1ms)
2026-04-12 16:55:18,559 GET /api/role-requests/admin/list → 401 (1ms)
2026-04-12 17:19:24,633 GET /api/auth/me → 401 (0ms)
2026-04-12 17:19:24,710 GET /api/auth/me → 401 (0ms)
2026-04-12 17:28:05,683 GET /api/auth/me → 401 (0ms)
2026-04-12 17:28:05,759 GET /api/auth/me → 401 (0ms)
2026-04-12 17:28:06,895 GET /api/auth/me → 401 (0ms)
2026-04-12 17:28:07,019 GET /api/auth/me → 401 (0ms)
2026-04-12 17:28:33,835 GET /api/auth/me → 401 (0ms)
2026-04-12 17:28:34,383 GET /api/auth/me → 401 (0ms)
2026-04-12 17:28:34,439 GET /api/auth/me → 401 (0ms)
2026-04-12 17:28:38,362 GET /api/auth/me → 401 (0ms)
2026-04-12 17:28:38,841 GET /api/auth/me → 401 (0ms)
2026-04-12 17:35:14,252 GET /api/admin/stats → 401 (0ms)
2026-04-12 17:35:22,233 GET /api/admin/stats → 401 (0ms)
2026-04-12 17:38:28,694 GET /api/auth/me → 401 (1ms)
2026-04-12 17:38:28,699 GET /api/auth/me → 401 (0ms)
2026-04-12 17:41:15,589 GET /api/contacts → 401 (2ms)
2026-04-12 17:41:15,740 GET /api/stats/overview → 401 (2ms)
2026-04-12 17:42:00,747 GET /api/auth/me → 401 (0ms)
2026-04-12 17:42:00,806 GET /api/auth/me → 401 (0ms)
2026-04-12 17:42:01,839 GET /api/auth/me → 401 (0ms)
2026-04-12 17:42:01,889 GET /api/auth/me → 401 (0ms)
2026-04-12 17:42:36,381 GET /api/auth/me → 401 (0ms)
2026-04-12 17:42:36,430 GET /api/auth/me → 401 (0ms)
2026-04-12 17:42:51,148 GET /api/auth/me → 401 (2ms)
2026-04-12 17:42:51,452 GET /api/auth/me → 401 (1ms)
2026-04-12 17:43:12,649 GET /api/auth/me → 401 (0ms)
2026-04-12 17:43:12,743 GET /api/auth/me → 401 (0ms)
2026-04-12 17:43:45,677 GET /api/auth/me → 401 (0ms)
2026-04-12 17:43:45,933 GET /api/auth/me → 401 (1ms)
2026-04-12 17:43:49,014 GET /api/auth/me → 401 (1ms)
2026-04-12 17:43:49,018 GET /api/auth/me → 401 (0ms)
2026-04-12 17:53:39,160 GET /api/auth/me → 401 (4ms)
2026-04-12 17:53:39,165 GET /api/auth/me → 401 (1ms)
2026-04-12 18:02:16,014 GET /api/auth/me → 401 (1ms)
2026-04-12 18:02:16,014 GET /api/auth/me → 401 (1ms)
2026-04-12 18:02:24,425 GET /api/auth/me → 401 (0ms)
2026-04-12 18:02:24,431 GET /api/auth/me → 401 (0ms)
2026-04-12 18:09:24,928 POST /api/tips/send → 401 (2ms)
2026-04-12 18:09:37,252 POST /api/tips/send → 401 (2ms)
2026-04-12 18:17:15,200 GET /api/auth/me → 401 (0ms)
2026-04-12 18:17:15,291 GET /api/auth/me → 401 (0ms)
2026-04-12 18:17:32,607 GET /api/auth/me → 401 (0ms)
2026-04-12 18:17:32,658 GET /api/auth/me → 401 (0ms)
2026-04-12 18:18:01,393 GET /api/events/categories → 404 (3ms)
2026-04-12 18:18:09,760 GET /api/events/categories → 404 (3ms)
2026-04-12 18:18:09,929 GET /api/restaurants/cuisines → 404 (4ms)
2026-04-12 18:20:56,735 GET /api/auth/me → 401 (2ms)
2026-04-12 18:20:57,002 GET /api/auth/me → 401 (3ms)
2026-04-12 18:40:24,212 GET /api/auth/me → 401 (0ms)
2026-04-12 18:40:24,356 GET /api/auth/me → 401 (0ms)
2026-04-12 18:53:34,507 GET /api/auth/me → 401 (0ms)
2026-04-12 18:53:34,558 GET /api/auth/me → 401 (0ms)
2026-04-12 18:53:38,457 GET /api/auth/me → 401 (0ms)
2026-04-12 18:53:38,529 GET /api/auth/me → 401 (0ms)
2026-04-12 18:54:05,744 GET /api/auth/me → 401 (0ms)
2026-04-12 18:54:05,758 GET /api/auth/me → 401 (0ms)
2026-04-12 18:56:45,452 GET /api/auth/me → 401 (0ms)
2026-04-12 18:56:45,508 GET /api/auth/me → 401 (0ms)
2026-04-12 19:01:03,111 GET /api/auth/me → 401 (0ms)
2026-04-12 19:01:03,202 GET /api/auth/me → 401 (0ms)
2026-04-12 19:01:33,410 GET /api/auth/me → 401 (2ms)
2026-04-12 19:01:33,411 GET /api/auth/me → 401 (2ms)
2026-04-12 19:10:59,895 GET /api/auth/me → 401 (0ms)
2026-04-12 19:10:59,896 GET /api/auth/me → 401 (0ms)
2026-04-12 19:17:19,775 GET /api/auth/me → 401 (3ms)
2026-04-12 19:17:19,829 GET /api/auth/me → 401 (0ms)
2026-04-12 19:17:54,764 GET /api/auth/me → 401 (0ms)
2026-04-12 19:17:55,070 GET /api/auth/me → 401 (0ms)
2026-04-12 19:28:17,981 GET /api/auth/me → 401 (0ms)
2026-04-12 19:28:17,985 GET /api/auth/me → 401 (1ms)
2026-04-12 19:32:18,764 GET /api/auth/me → 401 (3ms)
2026-04-12 19:32:18,817 GET /api/auth/me → 401 (1ms)
2026-04-12 19:32:38,561 GET /api/auth/me → 401 (2ms)
2026-04-12 19:32:38,611 GET /api/auth/me → 401 (0ms)
2026-04-12 19:42:39,742 GET /api/auth/me → 401 (0ms)
2026-04-12 19:42:39,744 GET /api/auth/me → 401 (0ms)
2026-04-12 19:42:41,648 GET /api/auth/me → 401 (0ms)
2026-04-12 19:42:41,656 GET /api/auth/me → 401 (0ms)
2026-04-12 19:52:25,163 GET /api/auth/me → 401 (0ms)
2026-04-12 19:52:25,543 GET /api/auth/me → 401 (2ms)
2026-04-12 19:59:29,670 GET /api/auth/me → 401 (3ms)
2026-04-12 19:59:29,724 GET /api/auth/me → 401 (53ms)
2026-04-12 20:02:38,001 GET /api/taxi/active → 404 (5ms)
2026-04-12 20:02:38,033 GET /api/taxi/active → 404 (3ms)
2026-04-12 20:03:03,508 GET /api/auth/me → 401 (0ms)
2026-04-12 20:03:03,586 GET /api/auth/me → 401 (0ms)
2026-04-12 20:04:18,261 GET /api/auth/me → 401 (0ms)
2026-04-12 20:04:18,262 GET /api/auth/me → 401 (0ms)
2026-04-12 20:18:14,293 GET /api/auth/me → 401 (0ms)
2026-04-12 20:18:14,612 GET /api/auth/me → 401 (1ms)
2026-04-12 20:22:02,253 GET /api/auth/me → 401 (1ms)
2026-04-12 20:22:02,254 GET /api/auth/me → 401 (1ms)
2026-04-12 20:26:51,895 GET /api/auth/me → 401 (1ms)
2026-04-12 20:26:51,896 GET /api/auth/me → 401 (1ms)
2026-04-12 20:27:05,213 GET /api/auth/me → 401 (0ms)
2026-04-12 20:27:05,283 GET /api/auth/me → 401 (0ms)
2026-04-12 20:32:17,325 GET /api/auth/me → 401 (0ms)
2026-04-12 20:32:17,384 GET /api/auth/me → 401 (0ms)
2026-04-12 20:32:19,205 GET /api/kids_system/children → 404 (4ms)
2026-04-12 20:32:19,258 GET /api/kids_system/children → 404 (3ms)
2026-04-12 20:32:40,089 POST /api/kids_system/children → 404 (3ms)
2026-04-12 20:32:48,466 GET /api/kids_system/children → 404 (3ms)
2026-04-12 20:33:31,925 GET /api/auth/me → 401 (0ms)
2026-04-12 20:33:31,991 GET /api/auth/me → 401 (0ms)
2026-04-12 20:33:59,829 GET /api/auth/me → 401 (0ms)
2026-04-12 20:34:00,109 GET /api/auth/me → 401 (0ms)
2026-04-12 20:34:03,034 GET /api/auth/me → 401 (0ms)
2026-04-12 20:34:03,036 GET /api/auth/me → 401 (0ms)
2026-04-12 21:00:31,582 GET /api/auth/me → 401 (0ms)
2026-04-12 21:00:31,586 GET /api/auth/me → 401 (0ms)
2026-04-12 21:16:29,497 GET /api/auth/me → 401 (2ms)
2026-04-12 21:16:29,561 GET /api/auth/me → 401 (0ms)
2026-04-12 21:17:19,293 POST /api/events/buy → 400 (4ms)
2026-04-12 21:17:43,716 GET /api/taxi/active → 404 (3ms)
2026-04-12 21:17:43,724 GET /api/taxi/active → 404 (7ms)
2026-04-12 21:18:09,043 POST /api/taxi/estimate → 422 (2ms)
2026-04-12 21:18:21,164 GET /api/taxi/history → 404 (3ms)
2026-04-12 21:20:42,686 POST /api/crypto/trade → 400 (4ms)
2026-04-12 21:22:32,492 GET /api/scooter/pricing → 404 (5ms)
2026-04-12 21:22:32,494 GET /api/scooter/active → 404 (4ms)
2026-04-12 21:22:32,502 GET /api/scooter/pricing → 404 (8ms)
2026-04-12 21:22:32,502 GET /api/scooter/active → 404 (8ms)
2026-04-12 21:23:51,237 POST /api/hotels/book → 400 (26ms)
2026-04-12 22:23:58,704 GET /api/auth/me → 401 (1ms)
2026-04-12 22:23:58,709 GET /api/auth/me → 401 (3ms)
2026-04-12 22:26:10,313 GET /api/scooter/pricing → 404 (4ms)
2026-04-12 22:26:10,315 GET /api/scooter/active → 404 (3ms)
2026-04-12 22:26:10,322 GET /api/scooter/pricing → 404 (7ms)
2026-04-12 22:26:10,322 GET /api/scooter/active → 404 (7ms)
2026-04-12 22:26:27,153 GET /api/marketplace/favorites → 404 (4ms)
2026-04-12 22:26:27,155 GET /api/marketplace/favorites → 404 (3ms)
2026-04-12 22:26:28,623 GET /api/marketplace/favorites → 404 (2ms)
2026-04-12 22:26:29,681 GET /api/marketplace/favorites → 404 (1ms)
2026-04-12 22:26:40,629 GET /api/marketplace/favorites → 404 (2ms)
2026-04-12 22:26:41,428 GET /api/marketplace/favorites → 404 (2ms)
2026-04-12 23:01:35,077 GET /api/auth/me → 401 (0ms)
2026-04-12 23:01:35,143 GET /api/auth/me → 401 (0ms)
2026-04-14 19:21:55,340 GET /api/auth/me → 401 (0ms)
2026-04-14 19:21:55,434 GET /api/auth/me → 401 (0ms)
2026-04-14 19:22:15,480 GET /api/auth/me → 401 (0ms)
2026-04-14 19:22:15,531 GET /api/auth/me → 401 (0ms)
2026-04-14 19:25:35,558 GET /api/auth/me → 401 (0ms)
2026-04-14 19:25:35,657 GET /api/auth/me → 401 (0ms)
2026-04-14 19:32:06,763 GET /api/auth/me → 401 (0ms)
2026-04-14 19:32:06,827 GET /api/auth/me → 401 (0ms)
2026-04-14 19:34:31,175 GET /api/auth/me → 401 (0ms)
2026-04-14 19:34:31,216 GET /api/auth/me → 401 (0ms)
2026-04-14 19:45:42,805 GET /api/auth/me → 401 (0ms)
2026-04-14 19:45:42,814 GET /api/auth/me → 401 (0ms)
2026-04-14 19:53:14,488 GET /api/auth/me → 401 (2ms)
2026-04-14 19:53:14,557 GET /api/auth/me → 401 (0ms)
2026-04-14 20:04:15,294 GET /api/auth/me → 401 (0ms)
2026-04-14 20:04:15,298 GET /api/auth/me → 401 (0ms)
2026-04-14 20:07:12,923 GET /api/auth/me → 401 (2ms)
2026-04-14 20:07:12,923 GET /api/auth/me → 401 (3ms)
2026-04-14 20:11:27,605 GET /api/auth/me → 401 (0ms)
2026-04-14 20:11:28,634 GET /api/auth/me → 401 (0ms)
2026-04-14 20:11:28,685 GET /api/auth/me → 401 (0ms)
2026-04-14 20:12:22,297 GET /api/auth/me → 401 (0ms)
2026-04-14 20:12:22,889 GET /api/auth/me → 401 (0ms)
2026-04-14 20:12:22,940 GET /api/auth/me → 401 (0ms)
2026-04-14 20:13:15,766 GET /api/auth/me → 401 (0ms)
2026-04-14 20:13:16,295 GET /api/auth/me → 401 (0ms)
2026-04-14 20:13:16,300 GET /api/auth/me → 401 (0ms)
2026-04-14 20:15:01,930 GET /api/auth/me → 401 (1ms)
2026-04-14 20:15:02,461 GET /api/auth/me → 401 (0ms)
2026-04-14 20:15:02,516 GET /api/auth/me → 401 (0ms)
2026-04-14 20:15:59,319 GET /api/scooter/plans → 404 (4ms)
2026-04-14 20:16:04,961 GET /api/scooter/plans → 404 (2ms)
2026-04-14 20:21:52,281 GET /api/auth/me → 401 (0ms)
2026-04-14 20:21:52,281 GET /api/auth/me → 401 (1ms)
2026-04-14 20:22:45,621 GET /api/auth/me → 401 (3ms)
2026-04-14 20:22:45,626 GET /api/auth/me → 401 (3ms)
2026-04-14 20:27:44,672 GET /api/email-marketing/campaigns → 401 (2ms)
2026-04-14 20:27:44,824 GET /api/kids-app/chat/albin_001/poll → 401 (2ms)
2026-04-14 20:27:59,089 GET /api/auth/me → 401 (0ms)
2026-04-14 20:27:59,638 GET /api/auth/me → 401 (0ms)
2026-04-14 20:27:59,692 GET /api/auth/me → 401 (1ms)
2026-04-14 20:33:08,853 GET /api/auth/me → 401 (0ms)
2026-04-14 20:33:08,863 GET /api/auth/me → 401 (0ms)
2026-04-14 20:34:16,806 GET /api/hotels/listings → 404 (4ms)
2026-04-14 20:34:16,927 GET /api/events/listings → 404 (3ms)
2026-04-14 20:34:17,043 GET /api/restaurants/listings → 404 (3ms)
2026-04-14 20:34:17,275 GET /api/jobs/listings → 404 (4ms)
2026-04-14 20:34:28,453 GET /api/hotels/list → 404 (4ms)
2026-04-14 20:34:29,220 GET /api/social/feed → 401 (2ms)
2026-04-14 20:34:29,465 GET /api/nearby_places/markers → 404 (4ms)
2026-04-14 20:35:58,381 GET /api/auth/me → 401 (2ms)
2026-04-14 20:35:58,381 GET /api/auth/me → 401 (2ms)
2026-04-14 20:42:06,682 GET /api/auth/me → 401 (0ms)
2026-04-14 20:42:06,736 GET /api/auth/me → 401 (0ms)
2026-04-14 20:42:08,112 GET /api/auth/me → 401 (0ms)
2026-04-14 20:42:08,163 GET /api/auth/me → 401 (0ms)
2026-04-14 20:42:30,187 GET /api/auth/me → 401 (0ms)
2026-04-14 20:42:30,195 GET /api/auth/me → 401 (0ms)
2026-04-14 20:42:33,249 GET /api/auth/me → 401 (1ms)
2026-04-14 20:42:33,249 GET /api/auth/me → 401 (1ms)
2026-04-14 20:42:34,225 GET /api/auth/me → 401 (0ms)
2026-04-14 20:42:34,808 GET /api/auth/me → 401 (0ms)
2026-04-14 20:42:34,855 GET /api/auth/me → 401 (0ms)
2026-04-14 20:42:37,610 GET /api/taxi/active → 404 (4ms)
2026-04-14 20:42:37,628 GET /api/taxi/active → 404 (3ms)
2026-04-14 20:46:25,915 GET /api/auth/me → 401 (0ms)
2026-04-14 20:46:26,433 GET /api/auth/me → 401 (0ms)
2026-04-14 20:46:26,436 GET /api/auth/me → 401 (0ms)
2026-04-14 20:46:59,799 GET /api/auth/me → 401 (0ms)
2026-04-14 20:46:59,848 GET /api/auth/me → 401 (0ms)
2026-04-14 20:47:00,852 GET /api/auth/me → 401 (0ms)
2026-04-14 20:47:00,902 GET /api/auth/me → 401 (0ms)
2026-04-14 20:47:09,435 GET /api/taxi/active → 404 (5ms)
2026-04-14 20:47:09,491 GET /api/taxi/active → 404 (4ms)
2026-04-14 20:47:38,845 GET /api/taxi/active → 404 (4ms)
2026-04-14 20:51:26,404 GET /api/auth/me → 401 (0ms)
2026-04-14 20:51:26,938 GET /api/auth/me → 401 (0ms)
2026-04-14 20:51:26,984 GET /api/auth/me → 401 (0ms)
2026-04-14 20:51:35,416 GET /api/taxi/active → 404 (4ms)
2026-04-14 20:51:35,507 GET /api/taxi/active → 404 (3ms)
2026-04-14 21:47:20,002 GET /api/auth/me → 401 (2ms)
2026-04-14 21:47:20,059 GET /api/auth/me → 401 (0ms)
2026-04-15 07:13:04,365 GET /api/auth/me → 401 (2ms)
2026-04-15 07:13:04,419 GET /api/auth/me → 401 (0ms)
2026-04-15 07:14:04,351 GET /api/auth/me → 401 (0ms)
2026-04-15 07:14:04,427 GET /api/auth/me → 401 (0ms)
2026-04-15 07:14:04,939 GET /api/auth/me → 401 (0ms)
2026-04-15 07:14:04,984 GET /api/auth/me → 401 (0ms)
2026-04-15 07:14:13,424 GET /api/scooter/active → 404 (2ms)
2026-04-15 07:14:13,427 GET /api/scooter/pricing → 404 (2ms)
2026-04-15 07:14:13,472 GET /api/scooter/active → 404 (4ms)
2026-04-15 07:14:13,475 GET /api/scooter/pricing → 404 (2ms)
2026-04-15 07:20:47,175 GET /api/auth/me → 401 (3ms)
2026-04-15 07:20:47,178 GET /api/auth/me → 401 (2ms)
2026-04-15 07:20:56,233 POST /api/auth/register → 400 (3ms)
2026-04-15 07:20:56,375 POST /api/auth/register → 403 (3ms)
2026-04-15 07:20:56,489 POST /api/auth/register → 400 (3ms)
2026-04-15 07:21:17,552 GET /api/auth/me → 401 (3ms)
2026-04-15 07:21:17,552 GET /api/auth/me → 401 (3ms)
2026-04-15 07:21:19,195 GET /api/auth/me → 401 (1ms)
2026-04-15 07:21:19,196 GET /api/auth/me → 401 (1ms)
2026-04-15 07:21:23,253 POST /api/auth/login → 401 (232ms)
2026-04-15 07:24:03,782 GET /api/auth/me → 401 (1ms)
2026-04-15 07:24:03,783 GET /api/auth/me → 401 (1ms)
2026-04-15 07:24:05,152 GET /api/auth/me → 401 (0ms)
2026-04-15 07:24:05,153 GET /api/auth/me → 401 (0ms)
2026-04-15 07:24:10,312 GET /api/auth/me → 401 (1ms)
2026-04-15 07:24:10,313 GET /api/auth/me → 401 (1ms)
2026-04-15 07:24:19,829 GET /api/auth/me → 401 (0ms)
2026-04-15 07:24:19,834 GET /api/auth/me → 401 (2ms)
2026-04-15 07:24:48,587 GET /api/auth/me → 401 (2ms)
2026-04-15 07:24:48,587 GET /api/auth/me → 401 (3ms)
2026-04-15 07:24:54,505 GET /api/auth/me → 401 (0ms)
2026-04-15 07:24:54,519 GET /api/auth/me → 401 (0ms)
2026-04-15 07:25:08,057 GET /api/auth/me → 401 (0ms)
2026-04-15 07:25:08,615 GET /api/auth/me → 401 (1ms)
2026-04-15 07:25:08,660 GET /api/auth/me → 401 (0ms)
2026-04-15 07:25:38,701 GET /api/auth/me → 401 (0ms)
2026-04-15 07:25:39,442 GET /api/auth/me → 401 (0ms)
2026-04-15 07:25:39,495 GET /api/auth/me → 401 (0ms)
2026-04-15 07:25:41,722 GET /api/taxi/active → 404 (4ms)
2026-04-15 07:25:41,732 GET /api/taxi/active → 404 (4ms)
2026-04-15 07:28:00,358 GET /api/auth/me → 401 (0ms)
2026-04-15 07:28:00,915 GET /api/auth/me → 401 (0ms)
2026-04-15 07:28:00,965 GET /api/auth/me → 401 (0ms)
2026-04-15 07:30:09,858 GET /api/auth/me → 401 (0ms)
2026-04-15 07:30:09,952 GET /api/auth/me → 401 (0ms)
2026-04-15 07:30:10,455 GET /api/auth/me → 401 (0ms)
2026-04-15 07:30:10,501 GET /api/auth/me → 401 (0ms)
2026-04-15 07:30:18,927 GET /api/taxi/active → 404 (4ms)
2026-04-15 07:30:19,022 GET /api/taxi/active → 404 (4ms)
2026-04-15 07:32:27,032 GET /api/auth/me → 401 (0ms)
2026-04-15 07:32:27,095 GET /api/auth/me → 401 (2ms)
2026-04-15 07:32:27,623 GET /api/auth/me → 401 (0ms)
2026-04-15 07:32:27,669 GET /api/auth/me → 401 (0ms)
2026-04-15 07:34:34,536 GET /api/payments/terminal-summary → 403 (4ms)
2026-04-15 07:34:34,536 GET /api/payments/terminal-summary → 403 (6ms)
2026-04-15 07:35:15,328 GET /api/merchant-portal/dashboard → 403 (5ms)
2026-04-15 07:35:15,329 GET /api/merchant-portal/dashboard → 403 (3ms)
2026-04-15 07:37:17,568 GET /api/auth/me → 401 (0ms)
2026-04-15 07:37:18,305 GET /api/auth/me → 401 (0ms)
2026-04-15 07:37:18,348 GET /api/auth/me → 401 (0ms)
2026-04-15 07:38:28,829 GET /api/kids/gps/zones → 405 (2ms)
2026-04-15 07:38:53,292 POST /api/kids/gps/zones → 422 (3ms)
2026-04-15 07:38:53,437 POST /api/kids/gps/zones → 422 (2ms)
2026-04-15 07:38:53,587 POST /api/kids/gps/zones → 422 (2ms)
2026-04-15 07:38:53,700 POST /api/kids/gps/zones → 422 (2ms)
2026-04-15 07:38:53,804 GET /api/kids/gps/zones → 405 (2ms)
2026-04-15 07:39:16,659 GET /api/kids/gps/zones → 405 (2ms)
2026-04-15 07:54:01,842 GET /api/merchant-hierarchy/revenue → 403 (10ms)
2026-04-15 07:54:01,845 GET /api/merchant-hierarchy/revenue → 403 (8ms)
2026-04-15 07:59:10,134 POST /api/mining/launchpad/buy → 400 (3ms)
2026-04-15 07:59:46,579 GET /api/taxi/active → 404 (7ms)
2026-04-15 07:59:46,579 GET /api/taxi/active → 404 (7ms)
2026-04-15 08:00:19,134 POST /api/taxi/estimate → 422 (2ms)
2026-04-15 08:00:21,687 POST /api/taxi/estimate → 422 (2ms)
2026-04-15 08:02:34,793 GET /api/auth/me → 401 (1ms)
2026-04-15 08:02:34,796 GET /api/auth/me → 401 (3ms)
2026-04-15 08:02:39,616 POST /api/taxi/estimate → 422 (2ms)
2026-04-15 08:02:48,177 GET /api/auth/me → 401 (0ms)
2026-04-15 08:02:48,181 GET /api/auth/me → 401 (0ms)
2026-04-15 08:02:54,705 GET /api/auth/me → 401 (0ms)
2026-04-15 08:02:54,715 GET /api/auth/me → 401 (0ms)
2026-04-15 08:04:52,167 GET /api/auth/me → 401 (0ms)
2026-04-15 08:04:52,171 GET /api/auth/me → 401 (0ms)
2026-04-15 08:05:25,997 GET /api/auth/me → 401 (0ms)
2026-04-15 08:05:26,050 GET /api/auth/me → 401 (0ms)
2026-04-15 08:05:26,771 GET /api/auth/me → 401 (0ms)
2026-04-15 08:05:26,820 GET /api/auth/me → 401 (0ms)
2026-04-15 08:05:46,150 GET /api/auth/me → 401 (0ms)
2026-04-15 08:05:46,208 GET /api/auth/me → 401 (0ms)
2026-04-15 08:05:47,154 GET /api/auth/me → 401 (0ms)
2026-04-15 08:05:47,204 GET /api/auth/me → 401 (0ms)
2026-04-15 08:06:12,998 GET /api/auth/me → 401 (0ms)
2026-04-15 08:06:13,052 GET /api/auth/me → 401 (0ms)
2026-04-15 08:06:13,548 GET /api/auth/me → 401 (0ms)
2026-04-15 08:06:13,594 GET /api/auth/me → 401 (0ms)
2026-04-15 08:06:23,596 GET /api/taxi/active → 404 (4ms)
2026-04-15 08:06:23,648 GET /api/taxi/active → 404 (4ms)
2026-04-15 08:06:46,493 GET /api/auth/me → 401 (0ms)
2026-04-15 08:06:47,051 GET /api/auth/me → 401 (0ms)
2026-04-15 08:06:47,104 GET /api/auth/me → 401 (0ms)
2026-04-15 08:06:55,030 GET /api/taxi/active → 404 (4ms)
2026-04-15 08:06:55,087 GET /api/taxi/active → 404 (4ms)
2026-04-15 08:07:06,811 GET /api/taxi/history → 404 (4ms)
2026-04-15 08:07:50,616 GET /api/auth/me → 401 (0ms)
2026-04-15 08:07:51,148 GET /api/auth/me → 401 (0ms)
2026-04-15 08:07:51,197 GET /api/auth/me → 401 (0ms)
2026-04-15 08:07:59,171 GET /api/taxi/active → 404 (4ms)
2026-04-15 08:07:59,226 GET /api/taxi/active → 404 (4ms)
2026-04-15 08:09:10,935 GET /api/kids/children → 401 (0ms)
2026-04-15 08:09:46,592 GET /api/kids/children → 401 (0ms)
2026-04-15 08:09:55,577 GET /api/kids/children → 401 (0ms)
2026-04-15 08:10:47,726 GET /api/auth/me → 401 (0ms)
2026-04-15 08:10:47,778 GET /api/auth/me → 401 (0ms)
2026-04-15 08:10:48,270 GET /api/auth/me → 401 (0ms)
2026-04-15 08:10:48,316 GET /api/auth/me → 401 (0ms)
2026-04-15 08:10:58,278 GET /api/auth/me → 401 (0ms)
2026-04-15 08:10:58,279 GET /api/auth/me → 401 (0ms)
2026-04-15 08:12:59,851 GET /api/auth/me → 401 (3ms)
2026-04-15 08:13:00,867 GET /api/auth/me → 401 (0ms)
2026-04-15 08:13:00,868 GET /api/auth/me → 401 (0ms)
2026-04-15 08:13:26,858 GET /api/auth/me → 401 (0ms)
2026-04-15 08:13:26,903 GET /api/auth/me → 401 (0ms)
2026-04-15 08:13:27,418 GET /api/auth/me → 401 (0ms)
2026-04-15 08:13:27,463 GET /api/auth/me → 401 (0ms)
2026-04-15 08:13:59,082 GET /api/auth/me → 401 (1ms)
2026-04-15 08:13:59,083 GET /api/auth/me → 401 (1ms)
2026-04-15 08:18:18,702 GET /api/auth/me → 401 (2ms)
2026-04-15 08:18:18,704 GET /api/auth/me → 401 (1ms)
2026-04-15 08:18:31,738 GET /api/auth/me → 401 (0ms)
2026-04-15 08:18:31,740 GET /api/auth/me → 401 (0ms)
2026-04-15 08:21:05,636 GET /api/auth/me → 401 (0ms)
2026-04-15 08:21:05,643 GET /api/auth/me → 401 (3ms)
2026-04-15 08:25:51,917 GET /api/auth/me → 401 (0ms)
2026-04-15 08:25:51,918 GET /api/auth/me → 401 (0ms)
2026-04-15 08:25:51,983 GET /api/auth/me → 401 (3ms)
2026-04-15 08:25:51,985 GET /api/auth/me → 401 (0ms)
2026-04-15 08:26:43,624 GET /api/auth/me → 401 (2ms)
2026-04-15 08:26:43,626 GET /api/auth/me → 401 (1ms)
2026-04-15 08:27:38,199 GET /api/auth/me → 401 (1ms)
2026-04-15 08:27:38,203 GET /api/auth/me → 401 (3ms)
2026-04-15 08:27:47,035 GET /api/auth/me → 401 (3ms)
2026-04-15 08:27:47,039 GET /api/auth/me → 401 (1ms)
2026-04-15 08:27:47,316 GET /api/p2p/recipients/recent → 401 (1ms)
2026-04-15 08:27:47,317 GET /api/wallet/balance → 401 (0ms)
2026-04-15 08:27:47,319 GET /api/p2p/recipients/recent → 401 (1ms)
2026-04-15 08:27:47,325 GET /api/wallet/balance → 401 (0ms)
2026-04-15 08:28:40,327 GET /api/taxi/active → 404 (5ms)
2026-04-15 08:28:40,337 GET /api/taxi/active → 404 (6ms)
2026-04-15 08:29:53,007 POST /api/gaming/slots/win → 400 (4ms)
2026-04-15 08:29:53,191 POST /api/gaming/slots/win → 400 (3ms)
2026-04-15 08:29:59,919 POST /api/gaming/slots/win → 400 (3ms)
2026-04-15 08:30:34,347 GET /api/scooter/active → 404 (5ms)
2026-04-15 08:30:34,348 GET /api/scooter/pricing → 404 (4ms)
2026-04-15 08:30:34,349 GET /api/scooter/pricing → 404 (3ms)
2026-04-15 08:30:34,356 GET /api/scooter/active → 404 (1ms)
2026-04-15 08:30:41,118 GET /api/scooter/my-subscription → 404 (2ms)
2026-04-15 08:31:40,293 GET /api/scooter/history → 404 (2ms)
2026-04-15 08:34:20,081 GET /api/auth/me → 401 (1ms)
2026-04-15 08:34:20,087 GET /api/auth/me → 401 (1ms)
2026-04-15 08:36:00,635 GET /api/auth/me → 401 (0ms)
2026-04-15 08:36:00,647 GET /api/auth/me → 401 (0ms)
2026-04-15 08:40:23,418 GET /api/kids/spending/child_888c787e77d9 → 404 (4ms)
2026-04-15 08:40:23,422 GET /api/kids/spending/child_888c787e77d9 → 404 (3ms)
2026-04-15 08:41:32,467 GET /api/auth/me → 401 (1ms)
2026-04-15 08:41:32,468 GET /api/auth/me → 401 (1ms)
2026-04-15 08:48:39,292 GET /api/auth/me → 401 (2ms)
2026-04-15 08:48:39,339 GET /api/auth/me → 401 (0ms)
2026-04-15 08:48:39,879 GET /api/auth/me → 401 (0ms)
2026-04-15 08:48:39,928 GET /api/auth/me → 401 (0ms)
2026-04-15 08:49:09,513 GET /api/auth/me → 401 (0ms)
2026-04-15 08:49:10,049 GET /api/auth/me → 401 (0ms)
2026-04-15 08:49:10,105 GET /api/auth/me → 401 (0ms)
2026-04-15 08:49:18,035 GET /api/scooter/pricing → 404 (4ms)
2026-04-15 08:49:18,038 GET /api/scooter/active → 404 (3ms)
2026-04-15 08:49:18,088 GET /api/scooter/pricing → 404 (4ms)
2026-04-15 08:49:18,091 GET /api/scooter/active → 404 (2ms)
2026-04-15 08:54:59,608 GET /api/auth/me → 401 (3ms)
2026-04-15 08:54:59,608 GET /api/auth/me → 401 (3ms)
2026-04-15 09:02:36,813 GET /api/auth/me → 401 (0ms)
2026-04-15 09:02:37,399 GET /api/auth/me → 401 (0ms)
2026-04-15 09:02:37,402 GET /api/auth/me → 401 (0ms)
2026-04-15 09:02:45,475 GET /api/marketplace/favorites → 404 (7ms)
2026-04-15 09:02:45,517 GET /api/marketplace/favorites → 404 (1ms)
2026-04-15 09:07:54,123 GET /api/auth/me → 401 (0ms)
2026-04-15 09:11:12,616 GET /api/auth/me → 401 (1ms)
2026-04-15 09:11:12,619 GET /api/auth/me → 401 (3ms)
2026-04-15 09:11:46,117 GET /api/auth/me → 401 (0ms)
2026-04-15 09:11:46,193 GET /api/auth/me → 401 (0ms)
2026-04-15 09:12:13,917 GET /api/auth/me → 401 (0ms)
2026-04-15 09:12:13,981 GET /api/auth/me → 401 (0ms)
2026-04-15 09:12:14,525 GET /api/auth/me → 401 (0ms)
2026-04-15 09:12:14,578 GET /api/auth/me → 401 (0ms)
2026-04-15 09:12:51,133 GET /api/auth/me → 401 (0ms)
2026-04-15 09:12:51,696 GET /api/auth/me → 401 (0ms)
2026-04-15 09:12:51,704 GET /api/auth/me → 401 (0ms)
2026-04-15 09:13:31,406 GET /api/auth/me → 401 (0ms)
2026-04-15 09:13:31,940 GET /api/auth/me → 401 (0ms)
2026-04-15 09:13:31,990 GET /api/auth/me → 401 (0ms)
2026-04-15 09:17:51,625 GET /api/auth/me → 401 (0ms)
2026-04-15 09:17:52,663 GET /api/auth/me → 401 (0ms)
2026-04-15 09:17:52,712 GET /api/auth/me → 401 (0ms)
2026-04-15 09:18:23,550 GET /api/auth/me → 401 (19ms)
2026-04-15 09:18:24,122 GET /api/auth/me → 401 (0ms)
2026-04-15 09:18:24,168 GET /api/auth/me → 401 (0ms)
2026-04-15 09:28:06,260 GET /api/auth/me → 401 (0ms)
2026-04-15 09:28:06,819 GET /api/auth/me → 401 (0ms)
2026-04-15 09:28:06,870 GET /api/auth/me → 401 (0ms)
2026-04-15 09:28:38,699 GET /api/auth/me → 401 (0ms)
2026-04-15 09:28:38,748 GET /api/auth/me → 401 (0ms)
2026-04-15 09:28:39,252 GET /api/auth/me → 401 (0ms)
2026-04-15 09:28:39,300 GET /api/auth/me → 401 (0ms)
2026-04-15 09:33:05,514 GET /api/auth/me → 401 (0ms)
2026-04-15 09:33:05,518 GET /api/auth/me → 401 (0ms)
2026-04-15 09:33:05,842 GET /api/wallet/balance → 401 (0ms)
2026-04-15 09:33:05,846 GET /api/p2p/recipients/recent → 401 (1ms)
2026-04-15 09:33:05,848 GET /api/p2p/recipients/recent → 401 (1ms)
2026-04-15 09:33:05,848 GET /api/wallet/balance → 401 (0ms)
2026-04-15 09:43:41,593 GET /api/auth/me → 401 (0ms)
2026-04-15 09:43:42,162 GET /api/auth/me → 401 (0ms)
2026-04-15 09:43:42,217 GET /api/auth/me → 401 (0ms)
2026-04-15 09:44:10,654 GET /api/auth/me → 401 (1ms)
2026-04-15 09:44:11,207 GET /api/auth/me → 401 (0ms)
2026-04-15 09:44:11,210 GET /api/auth/me → 401 (0ms)
2026-04-15 10:39:13,597 GET /api/auth/me → 401 (4ms)
2026-04-15 10:39:13,645 GET /api/auth/me → 401 (0ms)
2026-04-15 15:50:27,726 GET /api/auth/me → 401 (0ms)
2026-04-15 15:50:27,728 GET /api/auth/me → 401 (0ms)
2026-04-15 16:00:02,022 GET /api/stats/dashboard → 404 (4ms)
2026-04-15 16:00:09,934 GET /api/stats/dashboard → 404 (4ms)
2026-04-15 16:00:40,154 GET /api/auth/me → 401 (3ms)
2026-04-15 16:00:41,204 GET /api/auth/me → 401 (0ms)
2026-04-15 16:00:41,257 GET /api/auth/me → 401 (0ms)
2026-04-15 16:00:47,795 GET /api/notifications/unread → 405 (3ms)
2026-04-15 16:04:28,847 GET /api/auth/me → 401 (0ms)
2026-04-15 16:04:28,923 GET /api/auth/me → 401 (0ms)
2026-04-15 16:18:33,534 GET /api/auth/me → 401 (0ms)
2026-04-15 16:18:33,642 GET /api/auth/me → 401 (0ms)
2026-04-15 16:18:36,604 GET /api/auth/me → 401 (0ms)
2026-04-15 16:18:36,695 GET /api/auth/me → 401 (0ms)
2026-04-15 16:18:43,138 GET /api/notifications/unread → 405 (2ms)
2026-04-15 16:19:11,968 GET /api/auth/me → 401 (0ms)
2026-04-15 16:19:12,146 GET /api/auth/me → 401 (0ms)
2026-04-15 16:19:15,638 GET /api/auth/me → 401 (0ms)
2026-04-15 16:19:15,730 GET /api/auth/me → 401 (0ms)
2026-04-15 16:19:22,272 GET /api/notifications/unread → 405 (4ms)
2026-04-15 16:19:28,598 GET /api/cards/market → 404 (10ms)
2026-04-15 16:19:28,601 GET /api/cards/my-collection → 404 (11ms)
2026-04-15 16:19:28,693 GET /api/cards/market → 404 (3ms)
2026-04-15 16:19:28,702 GET /api/cards/my-collection → 404 (3ms)
2026-04-15 19:26:05,328 GET /api/auth/me → 401 (0ms)
2026-04-15 19:26:05,354 GET /api/auth/me → 401 (0ms)
2026-04-15 19:26:21,872 GET /api/auth/me → 401 (3ms)
2026-04-15 19:26:21,876 GET /api/auth/me → 401 (3ms)
2026-04-15 19:33:51,053 GET /api/auth/me → 401 (0ms)
2026-04-15 19:33:51,593 GET /api/auth/me → 401 (0ms)
2026-04-15 19:33:51,662 GET /api/auth/me → 401 (0ms)
2026-04-15 19:33:58,172 GET /api/notifications/unread → 405 (2ms)
2026-04-15 19:34:28,932 GET /api/auth/me → 401 (0ms)
2026-04-15 19:34:28,994 GET /api/auth/me → 401 (0ms)
2026-04-15 19:49:33,476 GET /api/auth/me → 401 (0ms)
2026-04-15 19:49:33,538 GET /api/auth/me → 401 (0ms)
2026-04-15 19:49:34,153 GET /api/auth/me → 401 (0ms)
2026-04-15 19:49:34,211 GET /api/auth/me → 401 (0ms)
2026-04-15 20:05:21,688 GET /api/auth/me → 401 (0ms)
2026-04-15 20:05:21,759 GET /api/auth/me → 401 (0ms)
2026-04-15 20:12:40,330 GET /api/auth/me → 401 (0ms)
2026-04-15 20:12:40,348 GET /api/auth/me → 401 (0ms)
2026-04-15 20:12:53,373 GET /api/auth/me → 401 (0ms)
2026-04-15 20:12:53,948 GET /api/auth/me → 401 (0ms)
2026-04-15 20:12:54,008 GET /api/auth/me → 401 (0ms)
2026-04-15 20:20:59,653 GET /api/auth/me → 401 (3ms)
2026-04-15 20:20:59,728 GET /api/auth/me → 401 (0ms)
2026-04-15 20:24:23,545 GET /api/auth/me → 401 (0ms)
2026-04-15 20:24:23,549 GET /api/auth/me → 401 (0ms)
2026-04-15 20:31:07,006 GET /api/blitzpay/my-token → 401 (2ms)
2026-04-15 20:31:28,335 GET /api/blitzpay/my-token → 401 (2ms)
2026-04-15 20:31:28,513 POST /api/blitzpay/generate-token → 401 (3ms)
2026-04-15 20:31:28,692 GET /api/blitzpay/history → 401 (2ms)
2026-04-15 20:32:35,614 GET /api/auth/me → 401 (0ms)
2026-04-15 20:32:36,150 GET /api/auth/me → 401 (0ms)
2026-04-15 20:32:36,210 GET /api/auth/me → 401 (0ms)
2026-04-15 20:33:24,244 GET /api/auth/me → 401 (0ms)
2026-04-15 20:33:24,810 GET /api/auth/me → 401 (0ms)
2026-04-15 20:33:24,874 GET /api/auth/me → 401 (0ms)
2026-04-15 20:33:51,606 GET /api/auth/me → 401 (0ms)
2026-04-15 20:33:52,151 GET /api/auth/me → 401 (0ms)
2026-04-15 20:33:52,207 GET /api/auth/me → 401 (0ms)
2026-04-15 20:34:15,541 GET /api/auth/me → 401 (0ms)
2026-04-15 20:34:16,064 GET /api/auth/me → 401 (0ms)
2026-04-15 20:34:16,125 GET /api/auth/me → 401 (0ms)
2026-04-15 20:35:07,587 GET /api/auth/me → 401 (0ms)
2026-04-15 20:35:08,170 GET /api/auth/me → 401 (0ms)
2026-04-15 20:35:08,237 GET /api/auth/me → 401 (0ms)
2026-04-15 20:35:16,395 GET /api/notifications/unread → 405 (3ms)
2026-04-15 20:35:46,180 GET /api/auth/me → 401 (0ms)
2026-04-15 20:35:46,237 GET /api/auth/me → 401 (0ms)
2026-04-15 20:35:46,753 GET /api/auth/me → 401 (0ms)
2026-04-15 20:35:46,815 GET /api/auth/me → 401 (3ms)
2026-04-15 20:35:53,161 GET /api/notifications/unread → 405 (3ms)
2026-04-15 20:36:11,836 GET /api/auth/me → 401 (0ms)
2026-04-15 20:36:12,402 GET /api/auth/me → 401 (0ms)
2026-04-15 20:36:12,466 GET /api/auth/me → 401 (0ms)
2026-04-15 20:36:18,794 GET /api/notifications/unread → 405 (2ms)
2026-04-15 20:43:56,605 GET /api/auth/me → 401 (0ms)
2026-04-15 20:43:56,666 GET /api/auth/me → 401 (0ms)
2026-04-15 20:43:57,325 GET /api/auth/me → 401 (0ms)
2026-04-15 20:43:57,391 GET /api/auth/me → 401 (0ms)
2026-04-15 20:44:03,479 GET /api/notifications/unread → 405 (3ms)
2026-04-15 20:46:02,764 GET /api/auth/me → 401 (0ms)
2026-04-15 20:46:03,343 GET /api/auth/me → 401 (0ms)
2026-04-15 20:46:03,408 GET /api/auth/me → 401 (0ms)
2026-04-15 20:46:09,752 GET /api/notifications/unread → 405 (19ms)
2026-04-15 20:49:23,172 GET /api/auth/me → 401 (0ms)
2026-04-15 20:49:23,172 GET /api/auth/me → 401 (0ms)
2026-04-15 20:57:23,380 GET /api/auth/me → 401 (0ms)
2026-04-15 20:57:23,969 GET /api/auth/me → 401 (0ms)
2026-04-15 20:57:24,035 GET /api/auth/me → 401 (0ms)
2026-04-15 20:57:30,300 GET /api/notifications/unread → 405 (6ms)
2026-04-15 20:57:49,185 GET /api/auth/me → 401 (0ms)
2026-04-15 20:57:49,747 GET /api/auth/me → 401 (0ms)
2026-04-15 20:57:49,821 GET /api/auth/me → 401 (0ms)
2026-04-15 20:57:56,074 GET /api/notifications/unread → 405 (2ms)
2026-04-15 21:13:22,328 POST /api/levelup/referral/redeem → 400 (4ms)
2026-04-15 21:13:39,576 GET /api/auth/me → 401 (0ms)
2026-04-15 21:13:39,649 GET /api/auth/me → 401 (0ms)
2026-04-15 21:13:40,239 GET /api/auth/me → 401 (0ms)
2026-04-15 21:13:40,315 GET /api/auth/me → 401 (0ms)
2026-04-15 21:13:46,504 GET /api/notifications/unread → 405 (3ms)
2026-04-15 21:22:42,253 GET /api/auth/me → 401 (0ms)
2026-04-15 21:22:42,331 GET /api/auth/me → 401 (0ms)
2026-04-15 21:23:01,838 GET /api/auth/me → 401 (0ms)
2026-04-15 21:23:01,839 GET /api/auth/me → 401 (0ms)
2026-04-15 21:23:12,455 GET /api/auth/me → 401 (0ms)
2026-04-15 21:23:12,460 GET /api/auth/me → 401 (0ms)
2026-04-15 21:31:58,796 GET /api/auth/me → 401 (0ms)
2026-04-15 21:31:58,859 GET /api/auth/me → 401 (0ms)
2026-04-15 21:31:59,380 GET /api/auth/me → 401 (0ms)
2026-04-15 21:31:59,444 GET /api/auth/me → 401 (0ms)
2026-04-15 21:32:05,754 GET /api/notifications/unread → 405 (3ms)
2026-04-15 21:41:02,280 GET /api/auth/me → 401 (0ms)
2026-04-15 21:41:02,282 GET /api/auth/me → 401 (0ms)
2026-04-15 21:41:17,117 GET /api/auth/me → 401 (0ms)
2026-04-15 21:41:17,124 GET /api/auth/me → 401 (0ms)
2026-04-15 21:45:19,116 GET /api/auth/me → 401 (0ms)
2026-04-15 21:45:19,117 GET /api/auth/me → 401 (0ms)
2026-04-15 21:48:48,429 GET /api/auth/me → 401 (0ms)
2026-04-15 21:48:48,978 GET /api/auth/me → 401 (0ms)
2026-04-15 21:48:48,983 GET /api/auth/me → 401 (0ms)
2026-04-15 21:48:55,356 GET /api/notifications/unread → 405 (3ms)
2026-04-15 22:21:25,654 GET /api/auth/me → 401 (0ms)
2026-04-15 22:21:25,724 GET /api/auth/me → 401 (0ms)
2026-04-16 07:42:47,296 GET /api/auth/me → 401 (0ms)
2026-04-16 07:42:47,355 GET /api/auth/me → 401 (0ms)
2026-04-16 07:46:02,030 GET /api/auth/me → 401 (0ms)
2026-04-16 07:46:02,031 GET /api/auth/me → 401 (0ms)
2026-04-16 07:59:17,359 GET /api/auth/me → 401 (0ms)
2026-04-16 07:59:17,969 GET /api/auth/me → 401 (0ms)
2026-04-16 07:59:18,018 GET /api/auth/me → 401 (0ms)
2026-04-16 07:59:24,194 GET /api/notifications/unread → 405 (3ms)
2026-04-16 08:14:22,441 GET /api/auth/me → 401 (0ms)
2026-04-16 08:14:22,445 GET /api/auth/me → 401 (0ms)
2026-04-16 08:14:29,600 GET /api/auth/me → 401 (0ms)
2026-04-16 08:14:29,602 GET /api/auth/me → 401 (0ms)
2026-04-16 08:18:25,628 GET /api/auth/me → 401 (1ms)
2026-04-16 08:18:25,628 GET /api/auth/me → 401 (1ms)
2026-04-16 08:20:50,234 GET /api/auth/me → 401 (1ms)
2026-04-16 08:20:50,234 GET /api/auth/me → 401 (1ms)
2026-04-16 08:21:13,992 GET /api/auth/me → 401 (0ms)
2026-04-16 08:21:14,044 GET /api/auth/me → 401 (0ms)
2026-04-16 08:22:25,284 GET /api/auth/me → 401 (0ms)
2026-04-16 08:22:25,286 GET /api/auth/me → 401 (0ms)
2026-04-16 08:24:52,702 GET /api/auth/me → 401 (0ms)
2026-04-16 08:24:52,769 GET /api/auth/me → 401 (0ms)
2026-04-16 08:24:53,065 GET /api/wallet/balance → 401 (1ms)
2026-04-16 08:24:53,065 GET /api/p2p/recipients/recent → 401 (1ms)
2026-04-16 08:24:53,067 GET /api/p2p/recipients/recent → 401 (1ms)
2026-04-16 08:24:53,068 GET /api/wallet/balance → 401 (0ms)
2026-04-16 08:51:31,040 POST /api/auth/register → 400 (2ms)
2026-04-16 08:55:25,144 GET /api/auth/me → 401 (0ms)
2026-04-16 08:55:25,146 GET /api/auth/me → 401 (0ms)
2026-04-16 09:05:27,074 PUT /api/admin/users/69e0a24569c5da1ddf6e6d23/role → 404 (2ms)
2026-04-16 09:05:27,925 GET /api/auth/me → 401 (1ms)
2026-04-16 09:05:27,929 GET /api/auth/me → 401 (0ms)
2026-04-16 09:06:25,648 GET /api/auth/me → 401 (0ms)
2026-04-16 09:06:25,678 GET /api/auth/me → 401 (0ms)
2026-04-16 09:07:38,609 GET /api/auth/me → 401 (0ms)
2026-04-16 09:07:38,610 GET /api/auth/me → 401 (0ms)
2026-04-16 09:10:07,743 GET /api/auth/me → 401 (1ms)
2026-04-16 09:10:07,743 GET /api/auth/me → 401 (1ms)
2026-04-16 09:22:13,693 GET /api/auth/me → 401 (0ms)
2026-04-16 09:22:13,697 GET /api/auth/me → 401 (0ms)
2026-04-16 09:59:25,496 GET /api/auth/me → 401 (0ms)
2026-04-16 09:59:25,542 GET /api/auth/me → 401 (0ms)
2026-04-16 11:34:55,490 GET /api/auth/me → 401 (1ms)
2026-04-16 11:34:55,492 GET /api/auth/me → 401 (0ms)
2026-04-16 11:35:34,620 GET /api/auth/me → 401 (0ms)
2026-04-16 11:35:34,629 GET /api/auth/me → 401 (0ms)
2026-04-16 12:19:51,639 GET /api/auth/me → 401 (0ms)
2026-04-16 12:19:51,641 GET /api/auth/me → 401 (0ms)
2026-04-16 12:21:19,266 GET /api/auth/me → 401 (0ms)
2026-04-16 12:21:19,314 GET /api/auth/me → 401 (0ms)
2026-04-16 13:14:01,015 GET /api/auth/me → 401 (0ms)
2026-04-16 13:14:01,029 GET /api/auth/me → 401 (0ms)
2026-04-16 13:14:27,721 GET /api/health → 404 (4ms)
2026-04-16 13:15:04,665 GET /api/auth/me → 401 (0ms)
2026-04-16 13:15:04,674 GET /api/auth/me → 401 (1ms)
2026-04-16 13:21:31,763 GET /api/marketplace/listings → 404 (2ms)
2026-04-16 13:21:32,291 GET /api/admin/stats → 401 (0ms)
2026-04-16 13:22:39,164 GET /api/auth/me → 401 (0ms)
2026-04-16 13:22:39,307 GET /api/auth/me → 401 (0ms)
2026-04-16 13:23:00,304 GET /api/auth/me → 401 (0ms)
2026-04-16 13:23:00,660 GET /api/auth/me → 401 (0ms)
2026-04-16 13:23:21,806 GET /api/auth/me → 401 (0ms)
2026-04-16 13:23:21,983 GET /api/auth/me → 401 (0ms)
2026-04-16 13:23:27,882 GET /api/notifications/unread → 405 (5ms)
2026-04-16 13:23:47,251 GET /api/auth/me → 401 (0ms)
2026-04-16 13:23:47,429 GET /api/auth/me → 401 (0ms)
2026-04-16 13:23:52,811 GET /api/auth/me → 401 (0ms)
2026-04-16 13:23:53,118 GET /api/auth/me → 401 (0ms)
2026-04-16 13:24:24,646 GET /api/auth/me → 401 (0ms)
2026-04-16 13:24:25,024 GET /api/auth/me → 401 (0ms)
2026-04-16 13:24:35,448 GET /api/auth/me → 401 (0ms)
2026-04-16 13:24:35,598 GET /api/auth/me → 401 (0ms)
2026-04-16 13:24:50,814 GET /api/auth/me → 401 (0ms)
2026-04-16 13:24:50,902 GET /api/auth/me → 401 (0ms)
2026-04-16 13:24:56,875 GET /api/auth/me → 401 (1ms)
2026-04-16 13:24:56,924 GET /api/auth/me → 401 (0ms)
2026-04-16 13:25:44,007 GET /api/auth/me → 401 (0ms)
2026-04-16 13:25:44,070 GET /api/auth/me → 401 (0ms)
2026-04-16 13:26:06,836 GET /api/auth/me → 401 (0ms)
2026-04-16 13:26:07,029 GET /api/auth/me → 401 (0ms)
2026-04-16 13:27:54,558 GET /api/auth/me → 401 (1ms)
2026-04-16 13:27:54,619 GET /api/auth/me → 401 (0ms)
2026-04-16 13:29:01,020 GET /api/auth/me → 401 (0ms)
2026-04-16 13:29:01,070 GET /api/auth/me → 401 (0ms)
2026-04-16 13:29:27,768 GET /api/surveys/available → 401 (2ms)
2026-04-16 13:29:28,645 GET /api/daily-spin/status → 401 (3ms)
2026-04-16 13:32:41,744 GET /api/auth/me → 401 (0ms)
2026-04-16 14:35:26,174 GET /api/auth/me → 401 (0ms)
2026-04-16 14:35:26,224 GET /api/auth/me → 401 (0ms)
2026-04-16 15:40:46,220 GET /api/auth/me → 401 (0ms)
2026-04-16 15:40:46,306 GET /api/auth/me → 401 (0ms)
2026-04-16 15:41:03,964 GET /api/auth/me → 401 (0ms)
2026-04-16 15:41:04,011 GET /api/auth/me → 401 (0ms)
2026-04-16 15:41:26,279 GET /api/auth/me → 401 (0ms)
2026-04-16 15:41:26,357 GET /api/auth/me → 401 (0ms)
2026-04-16 15:42:20,088 GET /api/auth/me → 401 (0ms)
2026-04-16 15:42:20,139 GET /api/auth/me → 401 (0ms)
2026-04-16 15:42:27,611 GET /api/notifications/unread → 405 (3ms)
2026-04-16 15:43:58,458 GET /api/auth/me → 401 (0ms)
2026-04-16 15:43:58,553 GET /api/auth/me → 401 (0ms)
2026-04-16 15:44:05,975 GET /api/notifications/unread → 405 (3ms)
2026-04-16 15:44:25,161 GET /api/auth/me → 401 (0ms)
2026-04-16 15:44:25,217 GET /api/auth/me → 401 (0ms)
2026-04-16 15:44:32,396 GET /api/notifications/unread → 405 (7ms)
2026-04-16 15:44:56,465 GET /api/auth/me → 401 (0ms)
2026-04-16 15:44:56,517 GET /api/auth/me → 401 (0ms)
2026-04-16 15:45:03,775 GET /api/notifications/unread → 405 (3ms)
2026-04-16 15:45:34,011 GET /api/auth/me → 401 (0ms)
2026-04-16 15:45:34,077 GET /api/auth/me → 401 (0ms)
2026-04-16 15:45:41,294 GET /api/notifications/unread → 405 (9ms)
2026-04-16 16:16:17,118 GET /api/auth/me → 401 (3ms)
2026-04-16 16:16:17,180 GET /api/auth/me → 401 (0ms)
2026-04-16 16:56:03,990 GET /api/auth/me → 401 (0ms)
2026-04-16 16:56:04,055 GET /api/auth/me → 401 (0ms)
2026-04-16 17:59:39,599 GET /api/auth/me → 401 (0ms)
2026-04-16 17:59:39,624 GET /api/auth/me → 401 (0ms)
2026-04-16 18:34:40,617 GET /api/auth/me → 401 (0ms)
2026-04-16 18:34:40,618 GET /api/auth/me → 401 (0ms)
2026-04-16 18:35:05,066 GET /api/auth/me → 401 (0ms)
2026-04-16 18:35:05,134 GET /api/auth/me → 401 (0ms)
2026-04-16 18:37:35,179 GET /api/auth/me → 401 (3ms)
2026-04-16 18:37:35,180 GET /api/auth/me → 401 (5ms)
2026-04-16 18:39:15,094 GET /api/auth/me → 401 (0ms)
2026-04-16 18:39:15,152 GET /api/auth/me → 401 (0ms)
2026-04-16 18:39:22,520 GET /api/notifications/unread → 405 (3ms)
2026-04-16 18:39:44,489 POST /api/kids/create-checkout → 500 (217ms)
2026-04-16 18:41:41,646 GET /api/auth/me → 401 (0ms)
2026-04-16 18:41:41,913 POST /api/auth/refresh → 401 (0ms)
2026-04-16 18:41:42,108 POST /api/auth/refresh → 401 (0ms)
2026-04-16 18:43:56,525 GET /api/mining/shop → 404 (5ms)
2026-04-16 18:46:34,386 GET /api/auth/me → 401 (0ms)
2026-04-16 18:46:34,399 GET /api/auth/me → 401 (6ms)
2026-04-16 18:46:34,604 POST /api/auth/refresh → 401 (0ms)
2026-04-16 18:46:34,610 POST /api/auth/refresh → 401 (0ms)
2026-04-16 18:46:34,828 POST /api/auth/refresh → 401 (0ms)
2026-04-16 18:46:34,829 POST /api/auth/refresh → 401 (0ms)
2026-04-16 18:47:45,381 GET /api/auth/me → 401 (0ms)
2026-04-16 18:47:45,451 POST /api/auth/refresh → 401 (0ms)
2026-04-16 18:47:45,481 GET /api/auth/me → 401 (0ms)
2026-04-16 18:47:45,514 POST /api/auth/refresh → 401 (0ms)
2026-04-16 18:47:45,540 POST /api/auth/refresh → 401 (1ms)
2026-04-16 18:47:45,613 POST /api/auth/refresh → 401 (0ms)
2026-04-16 18:47:53,038 GET /api/notifications/unread → 405 (3ms)
2026-04-16 18:47:57,585 GET /api/notifications/unread → 405 (4ms)
2026-04-16 18:48:33,052 GET /api/auth/me → 401 (0ms)
2026-04-16 18:48:33,143 GET /api/auth/me → 401 (0ms)
2026-04-16 18:48:33,182 POST /api/auth/refresh → 401 (0ms)
2026-04-16 18:48:33,218 POST /api/auth/refresh → 401 (0ms)
2026-04-16 18:48:33,248 POST /api/auth/refresh → 401 (0ms)
2026-04-16 18:48:33,288 POST /api/auth/refresh → 401 (0ms)
2026-04-16 18:48:40,689 GET /api/notifications/unread → 405 (3ms)
2026-04-16 18:48:45,554 GET /api/notifications/unread → 405 (7ms)
2026-04-16 18:53:57,500 GET /api/auth/me → 401 (0ms)
2026-04-16 18:53:57,561 GET /api/auth/me → 401 (0ms)
2026-04-16 18:53:57,706 POST /api/auth/refresh → 401 (0ms)
2026-04-16 18:53:57,756 POST /api/auth/refresh → 401 (0ms)
2026-04-16 18:53:57,902 POST /api/auth/refresh → 401 (0ms)
2026-04-16 18:53:58,024 POST /api/auth/refresh → 401 (0ms)
2026-04-16 18:56:52,083 GET /api/auth/me → 401 (1ms)
2026-04-16 18:56:52,089 GET /api/auth/me → 401 (1ms)
2026-04-16 18:56:52,295 POST /api/auth/refresh → 401 (0ms)
2026-04-16 18:56:52,296 POST /api/auth/refresh → 401 (0ms)
2026-04-16 18:56:52,533 POST /api/auth/refresh → 401 (0ms)
2026-04-16 18:56:52,540 POST /api/auth/refresh → 401 (0ms)
2026-04-16 19:00:21,461 GET /api/auth/me → 401 (1ms)
2026-04-16 19:00:21,461 GET /api/auth/me → 401 (1ms)
2026-04-16 19:00:21,719 POST /api/auth/refresh → 401 (0ms)
2026-04-16 19:00:21,722 POST /api/auth/refresh → 401 (0ms)
2026-04-16 19:00:21,946 POST /api/auth/refresh → 401 (0ms)
2026-04-16 19:00:21,949 POST /api/auth/refresh → 401 (0ms)
2026-04-16 19:23:31,499 GET /api/auth/me → 401 (0ms)
2026-04-16 19:23:31,568 GET /api/auth/me → 401 (0ms)
2026-04-16 19:23:31,709 POST /api/auth/refresh → 401 (0ms)
2026-04-16 19:23:31,836 POST /api/auth/refresh → 401 (0ms)
2026-04-16 19:23:31,938 POST /api/auth/refresh → 401 (0ms)
2026-04-16 19:23:32,063 POST /api/auth/refresh → 401 (0ms)
2026-04-16 21:14:43,835 GET /api/auth/me → 401 (0ms)
2026-04-16 21:14:43,980 POST /api/auth/refresh → 401 (0ms)
2026-04-16 21:14:44,010 GET /api/auth/me → 401 (0ms)
2026-04-16 21:14:44,040 POST /api/auth/refresh → 401 (0ms)
2026-04-16 21:14:44,107 POST /api/auth/refresh → 401 (0ms)
2026-04-16 21:14:44,176 POST /api/auth/refresh → 401 (0ms)
2026-04-17 16:40:37,034 GET /api/auth/me → 401 (0ms)
2026-04-17 16:40:37,114 POST /api/auth/refresh → 401 (0ms)
2026-04-17 16:40:37,117 GET /api/auth/me → 401 (0ms)
2026-04-17 16:40:37,196 POST /api/auth/refresh → 401 (0ms)
2026-04-17 16:40:37,213 POST /api/auth/refresh → 401 (0ms)
2026-04-17 16:40:37,309 POST /api/auth/refresh → 401 (0ms)
2026-04-17 16:47:11,395 GET /api/auth/me → 401 (0ms)
2026-04-17 16:47:11,441 GET /api/auth/me → 401 (0ms)
2026-04-17 16:47:11,584 POST /api/auth/refresh → 401 (0ms)
2026-04-17 16:47:11,630 POST /api/auth/refresh → 401 (0ms)
2026-04-17 16:47:11,793 POST /api/auth/refresh → 401 (0ms)
2026-04-17 16:47:11,815 POST /api/auth/refresh → 401 (0ms)
2026-04-17 16:57:50,282 GET /api/auth/me → 401 (1ms)
2026-04-17 16:57:50,346 GET /api/auth/me → 401 (0ms)
2026-04-17 16:57:50,632 POST /api/auth/refresh → 401 (0ms)
2026-04-17 16:57:50,633 POST /api/auth/refresh → 401 (0ms)
2026-04-17 16:57:50,897 POST /api/auth/refresh → 401 (0ms)
2026-04-17 16:57:50,898 POST /api/auth/refresh → 401 (0ms)
2026-04-17 17:00:32,721 GET /api/auth/me → 401 (3ms)
2026-04-17 17:00:32,722 GET /api/auth/me → 401 (3ms)
2026-04-17 17:00:32,948 POST /api/auth/refresh → 401 (0ms)
2026-04-17 17:00:32,949 POST /api/auth/refresh → 401 (1ms)
2026-04-17 17:00:33,173 POST /api/auth/refresh → 401 (0ms)
2026-04-17 17:00:33,174 POST /api/auth/refresh → 401 (0ms)
2026-04-17 17:02:33,268 GET /api/auth/me → 401 (0ms)
2026-04-17 17:02:33,329 GET /api/auth/me → 401 (0ms)
2026-04-17 17:02:33,339 POST /api/auth/refresh → 401 (0ms)
2026-04-17 17:02:33,383 POST /api/auth/refresh → 401 (0ms)
2026-04-17 17:02:33,390 POST /api/auth/refresh → 401 (0ms)
2026-04-17 17:02:33,435 POST /api/auth/refresh → 401 (0ms)
2026-04-17 17:02:40,902 GET /api/notifications/unread → 405 (4ms)
2026-04-17 17:02:45,377 GET /api/notifications/unread → 405 (4ms)
2026-04-17 17:03:01,985 GET /api/auth/me → 401 (0ms)
2026-04-17 17:03:02,047 GET /api/auth/me → 401 (0ms)
2026-04-17 17:03:02,055 POST /api/auth/refresh → 401 (0ms)
2026-04-17 17:03:02,111 POST /api/auth/refresh → 401 (0ms)
2026-04-17 17:03:02,121 POST /api/auth/refresh → 401 (0ms)
2026-04-17 17:03:02,164 POST /api/auth/refresh → 401 (0ms)
2026-04-17 17:03:09,301 GET /api/notifications/unread → 405 (3ms)
2026-04-17 17:03:13,774 GET /api/notifications/unread → 405 (5ms)
2026-04-17 17:03:38,150 GET /api/auth/me → 401 (3ms)
2026-04-17 17:03:38,224 GET /api/auth/me → 401 (0ms)
2026-04-17 17:03:38,230 POST /api/auth/refresh → 401 (0ms)
2026-04-17 17:03:38,303 POST /api/auth/refresh → 401 (0ms)
2026-04-17 17:03:38,353 POST /api/auth/refresh → 401 (0ms)
2026-04-17 17:03:38,386 POST /api/auth/refresh → 401 (0ms)
2026-04-17 17:03:45,742 GET /api/notifications/unread → 405 (3ms)
2026-04-17 17:03:50,304 GET /api/notifications/unread → 405 (3ms)
2026-04-17 17:03:53,947 GET /api/notifications/unread → 405 (3ms)
2026-04-17 17:03:57,404 GET /api/notifications/unread → 405 (3ms)
2026-04-17 17:04:00,932 GET /api/notifications/unread → 405 (3ms)
2026-04-17 17:04:04,459 GET /api/notifications/unread → 405 (3ms)
2026-04-17 17:04:08,120 GET /api/notifications/unread → 405 (3ms)
2026-04-17 17:04:11,661 GET /api/notifications/unread → 405 (3ms)
2026-04-17 17:04:15,154 GET /api/notifications/unread → 405 (3ms)
2026-04-17 17:04:18,704 GET /api/notifications/unread → 405 (3ms)
2026-04-17 17:04:22,398 GET /api/notifications/unread → 405 (3ms)
2026-04-17 17:04:25,931 GET /api/notifications/unread → 405 (3ms)
2026-04-17 17:04:29,500 GET /api/notifications/unread → 405 (3ms)
2026-04-17 17:04:32,979 GET /api/notifications/unread → 405 (3ms)
2026-04-17 17:04:36,485 GET /api/notifications/unread → 405 (3ms)
2026-04-17 17:04:40,235 GET /api/notifications/unread → 405 (3ms)
2026-04-17 17:04:43,747 GET /api/notifications/unread → 405 (3ms)
2026-04-17 17:04:47,473 GET /api/notifications/unread → 405 (3ms)
2026-04-17 17:05:05,728 GET /api/auth/me → 401 (0ms)
2026-04-17 17:05:05,811 POST /api/auth/refresh → 401 (0ms)
2026-04-17 17:05:05,814 GET /api/auth/me → 401 (0ms)
2026-04-17 17:05:05,900 POST /api/auth/refresh → 401 (0ms)
2026-04-17 17:05:05,941 POST /api/auth/refresh → 401 (0ms)
2026-04-17 17:05:06,023 POST /api/auth/refresh → 401 (0ms)
2026-04-17 17:05:13,402 GET /api/notifications/unread → 405 (5ms)
2026-04-17 17:05:17,936 GET /api/notifications/unread → 405 (4ms)
2026-04-17 17:05:21,128 GET /api/notifications/unread → 405 (3ms)
2026-04-17 17:05:22,551 GET /api/notifications/unread → 405 (3ms)
2026-04-17 17:05:25,492 GET /api/notifications/unread → 405 (3ms)
2026-04-17 17:05:26,976 GET /api/notifications/unread → 405 (3ms)
2026-04-17 17:05:28,510 GET /api/notifications/unread → 405 (3ms)
2026-04-17 17:05:30,127 GET /api/notifications/unread → 405 (4ms)
2026-04-17 17:05:31,575 GET /api/notifications/unread → 405 (3ms)
2026-04-17 17:05:34,651 GET /api/notifications/unread → 405 (3ms)
2026-04-17 17:05:37,737 GET /api/notifications/unread → 405 (3ms)
2026-04-17 17:05:40,785 GET /api/notifications/unread → 405 (3ms)
2026-04-17 17:05:42,346 GET /api/notifications/unread → 405 (4ms)
2026-04-17 17:05:43,820 GET /api/notifications/unread → 405 (3ms)
2026-04-17 17:05:46,888 GET /api/notifications/unread → 405 (4ms)
2026-04-17 17:05:48,496 GET /api/notifications/unread → 405 (3ms)
2026-04-17 17:05:49,941 GET /api/notifications/unread → 405 (3ms)
2026-04-17 17:05:51,464 GET /api/notifications/unread → 405 (3ms)
2026-04-17 17:05:52,981 GET /api/notifications/unread → 405 (3ms)
2026-04-17 17:06:09,036 GET /api/auth/me → 401 (0ms)
2026-04-17 17:06:09,103 POST /api/auth/refresh → 401 (0ms)
2026-04-17 17:06:09,105 GET /api/auth/me → 401 (0ms)
2026-04-17 17:06:09,168 POST /api/auth/refresh → 401 (0ms)
2026-04-17 17:06:09,196 POST /api/auth/refresh → 401 (0ms)
2026-04-17 17:06:09,309 POST /api/auth/refresh → 401 (0ms)
2026-04-17 17:06:16,673 GET /api/notifications/unread → 405 (4ms)
2026-04-17 17:06:21,061 GET /api/notifications/unread → 405 (3ms)
2026-04-17 17:06:44,517 GET /api/auth/me → 401 (0ms)
2026-04-17 17:06:44,663 GET /api/auth/me → 401 (1ms)
2026-04-17 17:06:44,664 POST /api/auth/refresh → 401 (1ms)
2026-04-17 17:06:44,719 POST /api/auth/refresh → 401 (0ms)
2026-04-17 17:06:44,757 POST /api/auth/refresh → 401 (0ms)
2026-04-17 17:06:44,809 POST /api/auth/refresh → 401 (0ms)
2026-04-17 17:06:52,111 GET /api/notifications/unread → 405 (8ms)
2026-04-17 17:06:56,621 GET /api/notifications/unread → 405 (3ms)
2026-04-17 17:06:58,346 GET /api/notifications/unread → 405 (3ms)
2026-04-17 17:06:59,996 GET /api/notifications/unread → 405 (3ms)
2026-04-17 17:07:01,752 GET /api/notifications/unread → 405 (4ms)
2026-04-17 17:07:03,431 GET /api/notifications/unread → 405 (3ms)
2026-04-17 17:07:05,175 GET /api/notifications/unread → 405 (3ms)
2026-04-17 17:07:08,645 GET /api/notifications/unread → 405 (3ms)
2026-04-17 17:07:11,169 GET /api/notifications/unread → 405 (15ms)
2026-04-17 17:07:13,571 GET /api/notifications/unread → 405 (4ms)
2026-04-17 17:07:16,070 GET /api/notifications/unread → 405 (4ms)
2026-04-17 17:07:18,491 GET /api/notifications/unread → 405 (3ms)
2026-04-17 17:07:20,963 GET /api/notifications/unread → 405 (3ms)
2026-04-17 17:07:23,429 GET /api/notifications/unread → 405 (3ms)
2026-04-17 17:07:25,869 GET /api/notifications/unread → 405 (3ms)
2026-04-17 17:07:28,972 GET /api/notifications/unread → 405 (3ms)
2026-04-17 17:07:30,842 GET /api/notifications/unread → 405 (3ms)
2026-04-17 17:07:33,303 GET /api/notifications/unread → 405 (3ms)
2026-04-17 17:07:35,767 GET /api/notifications/unread → 405 (4ms)
2026-04-17 17:07:38,244 GET /api/notifications/unread → 405 (4ms)
2026-04-17 17:07:40,812 GET /api/notifications/unread → 405 (3ms)
2026-04-17 17:07:43,237 GET /api/notifications/unread → 405 (3ms)
2026-04-17 17:07:43,612 GET /api/scooter/plans → 404 (1ms)
2026-04-17 17:07:45,662 GET /api/notifications/unread → 405 (3ms)
2026-04-17 17:07:48,133 GET /api/notifications/unread → 405 (3ms)
2026-04-17 17:07:50,553 GET /api/notifications/unread → 405 (3ms)
2026-04-17 17:07:53,049 GET /api/notifications/unread → 405 (3ms)
2026-04-17 17:07:57,231 GET /api/notifications/unread → 405 (3ms)
2026-04-17 17:08:01,441 GET /api/notifications/unread → 405 (3ms)
2026-04-17 17:08:03,896 GET /api/notifications/unread → 405 (3ms)
2026-04-17 17:08:06,331 GET /api/notifications/unread → 405 (3ms)
2026-04-17 17:08:08,790 GET /api/notifications/unread → 405 (3ms)
2026-04-17 17:08:28,816 GET /api/auth/me → 401 (3ms)
2026-04-17 17:08:28,890 GET /api/auth/me → 401 (0ms)
2026-04-17 17:08:28,894 POST /api/auth/refresh → 401 (0ms)
2026-04-17 17:08:28,942 POST /api/auth/refresh → 401 (0ms)
2026-04-17 17:08:28,989 POST /api/auth/refresh → 401 (0ms)
2026-04-17 17:08:28,997 POST /api/auth/refresh → 401 (0ms)
2026-04-17 17:08:36,377 GET /api/notifications/unread → 405 (5ms)
2026-04-17 17:08:40,924 GET /api/notifications/unread → 405 (4ms)
2026-04-17 17:09:03,600 GET /api/auth/me → 401 (0ms)
2026-04-17 17:09:03,671 POST /api/auth/refresh → 401 (0ms)
2026-04-17 17:09:03,672 GET /api/auth/me → 401 (1ms)
2026-04-17 17:09:03,724 POST /api/auth/refresh → 401 (0ms)
2026-04-17 17:09:03,727 POST /api/auth/refresh → 401 (0ms)
2026-04-17 17:09:03,782 POST /api/auth/refresh → 401 (0ms)
2026-04-17 17:09:11,107 GET /api/notifications/unread → 405 (4ms)
2026-04-17 17:09:15,771 GET /api/notifications/unread → 405 (4ms)
2026-04-17 17:09:18,369 GET /api/notifications/unread → 405 (3ms)
2026-04-17 17:09:21,125 GET /api/notifications/unread → 405 (3ms)
2026-04-17 17:09:23,826 GET /api/notifications/unread → 405 (3ms)
2026-04-17 17:09:26,640 GET /api/notifications/unread → 405 (3ms)
2026-04-17 17:09:29,392 GET /api/notifications/unread → 405 (3ms)
2026-04-17 17:09:32,179 GET /api/notifications/unread → 405 (4ms)
2026-04-17 17:09:32,934 GET /api/auctions/admin/config → 404 (5ms)
2026-04-17 17:09:34,923 GET /api/notifications/unread → 405 (3ms)
2026-04-17 17:09:35,705 GET /api/auctions/admin/winners → 404 (5ms)
2026-04-17 17:09:37,730 GET /api/notifications/unread → 405 (3ms)
2026-04-17 17:09:40,475 GET /api/notifications/unread → 405 (3ms)
2026-04-17 17:09:43,237 GET /api/notifications/unread → 405 (3ms)
2026-04-17 17:09:46,015 GET /api/notifications/unread → 405 (3ms)
2026-04-17 17:09:48,787 GET /api/notifications/unread → 405 (3ms)
2026-04-17 17:09:51,588 GET /api/notifications/unread → 405 (3ms)
2026-04-17 17:09:54,327 GET /api/notifications/unread → 405 (3ms)
2026-04-17 17:10:08,171 GET /api/auth/me → 401 (0ms)
2026-04-17 17:10:08,237 POST /api/auth/refresh → 401 (0ms)
2026-04-17 17:10:08,252 GET /api/auth/me → 401 (0ms)
2026-04-17 17:10:08,294 POST /api/auth/refresh → 401 (0ms)
2026-04-17 17:10:08,324 POST /api/auth/refresh → 401 (0ms)
2026-04-17 17:10:08,422 POST /api/auth/refresh → 401 (0ms)
2026-04-17 17:10:15,772 GET /api/notifications/unread → 405 (3ms)
2026-04-17 17:10:20,441 GET /api/notifications/unread → 405 (3ms)
2026-04-17 17:10:23,192 GET /api/notifications/unread → 405 (3ms)
2026-04-17 17:47:47,906 GET /api/auth/me → 401 (0ms)
2026-04-17 17:47:47,907 GET /api/auth/me → 401 (0ms)
2026-04-17 17:47:48,172 POST /api/auth/refresh → 401 (0ms)
2026-04-17 17:47:48,174 POST /api/auth/refresh → 401 (0ms)
2026-04-17 17:47:48,398 POST /api/auth/refresh → 401 (0ms)
2026-04-17 17:47:48,400 POST /api/auth/refresh → 401 (0ms)
2026-04-17 17:47:52,481 GET /api/auth/me → 401 (0ms)
2026-04-17 17:47:52,496 GET /api/auth/me → 401 (0ms)
2026-04-17 17:47:52,732 POST /api/auth/refresh → 401 (0ms)
2026-04-17 17:47:52,741 POST /api/auth/refresh → 401 (0ms)
2026-04-17 17:47:53,012 POST /api/auth/refresh → 401 (0ms)
2026-04-17 17:47:53,025 POST /api/auth/refresh → 401 (0ms)
2026-04-17 18:43:09,152 GET /api/auth/me → 401 (0ms)
2026-04-17 18:43:09,242 GET /api/auth/me → 401 (0ms)
2026-04-17 18:43:09,248 POST /api/auth/refresh → 401 (0ms)
2026-04-17 18:43:09,293 POST /api/auth/refresh → 401 (0ms)
2026-04-17 18:43:09,301 POST /api/auth/refresh → 401 (0ms)
2026-04-17 18:43:09,344 POST /api/auth/refresh → 401 (0ms)
2026-04-17 19:37:20,173 GET /api/auth/me → 401 (0ms)
2026-04-17 19:37:20,284 GET /api/auth/me → 401 (0ms)
2026-04-17 19:37:20,347 POST /api/auth/refresh → 401 (0ms)
2026-04-17 19:37:20,357 POST /api/auth/refresh → 401 (0ms)
2026-04-17 19:37:20,399 POST /api/auth/refresh → 401 (0ms)
2026-04-17 19:37:20,409 POST /api/auth/refresh → 401 (0ms)
2026-04-17 19:37:27,651 GET /api/notifications/unread → 405 (30ms)
2026-04-17 19:37:32,261 GET /api/notifications/unread → 405 (5ms)
2026-04-17 19:37:32,264 GET /api/marketplace/favorites → 404 (14ms)
2026-04-17 19:37:32,329 GET /api/marketplace/favorites → 404 (3ms)
2026-04-17 19:37:46,913 GET /api/auth/me → 401 (0ms)
2026-04-17 19:37:46,985 GET /api/auth/me → 401 (0ms)
2026-04-17 19:37:47,224 POST /api/auth/refresh → 401 (0ms)
2026-04-17 19:37:47,231 POST /api/auth/refresh → 401 (0ms)
2026-04-17 19:37:47,450 POST /api/auth/refresh → 401 (0ms)
2026-04-17 19:37:47,466 POST /api/auth/refresh → 401 (0ms)
2026-04-17 19:49:12,590 GET /api/auth/me → 401 (0ms)
2026-04-17 19:49:12,650 POST /api/auth/refresh → 401 (0ms)
2026-04-17 19:49:12,654 GET /api/auth/me → 401 (0ms)
2026-04-17 19:49:12,709 POST /api/auth/refresh → 401 (0ms)
2026-04-17 19:49:12,721 POST /api/auth/refresh → 401 (0ms)
2026-04-17 19:49:12,822 POST /api/auth/refresh → 401 (0ms)
2026-04-17 19:49:20,060 GET /api/notifications/unread → 405 (5ms)
2026-04-17 19:49:24,537 GET /api/notifications/unread → 405 (3ms)
2026-04-17 20:10:51,323 GET /api/auth/me → 401 (15ms)
2026-04-17 20:10:51,323 POST /api/auth/refresh → 401 (15ms)
2026-04-17 20:10:51,323 POST /api/auth/refresh → 401 (15ms)
2026-04-17 20:10:51,323 GET /api/auth/me → 401 (15ms)
2026-04-17 20:10:51,323 POST /api/auth/refresh → 401 (15ms)
2026-04-17 20:10:51,323 POST /api/auth/refresh → 401 (15ms)
2026-04-17 20:10:51,324 GET /api/auth/me → 401 (16ms)
2026-04-17 20:10:51,324 GET /api/auth/me → 401 (16ms)
2026-04-17 20:10:51,324 POST /api/auth/refresh → 401 (16ms)
2026-04-17 20:10:51,324 POST /api/auth/refresh → 401 (16ms)
2026-04-17 21:32:49,674 GET /api/auth/me → 401 (0ms)
2026-04-17 21:32:49,835 GET /api/auth/me → 401 (0ms)
2026-04-17 21:32:49,877 POST /api/auth/refresh → 401 (0ms)
2026-04-17 21:32:50,230 POST /api/auth/refresh → 401 (0ms)
2026-04-17 21:32:50,233 POST /api/auth/refresh → 401 (0ms)
2026-04-17 21:32:55,781 GET /api/auth/me → 401 (1ms)
2026-04-17 21:32:55,782 GET /api/auth/me → 401 (1ms)
2026-04-17 21:32:55,962 POST /api/auth/refresh → 401 (0ms)
2026-04-17 21:32:55,969 POST /api/auth/refresh → 401 (0ms)
2026-04-17 21:32:56,167 POST /api/auth/refresh → 401 (0ms)
2026-04-17 21:32:56,169 POST /api/auth/refresh → 401 (0ms)
2026-04-17 21:33:25,556 GET /api/auth/me → 401 (0ms)
2026-04-17 21:33:25,557 GET /api/auth/me → 401 (0ms)
2026-04-17 21:33:25,782 POST /api/auth/refresh → 401 (0ms)
2026-04-17 21:33:25,802 POST /api/auth/refresh → 401 (0ms)
2026-04-17 21:33:25,984 POST /api/auth/refresh → 401 (0ms)
2026-04-17 21:33:26,055 POST /api/auth/refresh → 401 (0ms)
2026-04-17 21:46:15,434 GET /api/auth/me → 401 (1ms)
2026-04-17 21:46:15,441 GET /api/auth/me → 401 (6ms)
2026-04-17 21:46:15,639 POST /api/auth/refresh → 401 (0ms)
2026-04-17 21:46:15,659 POST /api/auth/refresh → 401 (0ms)
2026-04-17 21:46:15,934 POST /api/auth/refresh → 401 (0ms)
2026-04-17 21:46:16,178 POST /api/auth/refresh → 401 (0ms)
2026-04-17 21:47:31,090 GET /api/blitz-mine/status → 401 (1ms)
2026-04-17 21:47:31,247 GET /api/blitz-mine/status → 401 (1ms)
2026-04-17 21:50:37,835 GET /api/auth/me → 401 (0ms)
2026-04-17 21:50:38,366 GET /api/auth/me → 401 (0ms)
2026-04-17 21:50:38,425 POST /api/auth/refresh → 401 (0ms)
2026-04-17 21:50:38,429 GET /api/auth/me → 401 (0ms)
2026-04-17 21:50:38,492 POST /api/auth/refresh → 401 (0ms)
2026-04-17 21:50:38,523 POST /api/auth/refresh → 401 (0ms)
2026-04-17 21:50:38,549 POST /api/auth/refresh → 401 (0ms)
2026-04-17 21:51:25,211 GET /api/auth/me → 401 (0ms)
2026-04-17 21:51:25,293 POST /api/auth/refresh → 401 (0ms)
2026-04-17 21:51:25,302 POST /api/auth/refresh → 401 (0ms)
2026-04-17 21:51:25,824 GET /api/auth/me → 401 (0ms)
2026-04-17 21:51:25,877 GET /api/auth/me → 401 (0ms)
2026-04-17 21:51:25,878 POST /api/auth/refresh → 401 (0ms)
2026-04-17 21:51:25,928 POST /api/auth/refresh → 401 (0ms)
2026-04-17 21:51:25,971 POST /api/auth/refresh → 401 (0ms)
2026-04-17 21:51:26,022 POST /api/auth/refresh → 401 (0ms)
2026-04-17 21:51:55,791 GET /api/auth/me → 401 (0ms)
2026-04-17 21:51:56,362 GET /api/auth/me → 401 (0ms)
2026-04-17 21:51:56,363 GET /api/auth/me → 401 (0ms)
2026-04-17 21:51:56,412 POST /api/auth/refresh → 401 (0ms)
2026-04-17 21:51:56,413 POST /api/auth/refresh → 401 (0ms)
2026-04-17 21:51:56,459 POST /api/auth/refresh → 401 (0ms)
2026-04-17 21:51:56,499 POST /api/auth/refresh → 401 (0ms)
2026-04-17 21:52:02,093 GET /api/notifications/unread → 405 (7ms)
2026-04-17 21:52:45,211 GET /api/auth/me → 401 (0ms)
2026-04-17 21:52:45,758 GET /api/auth/me → 401 (3ms)
2026-04-17 21:52:45,768 GET /api/auth/me → 401 (0ms)
2026-04-17 21:52:45,822 POST /api/auth/refresh → 401 (0ms)
2026-04-17 21:52:45,870 POST /api/auth/refresh → 401 (0ms)
2026-04-17 21:52:45,921 POST /api/auth/refresh → 401 (0ms)
2026-04-17 21:52:45,935 POST /api/auth/refresh → 401 (0ms)
2026-04-17 21:52:51,187 GET /api/notifications/unread → 405 (23ms)
2026-04-17 21:53:09,295 GET /api/auth/me → 401 (0ms)
2026-04-17 21:53:09,853 GET /api/auth/me → 401 (0ms)
2026-04-17 21:53:09,906 POST /api/auth/refresh → 401 (1ms)
2026-04-17 21:53:09,907 GET /api/auth/me → 401 (1ms)
2026-04-17 21:53:09,955 POST /api/auth/refresh → 401 (0ms)
2026-04-17 21:53:09,961 POST /api/auth/refresh → 401 (0ms)
2026-04-17 21:53:10,054 POST /api/auth/refresh → 401 (0ms)
2026-04-17 21:53:15,158 GET /api/notifications/unread → 405 (4ms)
2026-04-17 21:53:45,251 GET /api/notifications/unread → 405 (3ms)
2026-04-17 21:54:10,094 GET /api/auth/me → 401 (0ms)
2026-04-17 21:54:10,651 GET /api/auth/me → 401 (21ms)
2026-04-17 21:54:10,701 GET /api/auth/me → 401 (0ms)
2026-04-17 21:54:10,709 POST /api/auth/refresh → 401 (0ms)
2026-04-17 21:54:10,747 POST /api/auth/refresh → 401 (0ms)
2026-04-17 21:54:10,768 POST /api/auth/refresh → 401 (0ms)
2026-04-17 21:54:10,846 POST /api/auth/refresh → 401 (0ms)
2026-04-17 21:54:15,497 GET /api/notifications/unread → 405 (3ms)
2026-04-17 21:54:44,016 POST /api/blitz-mine/claim → 400 (2ms)
2026-04-17 21:57:11,912 GET /api/auth/me → 401 (3ms)
2026-04-17 21:57:11,912 GET /api/auth/me → 401 (3ms)
2026-04-17 21:57:12,131 POST /api/auth/refresh → 401 (0ms)
2026-04-17 21:57:12,133 POST /api/auth/refresh → 401 (0ms)
2026-04-17 21:57:12,343 POST /api/auth/refresh → 401 (1ms)
2026-04-17 21:57:12,343 POST /api/auth/refresh → 401 (1ms)
2026-04-17 22:03:10,770 POST /api/derivatives/open → 422 (3ms)
2026-04-17 22:16:46,193 GET /api/auth/me → 401 (0ms)
2026-04-17 22:16:46,256 GET /api/auth/me → 401 (0ms)
2026-04-17 22:16:46,546 POST /api/auth/refresh → 401 (0ms)
2026-04-17 22:16:46,560 POST /api/auth/refresh → 401 (0ms)
2026-04-17 22:17:18,525 POST /api/auth/refresh → 401 (0ms)
2026-04-17 22:17:18,550 POST /api/auth/refresh → 401 (0ms)
2026-04-17 22:17:41,977 GET /api/auth/me → 401 (3ms)
2026-04-17 22:17:41,978 GET /api/auth/me → 401 (3ms)
2026-04-17 22:17:42,161 POST /api/auth/refresh → 401 (0ms)
2026-04-17 22:17:42,162 POST /api/auth/refresh → 401 (0ms)
2026-04-17 22:17:42,359 POST /api/auth/refresh → 401 (0ms)
2026-04-17 22:17:42,362 POST /api/auth/refresh → 401 (0ms)
2026-04-17 22:17:55,950 GET /api/auth/me → 401 (1ms)
2026-04-17 22:17:55,951 GET /api/auth/me → 401 (1ms)
2026-04-17 22:17:56,162 POST /api/auth/refresh → 401 (0ms)
2026-04-17 22:17:56,163 POST /api/auth/refresh → 401 (0ms)
2026-04-17 22:17:56,361 POST /api/auth/refresh → 401 (0ms)
2026-04-17 22:17:56,362 POST /api/auth/refresh → 401 (1ms)
2026-04-17 23:38:14,263 GET /api/auth/me → 401 (0ms)
2026-04-17 23:38:14,357 GET /api/auth/me → 401 (0ms)
2026-04-17 23:38:14,365 POST /api/auth/refresh → 401 (0ms)
2026-04-17 23:38:14,417 POST /api/auth/refresh → 401 (0ms)
2026-04-17 23:38:14,460 POST /api/auth/refresh → 401 (0ms)
2026-04-17 23:38:14,477 POST /api/auth/refresh → 401 (0ms)
2026-04-18 08:20:37,429 GET /api/auth/me → 401 (0ms)
2026-04-18 08:20:37,498 GET /api/auth/me → 401 (3ms)
2026-04-18 08:20:37,618 POST /api/auth/refresh → 401 (0ms)
2026-04-18 08:20:37,688 POST /api/auth/refresh → 401 (0ms)
2026-04-18 08:20:37,827 POST /api/auth/refresh → 401 (0ms)
2026-04-18 08:20:37,920 POST /api/auth/refresh → 401 (0ms)
2026-04-18 08:24:07,450 GET /api/auth/me → 401 (1ms)
2026-04-18 08:24:07,450 GET /api/auth/me → 401 (1ms)
2026-04-18 08:24:07,721 POST /api/auth/refresh → 401 (0ms)
2026-04-18 08:24:07,722 POST /api/auth/refresh → 401 (0ms)
2026-04-18 08:24:07,958 POST /api/auth/refresh → 401 (0ms)
2026-04-18 08:24:07,960 POST /api/auth/refresh → 401 (0ms)
2026-04-18 09:05:47,225 GET /api/auth/me → 401 (1ms)
2026-04-18 09:05:47,229 GET /api/auth/me → 401 (0ms)
2026-04-18 09:05:47,483 POST /api/auth/refresh → 401 (0ms)
2026-04-18 09:05:47,485 POST /api/auth/refresh → 401 (0ms)
2026-04-18 09:05:47,703 POST /api/auth/refresh → 401 (1ms)
2026-04-18 09:05:47,704 POST /api/auth/refresh → 401 (1ms)
2026-04-18 09:09:40,100 GET /api/auth/me → 401 (0ms)
2026-04-18 09:09:40,105 GET /api/auth/me → 401 (0ms)
2026-04-18 09:09:40,336 POST /api/auth/refresh → 401 (0ms)
2026-04-18 09:09:40,337 POST /api/auth/refresh → 401 (0ms)
2026-04-18 09:09:40,534 POST /api/auth/refresh → 401 (0ms)
2026-04-18 09:09:40,536 POST /api/auth/refresh → 401 (0ms)
2026-04-18 09:12:06,282 GET /api/auth/me → 401 (0ms)
2026-04-18 09:12:06,284 GET /api/auth/me → 401 (0ms)
2026-04-18 09:12:06,483 POST /api/auth/refresh → 401 (0ms)
2026-04-18 09:12:06,488 POST /api/auth/refresh → 401 (0ms)
2026-04-18 09:12:06,752 POST /api/auth/refresh → 401 (0ms)
2026-04-18 09:12:06,754 POST /api/auth/refresh → 401 (0ms)
2026-04-18 09:20:14,672 GET /api/auth/me → 401 (3ms)
2026-04-18 09:20:14,674 GET /api/auth/me → 401 (2ms)
2026-04-18 09:20:14,911 POST /api/auth/refresh → 401 (0ms)
2026-04-18 09:20:14,917 POST /api/auth/refresh → 401 (0ms)
2026-04-18 09:20:15,114 POST /api/auth/refresh → 401 (0ms)
2026-04-18 09:20:15,202 POST /api/auth/refresh → 401 (0ms)
2026-04-18 09:20:35,583 GET /api/auth/me → 401 (3ms)
2026-04-18 09:20:35,583 GET /api/auth/me → 401 (3ms)
2026-04-18 09:20:35,781 POST /api/auth/refresh → 401 (0ms)
2026-04-18 09:20:35,781 POST /api/auth/refresh → 401 (0ms)
2026-04-18 09:20:36,003 POST /api/auth/refresh → 401 (0ms)
2026-04-18 09:20:36,006 POST /api/auth/refresh → 401 (0ms)
2026-04-18 09:31:27,916 GET /api/auth/me → 401 (0ms)
2026-04-18 09:31:27,916 GET /api/auth/me → 401 (1ms)
2026-04-18 09:31:28,127 POST /api/auth/refresh → 401 (0ms)
2026-04-18 09:31:28,199 POST /api/auth/refresh → 401 (0ms)
2026-04-18 09:31:28,338 POST /api/auth/refresh → 401 (0ms)
2026-04-18 09:31:28,392 POST /api/auth/refresh → 401 (0ms)
2026-04-18 09:33:02,829 GET /api/auth/me → 401 (0ms)
2026-04-18 09:33:02,833 GET /api/auth/me → 401 (1ms)
2026-04-18 09:33:03,021 POST /api/auth/refresh → 401 (0ms)
2026-04-18 09:33:03,059 POST /api/auth/refresh → 401 (0ms)
2026-04-18 09:33:03,205 POST /api/auth/refresh → 401 (0ms)
2026-04-18 09:33:03,247 POST /api/auth/refresh → 401 (0ms)
2026-04-18 09:37:01,765 GET /api/auth/me → 401 (3ms)
2026-04-18 09:37:01,765 GET /api/auth/me → 401 (3ms)
2026-04-18 09:37:02,018 POST /api/auth/refresh → 401 (0ms)
2026-04-18 09:37:02,021 POST /api/auth/refresh → 401 (0ms)
2026-04-18 09:37:02,218 POST /api/auth/refresh → 401 (0ms)
2026-04-18 09:37:02,219 POST /api/auth/refresh → 401 (0ms)
2026-04-18 09:54:46,182 GET /api/auth/me → 401 (0ms)
2026-04-18 09:54:46,187 GET /api/auth/me → 401 (0ms)
2026-04-18 09:54:46,373 POST /api/auth/refresh → 401 (0ms)
2026-04-18 09:54:46,385 POST /api/auth/refresh → 401 (0ms)
2026-04-18 09:54:46,573 POST /api/auth/refresh → 401 (0ms)
2026-04-18 09:54:46,681 POST /api/auth/refresh → 401 (0ms)
2026-04-18 10:00:21,143 GET /api/auth/me → 401 (0ms)
2026-04-18 10:00:21,183 GET /api/auth/me → 401 (0ms)
2026-04-18 10:00:21,409 POST /api/auth/refresh → 401 (0ms)
2026-04-18 10:00:21,410 POST /api/auth/refresh → 401 (0ms)
2026-04-18 10:00:21,604 POST /api/auth/refresh → 401 (0ms)
2026-04-18 10:00:21,606 POST /api/auth/refresh → 401 (0ms)
2026-04-18 12:32:28,363 GET /api/auth/me → 401 (0ms)
2026-04-18 12:32:28,412 GET /api/auth/me → 401 (0ms)
2026-04-18 12:32:28,442 POST /api/auth/refresh → 401 (4ms)
2026-04-18 12:32:28,463 POST /api/auth/refresh → 401 (0ms)
2026-04-18 12:32:28,511 POST /api/auth/refresh → 401 (0ms)
2026-04-18 12:32:28,535 POST /api/auth/refresh → 401 (0ms)
2026-04-18 19:18:13,319 GET /api/p2p/recipients/recent → 401 (2ms)
2026-04-18 19:18:13,321 GET /api/wallet/balance → 401 (3ms)
2026-04-18 19:18:13,376 GET /api/p2p/recipients/recent → 401 (1ms)
2026-04-18 19:18:13,396 GET /api/wallet/balance → 401 (0ms)
2026-04-18 19:19:06,667 GET /api/p2p/recipients/recent → 401 (1ms)
2026-04-18 19:19:06,669 GET /api/wallet/balance → 401 (0ms)
2026-04-18 19:19:06,720 GET /api/p2p/recipients/recent → 401 (1ms)
2026-04-18 19:19:06,721 GET /api/wallet/balance → 401 (0ms)
2026-04-18 19:54:16,191 GET /api/auth/me → 401 (0ms)
2026-04-18 19:54:16,247 GET /api/auth/me → 401 (0ms)
2026-04-18 19:54:16,915 POST /api/auth/refresh → 401 (0ms)
2026-04-18 19:54:16,917 POST /api/auth/refresh → 401 (0ms)
2026-04-18 19:54:17,290 POST /api/auth/refresh → 401 (1ms)
2026-04-18 19:54:17,291 POST /api/auth/refresh → 401 (1ms)
2026-04-18 20:05:26,492 GET /api/auth/me → 401 (0ms)
2026-04-18 20:05:26,493 GET /api/auth/me → 401 (0ms)
2026-04-18 20:05:26,753 POST /api/auth/refresh → 401 (0ms)
2026-04-18 20:05:26,759 POST /api/auth/refresh → 401 (0ms)
2026-04-18 20:05:26,960 POST /api/auth/refresh → 401 (0ms)
2026-04-18 20:05:27,046 POST /api/auth/refresh → 401 (0ms)
2026-04-18 20:33:59,913 GET /api/auth/me → 401 (0ms)
2026-04-18 20:33:59,988 GET /api/auth/me → 401 (0ms)
2026-04-18 20:34:00,118 POST /api/auth/refresh → 401 (0ms)
2026-04-18 20:34:00,169 POST /api/auth/refresh → 401 (0ms)
2026-04-18 20:34:00,314 POST /api/auth/refresh → 401 (0ms)
2026-04-18 20:34:00,350 POST /api/auth/refresh → 401 (0ms)
2026-04-18 20:34:17,065 GET /api/auth/me → 401 (0ms)
2026-04-18 20:34:17,069 GET /api/auth/me → 401 (0ms)
2026-04-18 20:34:17,311 POST /api/auth/refresh → 401 (0ms)
2026-04-18 20:34:17,342 POST /api/auth/refresh → 401 (0ms)
2026-04-18 20:34:17,513 POST /api/auth/refresh → 401 (0ms)
2026-04-18 20:34:17,614 POST /api/auth/refresh → 401 (0ms)
2026-04-18 20:38:34,576 GET /api/auth/me → 401 (1ms)
2026-04-18 20:38:34,581 GET /api/auth/me → 401 (5ms)
2026-04-18 20:38:34,855 POST /api/auth/refresh → 401 (1ms)
2026-04-18 20:38:34,856 POST /api/auth/refresh → 401 (0ms)
2026-04-18 20:38:35,062 POST /api/auth/refresh → 401 (1ms)
2026-04-18 20:38:35,062 POST /api/auth/refresh → 401 (1ms)
2026-04-18 20:39:12,311 GET /api/auth/me → 401 (1ms)
2026-04-18 20:39:12,315 GET /api/auth/me → 401 (0ms)
2026-04-18 20:39:12,534 POST /api/auth/refresh → 401 (0ms)
2026-04-18 20:39:12,555 POST /api/auth/refresh → 401 (0ms)
2026-04-18 20:39:12,724 POST /api/auth/refresh → 401 (0ms)
2026-04-18 20:39:12,744 POST /api/auth/refresh → 401 (0ms)
2026-04-18 20:43:41,223 GET /api/auth/me → 401 (0ms)
2026-04-18 20:43:41,228 GET /api/auth/me → 401 (0ms)
2026-04-18 20:43:41,432 POST /api/auth/refresh → 401 (0ms)
2026-04-18 20:43:41,433 POST /api/auth/refresh → 401 (0ms)
2026-04-18 20:43:41,638 POST /api/auth/refresh → 401 (0ms)
2026-04-18 20:43:41,640 POST /api/auth/refresh → 401 (0ms)
2026-04-18 21:20:29,650 GET /api/auth/me → 401 (0ms)
2026-04-18 21:20:29,713 GET /api/auth/me → 401 (0ms)
2026-04-18 21:20:30,270 POST /api/auth/refresh → 401 (1ms)
2026-04-18 21:20:30,271 POST /api/auth/refresh → 401 (1ms)
2026-04-18 21:20:30,859 POST /api/auth/refresh → 401 (1ms)
2026-04-18 21:20:30,860 POST /api/auth/refresh → 401 (1ms)
2026-04-18 21:20:49,321 GET /api/auth/me → 401 (0ms)
2026-04-18 21:20:49,327 GET /api/auth/me → 401 (0ms)
2026-04-18 21:20:49,517 POST /api/auth/refresh → 401 (0ms)
2026-04-18 21:20:49,521 POST /api/auth/refresh → 401 (0ms)
2026-04-18 21:20:49,767 POST /api/auth/refresh → 401 (1ms)
2026-04-18 21:20:49,768 POST /api/auth/refresh → 401 (0ms)
2026-04-18 21:27:12,461 GET /api/auth/me → 401 (0ms)
2026-04-18 21:27:12,465 GET /api/auth/me → 401 (0ms)
2026-04-18 21:27:12,654 POST /api/auth/refresh → 401 (0ms)
2026-04-18 21:27:12,673 POST /api/auth/refresh → 401 (0ms)
2026-04-18 21:27:12,856 POST /api/auth/refresh → 401 (0ms)
2026-04-18 21:27:12,862 POST /api/auth/refresh → 401 (0ms)
2026-04-18 21:27:38,691 GET /api/auth/me → 401 (1ms)
2026-04-18 21:27:38,695 GET /api/auth/me → 401 (4ms)
2026-04-18 21:27:38,882 POST /api/auth/refresh → 401 (0ms)
2026-04-18 21:27:38,883 POST /api/auth/refresh → 401 (0ms)
2026-04-18 21:27:39,084 POST /api/auth/refresh → 401 (0ms)
2026-04-18 21:27:39,085 POST /api/auth/refresh → 401 (0ms)
2026-04-18 21:27:47,560 GET /api/auth/me → 401 (1ms)
2026-04-18 21:27:47,561 GET /api/auth/me → 401 (1ms)
2026-04-18 21:27:47,756 POST /api/auth/refresh → 401 (0ms)
2026-04-18 21:27:47,757 POST /api/auth/refresh → 401 (0ms)
2026-04-18 21:27:47,966 POST /api/auth/refresh → 401 (0ms)
2026-04-18 21:27:47,968 POST /api/auth/refresh → 401 (0ms)
2026-04-18 22:18:22,568 GET /api/auth/me → 401 (0ms)
2026-04-18 22:18:22,570 GET /api/auth/me → 401 (0ms)
2026-04-18 22:18:22,763 POST /api/auth/refresh → 401 (0ms)
2026-04-18 22:18:22,768 POST /api/auth/refresh → 401 (0ms)
2026-04-18 22:18:23,000 POST /api/auth/refresh → 401 (0ms)
2026-04-18 22:18:23,006 POST /api/auth/refresh → 401 (0ms)
2026-04-18 22:23:18,805 GET /api/auth/me → 401 (3ms)
2026-04-18 22:23:18,864 GET /api/auth/me → 401 (0ms)
2026-04-18 22:23:19,019 POST /api/auth/refresh → 401 (0ms)
2026-04-18 22:23:19,094 POST /api/auth/refresh → 401 (0ms)
2026-04-18 22:23:19,245 POST /api/auth/refresh → 401 (0ms)
2026-04-18 22:23:19,291 POST /api/auth/refresh → 401 (0ms)
2026-04-18 23:05:12,673 GET /api/premium/status → 401 (1ms)
2026-04-18 23:05:19,894 GET /api/premium/status → 401 (1ms)
2026-04-18 23:05:20,044 GET /api/lottery/current → 401 (1ms)
2026-04-18 23:05:36,736 POST /api/lottery/buy-tickets → 400 (2ms)
2026-04-18 23:06:23,967 GET /api/auth/me → 401 (0ms)
2026-04-18 23:06:24,029 GET /api/auth/me → 401 (0ms)
2026-04-18 23:06:24,079 POST /api/auth/refresh → 401 (0ms)
2026-04-18 23:06:24,080 POST /api/auth/refresh → 401 (0ms)
2026-04-18 23:06:24,127 POST /api/auth/refresh → 401 (0ms)
2026-04-18 23:06:24,131 POST /api/auth/refresh → 401 (0ms)
2026-04-18 23:06:24,609 GET /api/auth/me → 401 (0ms)
2026-04-18 23:06:24,657 GET /api/auth/me → 401 (0ms)
2026-04-18 23:06:24,661 POST /api/auth/refresh → 401 (0ms)
2026-04-18 23:06:24,708 POST /api/auth/refresh → 401 (0ms)
2026-04-18 23:06:24,711 POST /api/auth/refresh → 401 (0ms)
2026-04-18 23:06:26,765 POST /api/auth/refresh → 401 (0ms)
2026-04-18 23:07:00,931 GET /api/auth/me → 401 (0ms)
2026-04-18 23:07:00,977 POST /api/auth/refresh → 401 (0ms)
2026-04-18 23:07:00,978 GET /api/auth/me → 401 (0ms)
2026-04-18 23:07:01,026 POST /api/auth/refresh → 401 (0ms)
2026-04-18 23:07:01,027 POST /api/auth/refresh → 401 (0ms)
2026-04-18 23:07:01,076 POST /api/auth/refresh → 401 (0ms)
2026-04-18 23:07:06,663 GET /api/auth/me → 401 (0ms)
2026-04-18 23:07:06,715 POST /api/auth/refresh → 401 (0ms)
2026-04-18 23:07:06,717 GET /api/auth/me → 401 (0ms)
2026-04-18 23:07:06,765 POST /api/auth/refresh → 401 (0ms)
2026-04-18 23:07:06,766 POST /api/auth/refresh → 401 (0ms)
2026-04-18 23:07:06,855 POST /api/auth/refresh → 401 (0ms)
2026-04-18 23:45:34,247 GET /api/auth/me → 401 (0ms)
2026-04-18 23:45:34,342 GET /api/auth/me → 401 (0ms)
2026-04-18 23:45:34,346 POST /api/auth/refresh → 401 (0ms)
2026-04-18 23:45:34,422 POST /api/auth/refresh → 401 (0ms)
2026-04-18 23:45:34,434 POST /api/auth/refresh → 401 (0ms)
2026-04-18 23:45:34,512 POST /api/auth/refresh → 401 (0ms)
2026-04-19 06:26:32,610 GET /api/auth/me → 401 (0ms)
2026-04-19 06:26:32,671 GET /api/auth/me → 401 (0ms)
2026-04-19 06:26:32,809 POST /api/auth/refresh → 401 (0ms)
2026-04-19 06:26:32,913 POST /api/auth/refresh → 401 (0ms)
2026-04-19 06:26:33,006 POST /api/auth/refresh → 401 (0ms)
2026-04-19 06:26:33,106 POST /api/auth/refresh → 401 (0ms)
2026-04-19 06:43:07,730 GET /api/driver-dashboard/profile → 403 (4ms)
2026-04-19 06:43:07,841 GET /api/driver-dashboard/history → 403 (4ms)
2026-04-19 06:43:07,949 GET /api/driver-dashboard/status → 403 (3ms)
2026-04-19 07:26:49,861 GET /api/auth/me → 401 (0ms)
2026-04-19 07:26:49,917 GET /api/auth/me → 401 (0ms)
2026-04-19 07:26:49,918 POST /api/auth/refresh → 401 (1ms)
2026-04-19 07:26:49,963 POST /api/auth/refresh → 401 (0ms)
2026-04-19 07:26:49,966 POST /api/auth/refresh → 401 (0ms)
2026-04-19 07:26:50,014 POST /api/auth/refresh → 401 (0ms)
2026-04-19 13:08:33,936 GET /api/auth/me → 401 (9ms)
2026-04-19 13:08:33,992 POST /api/auth/refresh → 401 (1ms)
2026-04-19 13:08:33,992 GET /api/auth/me → 401 (1ms)
2026-04-19 13:08:34,039 POST /api/auth/refresh → 401 (0ms)
2026-04-19 13:08:34,040 POST /api/auth/refresh → 401 (0ms)
2026-04-19 13:08:34,088 POST /api/auth/refresh → 401 (0ms)
2026-04-19 13:39:19,868 GET /api/auth/me → 401 (0ms)
2026-04-19 13:39:19,872 GET /api/auth/me → 401 (1ms)
2026-04-19 13:39:20,061 POST /api/auth/refresh → 401 (1ms)
2026-04-19 13:39:20,062 POST /api/auth/refresh → 401 (1ms)
2026-04-19 13:39:20,294 POST /api/auth/refresh → 401 (0ms)
2026-04-19 13:39:20,298 POST /api/auth/refresh → 401 (0ms)
2026-04-19 13:51:09,849 POST /api/birthday/claim → 400 (3ms)
2026-04-19 13:59:10,761 GET /api/auth/me → 401 (0ms)
2026-04-19 13:59:10,762 GET /api/auth/me → 401 (0ms)
2026-04-19 13:59:11,006 POST /api/auth/refresh → 401 (0ms)
2026-04-19 13:59:11,009 POST /api/auth/refresh → 401 (0ms)
2026-04-19 13:59:11,237 POST /api/auth/refresh → 401 (0ms)
2026-04-19 13:59:11,280 POST /api/auth/refresh → 401 (0ms)
2026-04-19 15:43:44,904 GET /api/auth/me → 401 (0ms)
2026-04-19 15:43:44,967 GET /api/auth/me → 401 (0ms)
2026-04-19 15:43:45,092 POST /api/auth/refresh → 401 (1ms)
2026-04-19 15:43:45,093 POST /api/auth/refresh → 401 (1ms)
2026-04-19 15:43:45,175 POST /api/auth/refresh → 401 (0ms)
2026-04-19 15:43:45,178 POST /api/auth/refresh → 401 (0ms)
2026-04-19 16:22:42,207 POST /api/quests/claim/daily_login → 400 (3ms)
2026-04-19 16:47:12,234 GET /api/auth/me → 401 (0ms)
2026-04-19 16:47:12,240 GET /api/auth/me → 401 (0ms)
2026-04-19 16:47:12,487 POST /api/auth/refresh → 401 (0ms)
2026-04-19 16:47:12,708 POST /api/auth/refresh → 401 (0ms)
2026-04-19 16:47:12,819 POST /api/auth/refresh → 401 (0ms)
2026-04-19 16:47:13,027 POST /api/auth/refresh → 401 (0ms)
2026-04-19 18:03:40,656 GET /api/auth/me → 401 (3ms)
2026-04-19 18:03:40,712 GET /api/auth/me → 401 (0ms)
2026-04-19 18:03:40,854 POST /api/auth/refresh → 401 (0ms)
2026-04-19 18:03:40,925 POST /api/auth/refresh → 401 (0ms)
2026-04-19 18:03:41,166 POST /api/auth/refresh → 401 (0ms)
2026-04-19 18:03:41,171 POST /api/auth/refresh → 401 (0ms)
2026-04-19 18:39:11,569 GET /api/auth/me → 401 (0ms)
2026-04-19 18:39:11,635 POST /api/auth/refresh → 401 (0ms)
2026-04-19 18:39:11,656 GET /api/auth/me → 401 (0ms)
2026-04-19 18:39:11,689 POST /api/auth/refresh → 401 (0ms)
2026-04-19 18:39:11,737 POST /api/auth/refresh → 401 (0ms)
2026-04-19 18:39:11,828 POST /api/auth/refresh → 401 (0ms)
2026-04-19 18:40:11,759 GET /api/auth/me → 401 (0ms)
2026-04-19 18:40:11,823 GET /api/auth/me → 401 (0ms)
2026-04-19 18:40:11,989 POST /api/auth/refresh → 401 (0ms)
2026-04-19 18:40:12,049 POST /api/auth/refresh → 401 (0ms)
2026-04-19 18:40:12,206 POST /api/auth/refresh → 401 (0ms)
2026-04-19 18:40:12,241 POST /api/auth/refresh → 401 (0ms)
2026-04-19 18:40:15,552 GET /api/auth/me → 401 (0ms)
2026-04-19 18:40:15,853 POST /api/auth/refresh → 401 (0ms)
2026-04-19 18:40:18,294 GET /api/auth/me → 401 (0ms)
2026-04-19 18:40:18,300 GET /api/auth/me → 401 (1ms)
2026-04-19 18:40:18,499 POST /api/auth/refresh → 401 (0ms)
2026-04-19 18:40:18,549 POST /api/auth/refresh → 401 (0ms)
2026-04-19 18:40:18,682 POST /api/auth/refresh → 401 (0ms)
2026-04-19 18:40:18,741 POST /api/auth/refresh → 401 (0ms)
2026-04-19 18:40:21,197 GET /api/auth/me → 401 (3ms)
2026-04-19 18:40:21,198 GET /api/auth/me → 401 (1ms)
2026-04-19 18:40:21,390 POST /api/auth/refresh → 401 (0ms)
2026-04-19 18:40:21,404 POST /api/auth/refresh → 401 (0ms)
2026-04-19 18:40:21,593 POST /api/auth/refresh → 401 (0ms)
2026-04-19 18:40:21,655 POST /api/auth/refresh → 401 (0ms)
2026-04-21 11:30:27,834 GET /api/auth/me → 401 (0ms)
2026-04-21 11:30:27,884 GET /api/auth/me → 401 (0ms)
2026-04-21 11:30:27,910 POST /api/auth/refresh → 401 (0ms)
2026-04-21 11:30:27,930 POST /api/auth/refresh → 401 (0ms)
2026-04-21 11:30:27,977 POST /api/auth/refresh → 401 (0ms)
2026-04-21 11:30:27,997 POST /api/auth/refresh → 401 (0ms)
2026-04-21 11:30:36,899 GET /api/auth/me → 401 (0ms)
2026-04-21 11:30:36,944 GET /api/auth/me → 401 (0ms)
2026-04-21 11:30:36,946 POST /api/auth/refresh → 401 (0ms)
2026-04-21 11:30:36,988 POST /api/auth/refresh → 401 (0ms)
2026-04-21 11:30:36,991 POST /api/auth/refresh → 401 (0ms)
2026-04-21 11:30:37,037 POST /api/auth/refresh → 401 (0ms)
2026-04-21 12:19:17,866 GET /api/auth/me → 401 (0ms)
2026-04-21 12:19:17,932 GET /api/auth/me → 401 (0ms)
2026-04-21 12:19:18,072 POST /api/auth/refresh → 401 (0ms)
2026-04-21 12:19:18,144 POST /api/auth/refresh → 401 (0ms)
2026-04-21 12:19:18,271 POST /api/auth/refresh → 401 (0ms)
2026-04-21 12:19:18,330 POST /api/auth/refresh → 401 (0ms)
2026-04-21 12:30:56,718 GET /api/auth/me → 401 (0ms)
2026-04-21 12:30:56,723 GET /api/auth/me → 401 (0ms)
2026-04-21 12:30:56,953 POST /api/auth/refresh → 401 (0ms)
2026-04-21 12:30:56,973 POST /api/auth/refresh → 401 (0ms)
2026-04-21 12:30:57,182 POST /api/auth/refresh → 401 (0ms)
2026-04-21 12:30:57,214 POST /api/auth/refresh → 401 (0ms)
2026-04-21 13:10:37,740 GET /api/auth/me → 401 (0ms)
2026-04-21 13:10:37,774 GET /api/auth/me → 401 (0ms)
2026-04-21 13:10:37,970 POST /api/auth/refresh → 401 (0ms)
2026-04-21 13:10:37,991 POST /api/auth/refresh → 401 (0ms)
2026-04-21 13:10:38,180 POST /api/auth/refresh → 401 (0ms)
2026-04-21 13:10:38,279 POST /api/auth/refresh → 401 (0ms)
2026-04-21 13:31:09,493 GET /api/auth/me → 401 (0ms)
2026-04-21 13:31:09,498 GET /api/auth/me → 401 (0ms)
2026-04-21 13:31:09,689 POST /api/auth/refresh → 401 (0ms)
2026-04-21 13:31:09,690 POST /api/auth/refresh → 401 (0ms)
2026-04-21 13:31:10,023 POST /api/auth/refresh → 401 (0ms)
2026-04-21 13:31:10,025 POST /api/auth/refresh → 401 (0ms)
2026-04-21 13:33:47,059 GET /api/auth/me → 401 (0ms)
2026-04-21 13:33:47,081 GET /api/auth/me → 401 (0ms)
2026-04-21 13:33:47,855 POST /api/auth/refresh → 401 (0ms)
2026-04-21 13:33:48,045 POST /api/auth/refresh → 401 (0ms)
2026-04-21 13:33:48,130 POST /api/auth/refresh → 401 (0ms)
2026-04-21 13:33:48,253 POST /api/auth/refresh → 401 (0ms)
2026-04-21 14:01:47,614 GET /api/auth/me → 401 (0ms)
2026-04-21 14:01:47,714 GET /api/auth/me → 401 (0ms)
2026-04-21 14:01:47,735 POST /api/auth/refresh → 401 (0ms)
2026-04-21 14:27:47,553 GET /api/auth/me → 401 (0ms)
2026-04-21 14:27:47,557 GET /api/auth/me → 401 (0ms)
2026-04-21 14:27:47,776 POST /api/auth/refresh → 401 (0ms)
2026-04-21 14:27:47,778 POST /api/auth/refresh → 401 (0ms)
2026-04-21 14:27:48,058 POST /api/auth/refresh → 401 (0ms)
2026-04-21 14:27:48,061 POST /api/auth/refresh → 401 (0ms)
2026-04-21 14:55:36,283 POST /api/auth/login → 401 (12ms)
2026-04-21 14:55:37,171 GET /api/mobility/cars → 404 (5ms)
2026-04-21 14:56:30,616 POST /api/auth/login → 401 (3ms)
2026-04-21 14:56:32,008 PATCH /api/auctions/admin/auction/9058991cdce4da17 → 403 (2ms)
2026-04-21 14:56:32,073 PATCH /api/auctions/admin/auction/nonexistent_xyz_12345 → 404 (3ms)
2026-04-21 14:56:32,573 GET /api/mobility/cars → 404 (5ms)
2026-04-21 14:57:11,161 GET /api/auth/me → 401 (0ms)
2026-04-21 14:57:11,781 GET /api/auth/me → 401 (0ms)
2026-04-21 14:57:11,851 POST /api/auth/refresh → 401 (0ms)
2026-04-21 14:57:11,853 GET /api/auth/me → 401 (0ms)
2026-04-21 14:57:11,906 POST /api/auth/refresh → 401 (0ms)
2026-04-21 14:57:11,951 POST /api/auth/refresh → 401 (0ms)
2026-04-21 14:57:12,012 POST /api/auth/refresh → 401 (0ms)
2026-04-21 14:57:17,807 GET /api/auth/me → 401 (0ms)
2026-04-21 14:57:17,859 GET /api/auth/me → 401 (0ms)
2026-04-21 14:57:17,875 POST /api/auth/refresh → 401 (0ms)
2026-04-21 14:57:17,927 POST /api/auth/refresh → 401 (0ms)
2026-04-21 14:57:17,928 POST /api/auth/refresh → 401 (0ms)
2026-04-21 14:57:18,030 POST /api/auth/refresh → 401 (0ms)
2026-04-21 14:57:39,533 GET /api/auth/me → 401 (0ms)
2026-04-21 14:57:40,364 GET /api/auth/me → 401 (0ms)
2026-04-21 14:57:40,498 GET /api/auth/me → 401 (0ms)
2026-04-21 14:57:40,502 POST /api/auth/refresh → 401 (0ms)
2026-04-21 14:57:40,554 POST /api/auth/refresh → 401 (0ms)
2026-04-21 14:57:40,602 POST /api/auth/refresh → 401 (0ms)
2026-04-21 14:57:40,621 POST /api/auth/refresh → 401 (0ms)
2026-04-21 14:57:45,318 GET /api/auth/me → 401 (0ms)
2026-04-21 14:57:45,373 GET /api/auth/me → 401 (0ms)
2026-04-21 14:57:45,377 POST /api/auth/refresh → 401 (0ms)
2026-04-21 14:57:45,427 POST /api/auth/refresh → 401 (0ms)
2026-04-21 14:57:45,431 POST /api/auth/refresh → 401 (0ms)
2026-04-21 14:57:45,526 POST /api/auth/refresh → 401 (0ms)
2026-04-21 14:58:47,252 GET /api/auth/me → 401 (0ms)
2026-04-21 14:58:47,894 GET /api/auth/me → 401 (0ms)
2026-04-21 14:58:47,941 GET /api/auth/me → 401 (0ms)
2026-04-21 14:58:47,945 POST /api/auth/refresh → 401 (0ms)
2026-04-21 14:58:47,999 POST /api/auth/refresh → 401 (0ms)
2026-04-21 14:58:48,003 POST /api/auth/refresh → 401 (0ms)
2026-04-21 14:58:48,056 POST /api/auth/refresh → 401 (0ms)
2026-04-21 14:59:25,365 GET /api/auth/me → 401 (0ms)
2026-04-21 14:59:25,417 GET /api/auth/me → 401 (0ms)
2026-04-21 14:59:25,432 POST /api/auth/refresh → 401 (0ms)
2026-04-21 14:59:25,482 POST /api/auth/refresh → 401 (0ms)
2026-04-21 14:59:25,535 POST /api/auth/refresh → 401 (0ms)
2026-04-21 14:59:25,536 POST /api/auth/refresh → 401 (0ms)
2026-04-21 14:59:30,303 GET /api/auth/me → 401 (3ms)
2026-04-21 14:59:30,352 GET /api/auth/me → 401 (0ms)
2026-04-21 14:59:30,361 POST /api/auth/refresh → 401 (0ms)
2026-04-21 14:59:30,413 POST /api/auth/refresh → 401 (0ms)
2026-04-21 14:59:30,443 POST /api/auth/refresh → 401 (0ms)
2026-04-21 14:59:30,475 POST /api/auth/refresh → 401 (0ms)
2026-04-21 14:59:34,966 GET /api/auth/me → 401 (0ms)
2026-04-21 14:59:35,019 GET /api/auth/me → 401 (0ms)
2026-04-21 14:59:35,021 POST /api/auth/refresh → 401 (0ms)
2026-04-21 14:59:35,071 POST /api/auth/refresh → 401 (0ms)
2026-04-21 14:59:35,098 POST /api/auth/refresh → 401 (0ms)
2026-04-21 14:59:35,165 POST /api/auth/refresh → 401 (0ms)
2026-04-21 14:59:39,659 GET /api/auth/me → 401 (0ms)
2026-04-21 14:59:39,721 POST /api/auth/refresh → 401 (0ms)
2026-04-21 14:59:39,722 GET /api/auth/me → 401 (0ms)
2026-04-21 14:59:39,780 POST /api/auth/refresh → 401 (0ms)
2026-04-21 14:59:39,781 POST /api/auth/refresh → 401 (0ms)
2026-04-21 14:59:39,844 POST /api/auth/refresh → 401 (0ms)
2026-04-21 15:06:57,987 GET /api/auth/me → 401 (3ms)
2026-04-21 15:06:58,049 GET /api/auth/me → 401 (0ms)
2026-04-21 15:06:58,182 POST /api/auth/refresh → 401 (0ms)
2026-04-21 15:06:58,250 POST /api/auth/refresh → 401 (0ms)
2026-04-21 15:06:58,420 POST /api/auth/refresh → 401 (0ms)
2026-04-21 15:06:58,435 POST /api/auth/refresh → 401 (0ms)
2026-04-21 15:25:10,140 GET /api/auth/me → 401 (0ms)
2026-04-21 15:25:10,142 GET /api/auth/me → 401 (0ms)
2026-04-21 15:25:10,356 POST /api/auth/refresh → 401 (0ms)
2026-04-21 15:25:10,359 POST /api/auth/refresh → 401 (0ms)
2026-04-21 15:25:10,561 POST /api/auth/refresh → 401 (0ms)
2026-04-21 15:25:10,623 POST /api/auth/refresh → 401 (0ms)
2026-04-21 16:20:07,704 POST /api/gamification/challenges/complete/invalid_challenge → 404 (2ms)
2026-04-21 16:20:07,868 POST /api/gamification/achievements/unlock/invalid_achievement → 404 (2ms)
2026-04-21 16:20:08,078 POST /api/friends/send-request → 400 (2ms)
2026-04-21 16:20:08,231 POST /api/friends/send-request → 400 (2ms)
2026-04-21 16:20:08,295 GET /api/2fa/status → 404 (5ms)
2026-04-21 16:20:08,353 POST /api/2fa/totp/setup → 404 (5ms)
2026-04-21 16:20:08,407 POST /api/2fa/totp/verify-and-enable → 404 (5ms)
2026-04-21 16:20:08,461 POST /api/2fa/disable → 404 (5ms)
2026-04-21 16:20:08,919 GET /api/support/tickets/my → 404 (2ms)
2026-04-21 16:20:09,129 GET /api/support/tickets/nonexistent → 404 (2ms)
2026-04-21 16:20:09,341 GET /api/nonexistent/endpoint → 404 (5ms)
2026-04-21 16:20:09,401 POST /api/gamification/challenges/complete/test → 404 (2ms)
2026-04-21 16:21:03,174 POST /api/gamification/challenges/complete/invalid_challenge → 404 (2ms)
2026-04-21 16:21:03,356 POST /api/gamification/achievements/unlock/invalid_achievement → 404 (2ms)
2026-04-21 16:21:03,559 POST /api/friends/send-request → 400 (2ms)
2026-04-21 16:21:03,705 POST /api/friends/send-request → 400 (2ms)
2026-04-21 16:21:03,757 GET /api/2fa/status → 404 (5ms)
2026-04-21 16:21:03,811 POST /api/2fa/totp/setup → 404 (5ms)
2026-04-21 16:21:03,864 POST /api/2fa/totp/verify-and-enable → 404 (5ms)
2026-04-21 16:21:03,915 POST /api/2fa/disable → 404 (5ms)
2026-04-21 16:21:04,363 GET /api/support/tickets/my → 404 (2ms)
2026-04-21 16:21:04,572 GET /api/support/tickets/nonexistent → 404 (2ms)
2026-04-21 16:21:04,829 GET /api/nonexistent/endpoint → 404 (5ms)
2026-04-21 16:21:04,878 POST /api/gamification/challenges/complete/test → 404 (2ms)
2026-04-21 16:29:29,914 GET /api/auth/me → 401 (0ms)
2026-04-21 16:29:30,106 POST /api/auth/refresh → 401 (0ms)
2026-04-21 16:29:52,232 GET /api/auth/me → 401 (0ms)
2026-04-21 16:29:52,407 POST /api/auth/refresh → 401 (0ms)
2026-04-21 17:11:14,102 GET /api/auth/me → 401 (0ms)
2026-04-21 17:11:14,156 GET /api/auth/me → 401 (0ms)
2026-04-21 17:11:14,162 POST /api/auth/refresh → 401 (0ms)
2026-04-21 17:11:14,206 POST /api/auth/refresh → 401 (0ms)
2026-04-21 17:11:14,253 POST /api/auth/refresh → 401 (0ms)
2026-04-21 17:11:14,298 POST /api/auth/refresh → 401 (0ms)
2026-04-22 02:39:37,330 GET /api/auth/me → 401 (0ms)
2026-04-22 02:39:37,337 GET /api/auth/me → 401 (5ms)
2026-04-22 02:39:37,555 POST /api/auth/refresh → 401 (0ms)
2026-04-22 02:39:37,563 POST /api/auth/refresh → 401 (0ms)
2026-04-22 02:39:37,768 POST /api/auth/refresh → 401 (0ms)
2026-04-22 02:39:37,855 POST /api/auth/refresh → 401 (0ms)
2026-04-22 02:40:21,632 GET /api/auth/me → 401 (3ms)
2026-04-22 02:40:21,632 GET /api/auth/me → 401 (3ms)
2026-04-22 02:40:21,889 POST /api/auth/refresh → 401 (0ms)
2026-04-22 02:40:21,897 POST /api/auth/refresh → 401 (0ms)
2026-04-22 02:40:22,092 POST /api/auth/refresh → 401 (0ms)
2026-04-22 02:40:22,196 POST /api/auth/refresh → 401 (0ms)
2026-04-22 02:40:49,313 GET /api/auth/me → 401 (3ms)
2026-04-22 02:40:49,315 GET /api/auth/me → 401 (0ms)
2026-04-22 02:40:49,492 POST /api/auth/refresh → 401 (1ms)
2026-04-22 02:40:49,493 POST /api/auth/refresh → 401 (1ms)
2026-04-22 02:40:49,670 POST /api/auth/refresh → 401 (0ms)
2026-04-22 02:40:49,671 POST /api/auth/refresh → 401 (0ms)
2026-04-22 02:42:35,331 GET /api/auth/me → 401 (0ms)
2026-04-22 02:42:35,396 GET /api/auth/me → 401 (0ms)
2026-04-22 02:42:35,519 POST /api/auth/refresh → 401 (0ms)
2026-04-22 02:42:35,619 POST /api/auth/refresh → 401 (0ms)
2026-04-22 02:42:35,747 POST /api/auth/refresh → 401 (0ms)
2026-04-22 02:42:35,802 POST /api/auth/refresh → 401 (0ms)
2026-04-22 02:42:58,889 GET /api/auth/me → 401 (0ms)
2026-04-22 02:42:59,077 POST /api/auth/refresh → 401 (0ms)
2026-04-22 02:44:37,582 GET /api/auth/me → 401 (0ms)
2026-04-22 02:44:37,793 POST /api/auth/refresh → 401 (0ms)
2026-04-22 02:52:36,936 GET /api/auth/me → 401 (0ms)
2026-04-22 02:52:36,944 GET /api/auth/me → 401 (0ms)
2026-04-22 02:52:37,129 POST /api/auth/refresh → 401 (0ms)
2026-04-22 02:52:37,144 POST /api/auth/refresh → 401 (0ms)
2026-04-22 02:52:37,344 POST /api/auth/refresh → 401 (0ms)
2026-04-22 02:52:37,366 POST /api/auth/refresh → 401 (0ms)
2026-04-22 02:53:02,860 GET /api/auth/me → 401 (0ms)
2026-04-22 02:53:03,056 POST /api/auth/refresh → 401 (0ms)
2026-04-22 02:53:18,450 POST /api/auth/login → 401 (234ms)
2026-04-22 02:54:25,674 POST /api/auth/login → 401 (226ms)
2026-04-22 02:56:01,672 GET /api/auth/me → 401 (8ms)
2026-04-22 02:56:01,672 GET /api/auth/me → 401 (9ms)
2026-04-22 02:56:01,854 POST /api/auth/refresh → 401 (0ms)
2026-04-22 02:56:01,859 POST /api/auth/refresh → 401 (0ms)
2026-04-22 02:56:02,052 POST /api/auth/refresh → 401 (0ms)
2026-04-22 02:56:02,052 POST /api/auth/refresh → 401 (0ms)
2026-04-22 02:56:56,344 POST /api/auth/login → 401 (226ms)
2026-04-22 02:56:57,831 POST /api/auth/login → 401 (225ms)
2026-04-22 02:56:59,358 GET /api/auth/me → 401 (0ms)
2026-04-22 02:56:59,594 POST /api/auth/refresh → 401 (0ms)
2026-04-22 02:57:05,035 POST /api/auth/login → 401 (226ms)
2026-04-22 03:00:14,356 GET /api/auth/me → 401 (0ms)
2026-04-22 03:00:14,357 GET /api/auth/me → 401 (1ms)
2026-04-22 03:00:14,600 POST /api/auth/refresh → 401 (0ms)
2026-04-22 03:00:14,601 POST /api/auth/refresh → 401 (0ms)
2026-04-22 03:00:14,784 POST /api/auth/refresh → 401 (0ms)
2026-04-22 03:00:14,786 POST /api/auth/refresh → 401 (0ms)
2026-04-22 03:02:00,429 GET /api/auth/me → 401 (4ms)
2026-04-22 03:02:01,043 GET /api/auth/me → 401 (0ms)
2026-04-22 03:02:01,095 GET /api/auth/me → 401 (0ms)
2026-04-22 03:02:01,104 POST /api/auth/refresh → 401 (0ms)
2026-04-22 03:02:01,152 POST /api/auth/refresh → 401 (0ms)
2026-04-22 03:02:01,153 POST /api/auth/refresh → 401 (1ms)
2026-04-22 03:02:01,253 POST /api/auth/refresh → 401 (0ms)
2026-04-22 03:02:36,538 GET /api/auth/me → 401 (0ms)
2026-04-22 03:02:37,130 GET /api/auth/me → 401 (0ms)
2026-04-22 03:02:37,180 GET /api/auth/me → 401 (0ms)
2026-04-22 03:02:37,187 POST /api/auth/refresh → 401 (0ms)
2026-04-22 03:02:37,227 POST /api/auth/refresh → 401 (0ms)
2026-04-22 03:02:37,234 POST /api/auth/refresh → 401 (0ms)
2026-04-22 03:02:37,346 POST /api/auth/refresh → 401 (0ms)
2026-04-22 03:02:49,645 GET /api/notifications/unread → 405 (3ms)
2026-04-22 03:03:17,464 GET /api/auth/me → 401 (0ms)
2026-04-22 03:03:17,515 GET /api/auth/me → 401 (0ms)
2026-04-22 03:03:17,534 POST /api/auth/refresh → 401 (4ms)
2026-04-22 03:03:18,363 GET /api/auth/me → 401 (0ms)
2026-04-22 03:03:18,414 GET /api/auth/me → 401 (3ms)
2026-04-22 03:03:18,416 POST /api/auth/refresh → 401 (0ms)
2026-04-22 03:03:18,466 POST /api/auth/refresh → 401 (0ms)
2026-04-22 03:03:18,505 POST /api/auth/refresh → 401 (0ms)
2026-04-22 03:03:18,515 POST /api/auth/refresh → 401 (0ms)
2026-04-22 03:03:58,599 GET /api/auth/me → 401 (0ms)
2026-04-22 03:03:58,606 GET /api/auth/me → 401 (0ms)
2026-04-22 03:03:58,815 POST /api/auth/refresh → 401 (1ms)
2026-04-22 03:03:58,816 POST /api/auth/refresh → 401 (1ms)
2026-04-22 03:03:59,012 POST /api/auth/refresh → 401 (0ms)
2026-04-22 03:03:59,013 POST /api/auth/refresh → 401 (0ms)
2026-04-22 03:09:00,568 GET /api/auth/me → 401 (0ms)
2026-04-22 03:09:00,575 GET /api/auth/me → 401 (0ms)
2026-04-22 03:09:00,767 POST /api/auth/refresh → 401 (0ms)
2026-04-22 03:09:00,768 POST /api/auth/refresh → 401 (0ms)
2026-04-22 03:09:00,966 POST /api/auth/refresh → 401 (1ms)
2026-04-22 03:09:00,967 POST /api/auth/refresh → 401 (1ms)
2026-04-22 03:11:05,512 GET /api/auth/me → 401 (1ms)
2026-04-22 03:11:05,515 GET /api/auth/me → 401 (4ms)
2026-04-22 03:11:05,723 POST /api/auth/refresh → 401 (0ms)
2026-04-22 03:11:05,724 POST /api/auth/refresh → 401 (0ms)
2026-04-22 03:11:05,932 POST /api/auth/refresh → 401 (0ms)
2026-04-22 03:11:05,934 POST /api/auth/refresh → 401 (0ms)
2026-04-22 03:14:18,878 GET /api/auth/me → 401 (3ms)
2026-04-22 03:14:18,879 GET /api/auth/me → 401 (4ms)
2026-04-22 03:14:19,090 POST /api/auth/refresh → 401 (0ms)
2026-04-22 03:14:19,091 POST /api/auth/refresh → 401 (0ms)
2026-04-22 03:14:19,281 POST /api/auth/refresh → 401 (0ms)
2026-04-22 03:14:19,281 POST /api/auth/refresh → 401 (1ms)
2026-04-22 03:18:42,688 GET /api/auth/me → 401 (1ms)
2026-04-22 03:18:42,688 GET /api/auth/me → 401 (1ms)
2026-04-22 03:18:42,951 POST /api/auth/refresh → 401 (0ms)
2026-04-22 03:18:42,952 POST /api/auth/refresh → 401 (0ms)
2026-04-22 03:18:43,152 POST /api/auth/refresh → 401 (1ms)
2026-04-22 03:18:43,153 POST /api/auth/refresh → 401 (1ms)
2026-04-22 03:26:12,441 GET /api/health → 404 (5ms)
2026-04-22 03:42:34,444 GET /api/auth/me → 401 (0ms)
2026-04-22 03:42:34,783 POST /api/auth/refresh → 401 (0ms)
2026-04-22 03:42:34,794 GET /api/auth/me → 401 (0ms)
2026-04-22 03:42:34,983 POST /api/auth/refresh → 401 (0ms)
2026-04-22 03:42:34,985 POST /api/auth/refresh → 401 (0ms)
2026-04-22 03:42:35,236 POST /api/auth/refresh → 401 (0ms)
2026-04-22 03:43:55,438 GET /api/auth/me → 401 (3ms)
2026-04-22 03:43:55,494 GET /api/auth/me → 401 (0ms)
2026-04-22 03:43:55,726 POST /api/auth/refresh → 401 (0ms)
2026-04-22 03:43:55,792 POST /api/auth/refresh → 401 (0ms)
2026-04-22 03:43:55,928 POST /api/auth/refresh → 401 (0ms)
2026-04-22 03:43:55,975 POST /api/auth/refresh → 401 (0ms)
2026-04-22 03:55:51,907 GET /api/auth/me → 401 (1ms)
2026-04-22 03:55:51,907 GET /api/auth/me → 401 (2ms)
2026-04-22 03:55:52,094 POST /api/auth/refresh → 401 (0ms)
2026-04-22 03:55:52,095 POST /api/auth/refresh → 401 (0ms)
2026-04-22 03:55:52,296 POST /api/auth/refresh → 401 (1ms)
2026-04-22 03:55:52,296 POST /api/auth/refresh → 401 (1ms)
2026-04-22 04:14:41,431 GET /api/auth/me → 401 (0ms)
2026-04-22 04:14:41,502 GET /api/auth/me → 401 (3ms)
2026-04-22 04:14:41,682 POST /api/auth/refresh → 401 (0ms)
2026-04-22 04:14:41,693 POST /api/auth/refresh → 401 (0ms)
2026-04-22 04:14:41,894 POST /api/auth/refresh → 401 (0ms)
2026-04-22 04:14:41,935 POST /api/auth/refresh → 401 (0ms)
2026-04-22 04:15:11,677 GET /api/auth/me → 401 (0ms)
2026-04-22 04:15:11,682 GET /api/auth/me → 401 (3ms)
2026-04-22 04:15:11,881 POST /api/auth/refresh → 401 (0ms)
2026-04-22 04:15:11,882 POST /api/auth/refresh → 401 (0ms)
2026-04-22 04:15:12,067 POST /api/auth/refresh → 401 (0ms)
2026-04-22 04:15:12,068 POST /api/auth/refresh → 401 (0ms)
2026-04-22 04:20:54,859 GET /api/auth/me → 401 (4ms)
2026-04-22 04:20:55,055 POST /api/auth/refresh → 401 (0ms)
2026-04-22 04:20:56,730 GET /api/auth/me → 401 (0ms)
2026-04-22 04:20:57,003 POST /api/auth/refresh → 401 (0ms)
2026-04-22 04:40:38,221 GET /api/auth/me → 401 (5ms)
2026-04-22 04:40:38,226 GET /api/auth/me → 401 (3ms)
2026-04-22 04:40:38,414 POST /api/auth/refresh → 401 (0ms)
2026-04-22 04:40:38,424 POST /api/auth/refresh → 401 (0ms)
2026-04-22 04:40:38,621 POST /api/auth/refresh → 401 (0ms)
2026-04-22 04:40:38,647 POST /api/auth/refresh → 401 (0ms)
2026-04-22 04:41:11,452 GET /api/auth/me → 401 (0ms)
2026-04-22 04:41:11,626 POST /api/auth/refresh → 401 (0ms)
2026-04-22 04:42:12,969 GET /api/auth/me → 401 (4ms)
2026-04-22 04:42:12,974 GET /api/auth/me → 401 (3ms)
2026-04-22 04:42:13,168 POST /api/auth/refresh → 401 (0ms)
2026-04-22 04:42:13,169 POST /api/auth/refresh → 401 (0ms)
2026-04-22 04:42:13,355 POST /api/auth/refresh → 401 (0ms)
2026-04-22 04:42:13,357 POST /api/auth/refresh → 401 (0ms)
2026-04-22 05:14:23,152 GET /api/auth/me → 401 (0ms)
2026-04-22 05:14:23,241 GET /api/auth/me → 401 (0ms)
2026-04-22 05:14:23,256 POST /api/auth/refresh → 401 (0ms)
2026-04-22 05:14:23,317 POST /api/auth/refresh → 401 (0ms)
2026-04-22 05:14:23,346 POST /api/auth/refresh → 401 (0ms)
2026-04-22 05:14:23,405 POST /api/auth/refresh → 401 (0ms)
2026-04-22 05:14:50,097 GET /api/auth/me → 401 (4ms)
2026-04-22 05:14:50,315 POST /api/auth/refresh → 401 (0ms)
2026-04-22 05:15:03,562 GET /api/auth/me → 401 (0ms)
2026-04-22 05:15:03,627 GET /api/auth/me → 401 (0ms)
2026-04-22 05:15:03,754 POST /api/auth/refresh → 401 (0ms)
2026-04-22 05:15:03,821 POST /api/auth/refresh → 401 (0ms)
2026-04-22 05:15:04,070 POST /api/auth/refresh → 401 (0ms)
2026-04-22 05:15:04,093 POST /api/auth/refresh → 401 (0ms)
2026-04-22 05:51:58,691 GET /api/auth/me → 401 (0ms)
2026-04-22 05:51:58,750 GET /api/auth/me → 401 (0ms)
2026-04-22 05:51:58,760 POST /api/auth/refresh → 401 (0ms)
2026-04-22 05:51:58,813 POST /api/auth/refresh → 401 (0ms)
2026-04-22 05:51:58,835 POST /api/auth/refresh → 401 (0ms)
2026-04-22 05:51:58,883 POST /api/auth/refresh → 401 (0ms)
2026-04-22 06:01:51,857 GET /api/auth/me → 401 (1ms)
2026-04-22 06:01:52,340 POST /api/auth/refresh → 401 (0ms)
2026-04-22 06:01:52,713 POST /api/auth/refresh → 401 (0ms)
2026-04-22 06:03:16,010 GET /api/auth/me → 401 (0ms)
2026-04-22 06:03:16,585 POST /api/auth/refresh → 401 (0ms)
2026-04-22 06:05:43,065 GET /api/auth/me → 401 (0ms)
2026-04-22 06:05:43,327 POST /api/auth/refresh → 401 (0ms)
2026-04-22 06:05:43,541 POST /api/auth/refresh → 401 (0ms)
2026-04-22 06:07:23,100 GET /api/auth/me → 401 (0ms)
2026-04-22 06:07:23,306 POST /api/auth/refresh → 401 (0ms)
2026-04-22 06:13:39,963 GET /api/auth/me → 401 (0ms)
2026-04-22 06:13:40,189 POST /api/auth/refresh → 401 (0ms)
2026-04-22 06:13:40,426 POST /api/auth/refresh → 401 (0ms)
2026-04-22 06:13:40,947 GET /api/auth/me → 401 (0ms)
2026-04-22 06:13:41,160 POST /api/auth/refresh → 401 (0ms)
2026-04-22 06:13:41,379 POST /api/auth/refresh → 401 (0ms)
2026-04-22 06:13:41,628 GET /api/auth/me → 401 (0ms)
2026-04-22 06:13:41,876 POST /api/auth/refresh → 401 (0ms)
2026-04-22 06:13:42,088 POST /api/auth/refresh → 401 (0ms)
2026-04-22 06:18:24,681 GET /api/auth/me → 401 (0ms)
2026-04-22 06:18:24,884 POST /api/auth/refresh → 401 (0ms)
2026-04-22 06:18:25,088 POST /api/auth/refresh → 401 (0ms)
2026-04-22 06:58:39,500 GET /api/auth/me → 401 (0ms)
2026-04-22 06:58:39,554 POST /api/auth/refresh → 401 (0ms)
2026-04-22 06:58:39,599 POST /api/auth/refresh → 401 (0ms)
2026-04-22 07:11:54,520 GET /api/auth/me → 401 (0ms)
2026-04-22 07:11:54,756 POST /api/auth/refresh → 401 (0ms)
2026-04-22 07:11:54,903 POST /api/auth/refresh → 401 (0ms)
2026-04-22 09:18:38,523 GET /api/auth/me → 401 (0ms)
2026-04-22 09:18:38,586 POST /api/auth/refresh → 401 (0ms)
2026-04-22 09:18:38,642 POST /api/auth/refresh → 401 (0ms)
2026-04-22 09:32:08,789 GET /api/auth/me → 401 (0ms)
2026-04-22 09:32:09,107 POST /api/auth/refresh → 401 (0ms)
2026-04-22 09:32:09,541 POST /api/auth/refresh → 401 (0ms)
2026-04-22 10:33:50,834 GET /api/auth/me → 401 (0ms)
2026-04-22 10:33:50,899 POST /api/auth/refresh → 401 (0ms)
2026-04-22 10:33:50,999 POST /api/auth/refresh → 401 (0ms)
2026-04-22 12:37:50,087 GET /api/auth/me → 401 (0ms)
2026-04-22 12:37:50,143 POST /api/auth/refresh → 401 (0ms)
2026-04-22 12:37:50,190 POST /api/auth/refresh → 401 (0ms)
2026-04-22 13:44:36,517 GET /api/auth/me → 401 (0ms)
2026-04-22 13:44:36,753 POST /api/auth/refresh → 401 (0ms)
2026-04-22 13:44:36,835 POST /api/auth/refresh → 401 (0ms)
2026-04-22 13:44:48,644 GET /api/auth/me → 401 (0ms)
2026-04-22 13:44:48,800 POST /api/auth/refresh → 401 (0ms)
2026-04-22 13:44:48,858 POST /api/auth/refresh → 401 (0ms)
2026-04-22 13:45:12,267 GET /api/auth/me → 401 (0ms)
2026-04-22 13:45:12,324 POST /api/auth/refresh → 401 (0ms)
2026-04-22 13:45:12,385 POST /api/auth/refresh → 401 (0ms)
2026-04-22 13:45:19,967 GET /api/notifications/unread → 405 (25ms)
2026-04-22 13:45:43,879 GET /api/auth/me → 401 (0ms)
2026-04-22 13:45:43,950 POST /api/auth/refresh → 401 (0ms)
2026-04-22 13:45:44,001 POST /api/auth/refresh → 401 (0ms)
2026-04-22 13:46:11,836 GET /api/user/me → 404 (5ms)
2026-04-22 13:46:20,455 GET /api/user/me → 404 (5ms)
2026-04-22 13:47:16,042 GET /api/auth/me → 401 (0ms)
2026-04-22 13:47:16,113 POST /api/auth/refresh → 401 (0ms)
2026-04-22 13:47:16,165 POST /api/auth/refresh → 401 (0ms)
2026-04-22 13:47:20,530 GET /api/notifications/unread → 405 (11ms)
2026-04-22 13:47:49,950 GET /api/auth/me → 401 (0ms)
2026-04-22 13:47:50,031 POST /api/auth/refresh → 401 (0ms)
2026-04-22 13:47:50,083 POST /api/auth/refresh → 401 (0ms)
2026-04-22 13:47:54,519 GET /api/notifications/unread → 405 (30ms)
2026-04-22 14:18:10,966 GET /api/auth/me → 401 (0ms)
2026-04-22 14:18:11,188 POST /api/auth/refresh → 401 (0ms)
2026-04-22 14:18:11,400 POST /api/auth/refresh → 401 (0ms)
2026-04-22 14:20:16,036 GET /api/auctions/feed → 404 (10ms)
2026-04-22 14:20:16,066 GET /api/blitzjobs/feed → 404 (5ms)
2026-04-22 14:20:16,072 GET /api/mining/status → 404 (4ms)
2026-04-22 14:54:59,219 GET /api/auth/me → 401 (0ms)
2026-04-22 14:54:59,313 POST /api/auth/refresh → 401 (0ms)
2026-04-22 14:54:59,364 POST /api/auth/refresh → 401 (0ms)
2026-04-22 15:47:37,044 GET /api/auth/me → 401 (5ms)
2026-04-22 15:47:37,286 POST /api/auth/refresh → 401 (0ms)
2026-04-22 15:47:37,532 POST /api/auth/refresh → 401 (0ms)
2026-04-22 15:48:51,491 GET /api/auctions/feed → 404 (11ms)
2026-04-22 15:49:20,420 GET /api/blitzjobs/feed → 404 (5ms)
2026-04-22 15:49:20,427 GET /api/mining/status → 404 (5ms)
2026-04-22 15:50:02,790 GET /api/mining/status → 401 (1ms)
2026-04-22 15:53:44,756 GET /api/auth/me → 401 (0ms)
2026-04-22 15:53:44,887 POST /api/auth/refresh → 401 (0ms)
2026-04-22 15:53:45,625 GET /api/auth/me → 401 (0ms)
2026-04-22 15:53:45,685 POST /api/auth/refresh → 401 (0ms)
2026-04-22 15:53:45,761 POST /api/auth/refresh → 401 (0ms)
2026-04-22 15:53:54,907 GET /api/notifications/unread → 405 (28ms)
2026-04-22 15:54:24,844 GET /api/notifications/unread → 405 (3ms)
2026-04-22 15:54:54,856 GET /api/notifications/unread → 405 (3ms)
2026-04-22 15:55:24,840 GET /api/notifications/unread → 405 (3ms)
2026-04-22 15:55:54,855 GET /api/notifications/unread → 405 (3ms)
2026-04-22 15:56:24,907 GET /api/notifications/unread → 405 (3ms)
2026-04-22 15:56:54,850 GET /api/notifications/unread → 405 (3ms)
2026-04-22 15:57:24,849 GET /api/notifications/unread → 405 (3ms)
2026-04-22 15:58:58,283 GET /api/auth/me → 401 (0ms)
2026-04-22 15:58:59,156 GET /api/auth/me → 401 (0ms)
2026-04-22 15:58:59,258 POST /api/auth/refresh → 401 (0ms)
2026-04-22 15:58:59,317 POST /api/auth/refresh → 401 (0ms)
2026-04-22 15:59:08,506 GET /api/notifications/unread → 405 (35ms)
2026-04-22 15:59:12,927 GET /api/notifications/unread → 405 (3ms)
2026-04-22 15:59:17,866 GET /api/notifications/unread → 405 (10ms)
2026-04-22 16:02:47,550 GET /api/auth/me → 401 (0ms)
2026-04-22 16:02:47,628 POST /api/auth/refresh → 401 (0ms)
2026-04-22 16:02:47,685 POST /api/auth/refresh → 401 (0ms)
2026-04-22 16:17:35,701 GET /api/auth/me → 401 (1ms)
2026-04-22 16:17:35,926 POST /api/auth/refresh → 401 (0ms)
2026-04-22 16:17:36,145 POST /api/auth/refresh → 401 (0ms)
2026-04-22 16:38:20,642 GET /api/auth/me → 401 (0ms)
2026-04-22 16:38:20,955 POST /api/auth/refresh → 401 (0ms)
2026-04-22 16:38:21,334 POST /api/auth/refresh → 401 (0ms)
2026-04-22 17:00:17,333 GET /api/auth/me → 401 (0ms)
2026-04-22 17:00:17,593 POST /api/auth/refresh → 401 (0ms)
2026-04-22 17:00:17,843 POST /api/auth/refresh → 401 (0ms)
2026-04-22 17:48:49,829 GET /api/auth/me → 401 (0ms)
2026-04-22 17:48:50,066 POST /api/auth/refresh → 401 (0ms)
2026-04-22 17:48:50,323 POST /api/auth/refresh → 401 (0ms)
2026-04-22 18:31:54,390 GET /api/auth/me → 401 (0ms)
2026-04-22 18:31:54,446 POST /api/auth/refresh → 401 (0ms)
2026-04-22 18:31:54,501 POST /api/auth/refresh → 401 (0ms)
2026-04-22 19:31:42,096 GET /api/auth/me → 401 (0ms)
2026-04-22 19:31:42,312 POST /api/auth/refresh → 401 (0ms)
2026-04-22 19:31:42,520 POST /api/auth/refresh → 401 (0ms)
2026-04-22 19:45:07,319 POST /api/auth/refresh → 401 (0ms)
2026-04-22 19:51:10,386 GET /api/auth/me → 401 (3ms)
2026-04-22 19:51:10,633 POST /api/auth/refresh → 401 (0ms)
2026-04-22 19:51:10,832 POST /api/auth/refresh → 401 (0ms)
2026-04-22 20:03:58,258 GET /api/auth/me → 401 (0ms)
2026-04-22 20:03:58,463 POST /api/auth/refresh → 401 (0ms)
2026-04-22 20:03:58,660 POST /api/auth/refresh → 401 (0ms)
2026-04-22 20:16:11,559 GET /api/auth/me → 401 (0ms)
2026-04-22 20:16:11,748 POST /api/auth/refresh → 401 (0ms)
2026-04-22 20:16:11,954 POST /api/auth/refresh → 401 (0ms)
2026-04-22 20:20:40,076 GET /api/auth/me → 401 (1ms)
2026-04-22 20:20:40,271 POST /api/auth/refresh → 401 (0ms)
2026-04-22 20:20:40,465 POST /api/auth/refresh → 401 (0ms)
2026-04-22 20:28:06,732 GET /api/driver-dashboard/eligibility → 401 (2ms)
2026-04-22 20:28:06,748 GET /api/taxi/nearby → 404 (5ms)
2026-04-22 20:28:06,765 GET /api/taxi/operator/stats → 404 (5ms)
2026-04-22 20:28:06,777 GET /api/admin/taxi/overview → 401 (1ms)
2026-04-22 20:28:19,509 GET /api/taxi/nearby → 404 (5ms)
2026-04-22 20:28:19,525 GET /api/taxi/rides/available → 404 (5ms)
2026-04-22 20:28:19,567 GET /api/driver-dashboard/profile → 403 (4ms)
2026-04-22 21:51:33,083 GET /api/auth/me → 401 (0ms)
2026-04-22 21:51:33,182 POST /api/auth/refresh → 401 (0ms)
2026-04-22 21:51:33,239 POST /api/auth/refresh → 401 (0ms)
2026-04-23 01:17:20,265 GET /api/auth/me → 401 (1ms)
2026-04-23 01:17:20,456 POST /api/auth/refresh → 401 (0ms)
2026-04-23 01:17:20,666 POST /api/auth/refresh → 401 (0ms)
2026-04-23 02:09:08,243 GET /api/auth/me → 401 (1ms)
2026-04-23 02:09:08,435 POST /api/auth/refresh → 401 (0ms)
2026-04-23 02:09:08,688 POST /api/auth/refresh → 401 (0ms)
2026-04-23 02:20:17,372 GET /api/auth/me → 401 (0ms)
2026-04-23 02:20:17,461 POST /api/auth/refresh → 401 (0ms)
2026-04-23 02:20:17,675 POST /api/auth/refresh → 401 (0ms)
2026-04-26 12:18:05,733 GET /api/kyc/status → 401 (1ms)
2026-04-26 12:23:24,394 GET /api/taxi/driver/status → 401 (2ms)
2026-04-26 12:23:24,426 GET /api/taxi/saved-places → 401 (2ms)
2026-04-26 12:23:24,429 GET /api/taxi/rides/active → 401 (2ms)
2026-04-26 12:23:24,429 GET /api/auth/me → 401 (2ms)
2026-04-26 12:23:54,716 GET /api/taxi/saved-places → 401 (2ms)
2026-04-26 12:23:54,740 GET /api/auth/me → 401 (0ms)
2026-04-26 12:23:54,742 GET /api/taxi/rides/active → 401 (2ms)
2026-04-26 12:23:54,744 GET /api/taxi/driver/status → 401 (1ms)
2026-04-26 12:24:21,698 GET /api/auth/me → 401 (0ms)
2026-04-26 12:24:21,707 GET /api/ladesaeulen/active-session → 401 (3ms)
2026-04-26 12:24:55,008 GET /api/auth/me → 401 (6ms)
2026-04-26 12:24:55,009 GET /api/ladesaeulen/active-session → 401 (6ms)
2026-04-26 12:25:13,485 GET /api/taxi/rides/active → 401 (2ms)
2026-04-26 12:25:13,507 GET /api/taxi/saved-places → 401 (2ms)
2026-04-26 12:25:13,508 GET /api/auth/me → 401 (0ms)
2026-04-26 12:25:13,510 GET /api/taxi/driver/status → 401 (2ms)
2026-04-26 12:25:47,013 GET /api/places/saved-locations → 401 (5ms)
2026-04-26 12:26:04,289 GET /api/auth/me → 401 (0ms)
2026-04-26 12:26:04,330 GET /api/scooter/active → 404 (7ms)
2026-04-26 12:26:04,331 GET /api/scooter/pricing → 404 (13ms)
2026-04-26 12:27:43,798 GET /api/auth/me → 401 (0ms)
2026-04-26 12:27:43,995 POST /api/auth/refresh → 401 (0ms)
2026-04-26 12:27:44,198 POST /api/auth/refresh → 401 (0ms)
2026-04-26 12:58:04,806 GET /api/auth/me → 401 (0ms)
2026-04-26 12:58:05,109 POST /api/auth/refresh → 401 (0ms)
2026-04-26 12:58:05,831 POST /api/auth/refresh → 401 (0ms)
2026-04-26 13:00:25,480 GET /api/auth/me → 401 (1ms)
2026-04-26 13:00:25,700 POST /api/auth/refresh → 401 (0ms)
2026-04-26 13:00:25,910 POST /api/auth/refresh → 401 (0ms)
2026-04-26 13:05:53,606 GET /api/kyc/status → 401 (1ms)
2026-04-26 13:05:54,103 POST /api/kyc/submit → 422 (5ms)
2026-04-26 13:05:54,156 POST /api/wallet/topup → 403 (2ms)
2026-04-26 13:05:54,203 POST /api/wallet/send → 403 (1ms)
2026-04-26 13:05:54,318 POST /api/auctions/bid → 403 (2ms)
2026-04-26 13:09:51,475 GET /api/auth/me → 401 (0ms)
2026-04-26 13:09:51,662 POST /api/auth/refresh → 401 (0ms)
2026-04-26 13:09:51,846 POST /api/auth/refresh → 401 (0ms)
2026-04-26 13:11:03,998 GET /api/auth/me → 401 (0ms)
2026-04-26 13:11:04,182 POST /api/auth/refresh → 401 (0ms)
2026-04-26 13:11:04,364 POST /api/auth/refresh → 401 (0ms)
2026-04-26 13:12:47,467 GET /api/auth/me → 401 (0ms)
2026-04-26 13:12:47,654 POST /api/auth/refresh → 401 (0ms)
2026-04-26 13:12:47,842 POST /api/auth/refresh → 401 (0ms)
2026-04-26 13:19:26,042 GET /api/directory/agent/dashboard → 401 (3ms)
2026-04-26 13:28:56,173 GET /api/auth/me → 401 (1ms)
2026-04-26 13:28:56,451 POST /api/auth/refresh → 401 (0ms)
2026-04-26 13:28:56,793 POST /api/auth/refresh → 401 (0ms)
2026-04-26 13:31:09,253 GET /api/admin/legal/documents → 404 (2ms)
2026-04-26 13:31:09,386 GET /api/admin/smm/stats → 404 (5ms)
2026-04-26 13:31:09,449 GET /api/admin/management/overview → 404 (5ms)
2026-04-26 13:31:09,511 GET /api/admin/taxi/stats → 404 (5ms)
2026-04-26 13:31:09,566 GET /api/admin/revenue/overview → 404 (5ms)
2026-04-26 13:31:09,818 GET /api/admin/support/tickets → 404 (5ms)
2026-04-26 13:31:09,927 GET /api/admin/auction-images/stats → 404 (5ms)
2026-04-26 13:31:09,990 GET /api/admin/email-marketing/campaigns → 404 (5ms)
2026-04-26 14:07:34,061 GET /api/auth/me → 401 (0ms)
2026-04-26 14:07:34,189 POST /api/auth/refresh → 401 (0ms)
2026-04-26 14:07:34,238 POST /api/auth/refresh → 401 (0ms)
2026-04-26 14:16:14,799 GET /api/auth/me → 401 (0ms)
2026-04-26 14:16:26,263 GET /api/auth/me → 401 (0ms)
2026-04-26 14:16:57,755 POST /api/auth/refresh → 401 (0ms)
2026-04-26 14:16:57,965 POST /api/auth/refresh → 401 (0ms)
2026-04-26 14:18:47,831 POST /api/directory/listings → 401 (4ms)
2026-04-26 14:18:57,674 GET /api/auth/me → 401 (0ms)
2026-04-26 14:18:58,006 POST /api/auth/refresh → 401 (0ms)
2026-04-26 14:18:58,212 POST /api/auth/refresh → 401 (0ms)
2026-04-26 14:22:58,869 GET /api/auth/me → 401 (0ms)
2026-04-26 14:22:59,075 POST /api/auth/refresh → 401 (0ms)
2026-04-26 14:22:59,283 POST /api/auth/refresh → 401 (0ms)
2026-04-26 14:43:18,689 GET /api/auth/me → 401 (1ms)
2026-04-26 14:43:18,882 POST /api/auth/refresh → 401 (0ms)
2026-04-26 14:43:19,064 POST /api/auth/refresh → 401 (0ms)
2026-04-26 14:43:38,807 GET /api/auth/me → 401 (0ms)
2026-04-26 14:43:39,003 POST /api/auth/refresh → 401 (0ms)
2026-04-26 14:43:39,181 POST /api/auth/refresh → 401 (0ms)
2026-04-26 15:11:39,274 GET /api/auth/me → 401 (0ms)
2026-04-26 15:11:39,387 POST /api/auth/refresh → 401 (0ms)
2026-04-26 15:11:39,438 POST /api/auth/refresh → 401 (0ms)
2026-04-26 15:11:42,892 GET /api/auth/me → 401 (0ms)
2026-04-26 15:11:43,002 POST /api/auth/refresh → 401 (0ms)
2026-04-26 15:11:43,058 POST /api/auth/refresh → 401 (0ms)
2026-04-26 15:12:03,651 GET /api/auth/me → 401 (0ms)
2026-04-26 15:12:04,106 GET /api/auth/me → 401 (0ms)
2026-04-26 15:12:04,158 POST /api/auth/refresh → 401 (0ms)
2026-04-26 15:12:04,207 POST /api/auth/refresh → 401 (0ms)
2026-04-26 15:12:10,430 GET /api/auth/me → 401 (0ms)
2026-04-26 15:12:10,479 POST /api/auth/refresh → 401 (0ms)
2026-04-26 15:12:10,528 POST /api/auth/refresh → 401 (0ms)
2026-04-26 15:22:19,748 GET /api/auth/me → 401 (0ms)
2026-04-26 15:22:19,866 POST /api/auth/refresh → 401 (0ms)
2026-04-26 15:22:20,334 GET /api/auth/me → 401 (0ms)
2026-04-26 15:22:20,386 POST /api/auth/refresh → 401 (0ms)
2026-04-26 15:22:20,436 POST /api/auth/refresh → 401 (0ms)
2026-04-26 15:23:59,892 GET /api/auth/me → 401 (0ms)
2026-04-26 15:24:00,093 POST /api/auth/refresh → 401 (0ms)
2026-04-26 15:24:00,286 POST /api/auth/refresh → 401 (0ms)
2026-04-26 15:24:00,863 GET /api/lottery/current → 401 (1ms)
2026-04-26 15:24:01,031 GET /api/lottery/current → 401 (1ms)
2026-04-26 15:24:01,189 POST /api/ai/chat → 401 (3ms)
2026-04-26 15:24:16,575 POST /api/ai/content/generate → 401 (5ms)
2026-04-26 15:24:18,570 POST /api/ai/content/generate → 422 (3ms)
2026-04-26 15:24:18,747 GET /api/ai/recommendations → 401 (3ms)
2026-04-26 15:24:48,240 POST /api/ai/chat → 401 (3ms)
2026-04-26 15:25:03,471 POST /api/ai/content/generate → 401 (3ms)
2026-04-26 15:25:05,285 POST /api/ai/content/generate → 422 (4ms)
2026-04-26 15:25:05,404 GET /api/ai/recommendations → 401 (3ms)
2026-04-26 15:25:50,371 GET /api/auth/me → 401 (0ms)
2026-04-26 15:25:50,458 POST /api/auth/refresh → 401 (0ms)
2026-04-26 15:25:50,593 POST /api/auth/refresh → 401 (0ms)
2026-04-26 15:26:23,408 GET /api/auth/me → 401 (0ms)
2026-04-26 15:26:23,472 POST /api/auth/refresh → 401 (0ms)
2026-04-26 15:26:54,305 GET /api/auth/me → 401 (0ms)
2026-04-26 15:26:54,396 POST /api/auth/refresh → 401 (0ms)
2026-04-26 15:26:54,453 POST /api/auth/refresh → 401 (0ms)
2026-04-26 15:27:43,026 GET /api/auth/me → 401 (0ms)
2026-04-26 15:27:43,344 POST /api/auth/refresh → 401 (0ms)
2026-04-26 15:27:43,498 POST /api/auth/refresh → 401 (0ms)
2026-04-26 15:38:51,225 GET /api/auth/me → 401 (0ms)
2026-04-26 15:38:51,300 POST /api/auth/refresh → 401 (0ms)
2026-04-26 15:38:51,384 POST /api/auth/refresh → 401 (0ms)
2026-04-26 15:38:51,837 GET /api/auth/me → 401 (0ms)
2026-04-26 15:38:51,898 POST /api/auth/refresh → 401 (0ms)
2026-04-26 15:38:51,948 POST /api/auth/refresh → 401 (0ms)
2026-04-26 15:53:03,159 GET /api/auth/me → 401 (0ms)
2026-04-26 15:53:03,644 GET /api/auth/me → 401 (0ms)
2026-04-26 15:53:03,742 POST /api/auth/refresh → 401 (0ms)
2026-04-26 15:53:03,793 POST /api/auth/refresh → 401 (0ms)
2026-04-26 16:28:23,529 GET /api/auth/me → 401 (0ms)
2026-04-26 16:28:23,733 POST /api/auth/refresh → 401 (0ms)
2026-04-26 16:28:23,934 POST /api/auth/refresh → 401 (0ms)
2026-04-26 16:29:31,830 GET /api/auth/me → 401 (0ms)
2026-04-26 16:29:32,011 POST /api/auth/refresh → 401 (0ms)
2026-04-26 16:29:32,211 POST /api/auth/refresh → 401 (0ms)
2026-04-26 16:36:51,900 GET /api/auth/me → 401 (0ms)
2026-04-26 16:36:52,484 GET /api/auth/me → 401 (0ms)
2026-04-26 16:36:52,540 POST /api/auth/refresh → 401 (0ms)
2026-04-26 16:36:52,587 POST /api/auth/refresh → 401 (0ms)
2026-04-26 16:39:35,396 GET /api/auth/me → 401 (0ms)
2026-04-26 16:39:35,618 POST /api/auth/refresh → 401 (0ms)
2026-04-26 16:39:35,816 POST /api/auth/refresh → 401 (0ms)
2026-04-26 16:52:54,220 GET /api/auth/me → 401 (0ms)
2026-04-26 16:52:54,582 POST /api/auth/refresh → 401 (0ms)
2026-04-26 16:52:54,779 POST /api/auth/refresh → 401 (0ms)
2026-04-26 16:56:37,048 GET /api/auth/me → 401 (0ms)
2026-04-26 16:56:37,243 POST /api/auth/refresh → 401 (0ms)
2026-04-26 16:56:37,459 POST /api/auth/refresh → 401 (0ms)
2026-04-26 16:56:45,346 GET /api/auth/me → 401 (0ms)
2026-04-26 16:56:45,536 POST /api/auth/refresh → 401 (0ms)
2026-04-26 16:56:45,732 POST /api/auth/refresh → 401 (0ms)
2026-04-26 17:03:25,096 GET /api/auth/me → 401 (0ms)
2026-04-26 17:03:25,325 POST /api/auth/refresh → 401 (0ms)
2026-04-26 17:03:25,633 POST /api/auth/refresh → 401 (0ms)
2026-04-26 17:12:32,632 GET /api/kids/dashboard → 404 (5ms)
2026-04-26 17:12:32,648 GET /api/kids-gps/status → 404 (5ms)
2026-04-26 17:12:43,726 GET /api/kids-app/dashboard → 404 (5ms)
2026-04-26 17:12:43,741 GET /api/kids-controls/settings → 404 (5ms)
2026-04-26 17:12:43,756 GET /api/kids-gps/devices → 404 (5ms)
2026-04-26 17:12:43,771 GET /api/kids-system/status → 404 (5ms)
2026-04-26 17:13:02,859 GET /api/kids-app/ → 404 (5ms)
2026-04-26 17:13:02,878 GET /api/kids/controls/settings → 404 (5ms)
2026-04-26 17:13:02,894 GET /api/kids/gps/devices → 404 (5ms)
2026-04-26 17:13:27,670 GET /api/kids-app/savings-goal → 405 (3ms)
2026-04-26 17:31:31,876 GET /api/auth/me → 401 (0ms)
2026-04-26 17:31:32,075 POST /api/auth/refresh → 401 (0ms)
2026-04-26 17:31:32,271 POST /api/auth/refresh → 401 (0ms)
2026-04-26 17:33:51,571 GET /api/taxi/estimate → 405 (3ms)
2026-04-26 17:33:51,594 GET /api/taxi/my-rides → 404 (7ms)
2026-04-26 17:33:51,624 GET /api/taxi/active → 404 (6ms)
2026-04-26 17:33:51,679 GET /api/scooter/active-rental → 404 (3ms)
2026-04-26 17:33:51,697 GET /api/scooter/my-trips → 404 (3ms)
2026-04-26 17:33:51,719 GET /api/scooter/zones → 404 (3ms)
2026-04-26 17:33:51,737 GET /api/supercharger/stations → 404 (6ms)
2026-04-26 17:33:51,767 GET /api/supercharger/active-session → 404 (6ms)
2026-04-26 17:33:51,790 GET /api/supercharger/my-sessions → 404 (6ms)
2026-04-26 17:34:28,568 GET /api/scooter/pricing → 404 (2ms)
2026-04-26 17:34:28,580 GET /api/scooter/active → 404 (2ms)
2026-04-26 17:37:10,288 GET /api/auth/me → 401 (0ms)
2026-04-26 17:37:10,784 GET /api/auth/me → 401 (0ms)
2026-04-26 17:37:10,842 POST /api/auth/refresh → 401 (0ms)
2026-04-26 17:37:10,904 POST /api/auth/refresh → 401 (0ms)
2026-04-26 17:42:54,088 GET /api/auth/me → 401 (0ms)
2026-04-26 17:42:54,278 POST /api/auth/refresh → 401 (0ms)
2026-04-26 17:42:54,472 POST /api/auth/refresh → 401 (0ms)
2026-04-26 17:48:00,091 GET /api/auth/me → 401 (1ms)
2026-04-26 17:48:00,556 GET /api/auth/me → 401 (0ms)
2026-04-26 17:48:00,603 POST /api/auth/refresh → 401 (0ms)
2026-04-26 17:48:00,703 POST /api/auth/refresh → 401 (0ms)
2026-04-26 17:49:07,485 GET /api/auth/me → 401 (0ms)
2026-04-26 17:49:07,577 POST /api/auth/refresh → 401 (0ms)
2026-04-26 17:49:07,632 POST /api/auth/refresh → 401 (0ms)
2026-04-26 17:54:59,669 GET /api/auth/me → 401 (0ms)
2026-04-26 17:54:59,867 POST /api/auth/refresh → 401 (0ms)
2026-04-26 17:55:00,098 POST /api/auth/refresh → 401 (0ms)
2026-04-26 18:00:15,983 GET /api/auth/me → 401 (0ms)
2026-04-26 18:00:16,168 POST /api/auth/refresh → 401 (0ms)
2026-04-26 18:00:16,358 POST /api/auth/refresh → 401 (0ms)
2026-04-26 18:07:08,313 GET /api/auth/me → 401 (0ms)
2026-04-26 18:07:08,524 POST /api/auth/refresh → 401 (0ms)
2026-04-26 18:07:08,730 POST /api/auth/refresh → 401 (0ms)
2026-04-26 18:12:40,288 GET /api/auth/me → 401 (0ms)
2026-04-26 18:12:40,496 POST /api/auth/refresh → 401 (0ms)
2026-04-26 18:12:40,702 POST /api/auth/refresh → 401 (0ms)
2026-04-26 18:16:29,705 GET /api/auth/me → 401 (0ms)
2026-04-26 18:16:29,910 POST /api/auth/refresh → 401 (0ms)
2026-04-26 18:16:30,118 POST /api/auth/refresh → 401 (0ms)
2026-04-26 18:28:25,685 GET /api/auth/me → 401 (4ms)
2026-04-26 18:28:25,914 POST /api/auth/refresh → 401 (0ms)
2026-04-26 18:28:26,117 POST /api/auth/refresh → 401 (0ms)
2026-04-26 18:31:48,592 GET /api/health → 404 (6ms)
2026-04-26 18:33:10,937 GET /api/auth/me → 401 (0ms)
2026-04-26 18:33:11,142 POST /api/auth/refresh → 401 (0ms)
2026-04-26 18:33:11,343 POST /api/auth/refresh → 401 (0ms)
2026-04-26 18:36:45,908 GET /api/auth/me → 401 (1ms)
2026-04-26 18:36:46,200 POST /api/auth/refresh → 401 (0ms)
2026-04-26 18:36:46,496 POST /api/auth/refresh → 401 (0ms)
2026-04-26 18:39:24,082 GET /api/auth/me → 401 (0ms)
2026-04-26 18:39:24,392 POST /api/auth/refresh → 401 (0ms)
2026-04-26 18:39:24,581 POST /api/auth/refresh → 401 (0ms)
2026-04-26 18:44:00,675 GET /api/auth/me → 401 (0ms)
2026-04-26 18:44:00,882 POST /api/auth/refresh → 401 (0ms)
2026-04-26 18:44:01,070 POST /api/auth/refresh → 401 (0ms)
2026-04-26 18:44:13,186 GET /api/auth/me → 401 (0ms)
2026-04-26 18:44:13,377 POST /api/auth/refresh → 401 (0ms)
2026-04-26 18:44:13,574 POST /api/auth/refresh → 401 (0ms)
2026-04-26 18:44:29,755 GET /api/auth/me → 401 (0ms)
2026-04-26 18:44:29,960 POST /api/auth/refresh → 401 (0ms)
2026-04-26 18:44:30,165 POST /api/auth/refresh → 401 (0ms)
2026-04-26 18:57:44,696 GET /api/auth/me → 401 (1ms)
2026-04-26 18:57:44,901 POST /api/auth/refresh → 401 (0ms)
2026-04-26 18:57:45,097 POST /api/auth/refresh → 401 (0ms)
2026-04-26 19:01:53,345 GET /api/auth/me → 401 (0ms)
2026-04-26 19:01:53,538 POST /api/auth/refresh → 401 (0ms)
2026-04-26 19:01:53,742 POST /api/auth/refresh → 401 (0ms)
2026-04-26 19:02:19,535 GET /api/auth/me → 401 (0ms)
2026-04-26 19:02:19,653 POST /api/auth/refresh → 401 (0ms)
2026-04-26 19:02:19,710 POST /api/auth/refresh → 401 (0ms)
2026-04-26 19:11:56,308 GET /api/auth/me → 401 (0ms)
2026-04-26 19:11:56,498 POST /api/auth/refresh → 401 (0ms)
2026-04-26 19:11:56,735 POST /api/auth/refresh → 401 (0ms)
2026-04-26 19:16:33,174 GET /api/auth/me → 401 (0ms)
2026-04-26 19:16:33,365 POST /api/auth/refresh → 401 (0ms)
2026-04-26 19:16:33,560 POST /api/auth/refresh → 401 (0ms)
2026-04-26 19:26:58,955 GET /api/auth/me → 401 (0ms)
2026-04-26 19:26:59,148 POST /api/auth/refresh → 401 (0ms)
2026-04-26 19:26:59,335 POST /api/auth/refresh → 401 (0ms)
2026-04-26 19:31:19,420 GET /api/auth/me → 401 (0ms)
2026-04-26 19:31:19,653 POST /api/auth/refresh → 401 (0ms)
2026-04-26 19:31:20,068 POST /api/auth/refresh → 401 (0ms)
2026-04-26 19:43:02,812 GET /api/auth/me → 401 (0ms)
2026-04-26 19:43:03,010 POST /api/auth/refresh → 401 (0ms)
2026-04-26 19:43:03,202 POST /api/auth/refresh → 401 (0ms)
2026-04-26 20:10:51,186 GET /api/auth/me → 401 (0ms)
2026-04-26 20:10:51,378 POST /api/auth/refresh → 401 (0ms)
2026-04-26 20:10:51,577 POST /api/auth/refresh → 401 (0ms)
2026-04-26 20:14:54,181 GET /api/osm/categories → 404 (6ms)
2026-04-26 20:14:54,341 GET /api/osm/places → 404 (6ms)
2026-04-26 20:15:14,214 GET /api/osm/categories → 404 (6ms)
2026-04-26 20:15:14,382 GET /api/osm/places → 404 (6ms)
2026-04-26 20:15:18,827 GET /api/osm/categories → 404 (6ms)
2026-04-26 20:15:18,845 GET /api/osm/places → 404 (6ms)
2026-04-26 20:15:44,634 GET /api/osm/places → 502 (389ms)
2026-04-26 20:15:48,746 GET /api/osm/places → 502 (363ms)
2026-04-26 20:16:22,452 GET /api/osm/places → 502 (9630ms)
2026-04-26 20:17:49,064 GET /api/auth/me → 401 (0ms)
2026-04-26 20:17:49,362 POST /api/auth/refresh → 401 (2ms)
2026-04-26 20:17:49,565 POST /api/auth/refresh → 401 (0ms)
2026-04-26 20:18:02,653 GET /api/osm/places → 502 (8674ms)
2026-04-26 20:32:32,638 POST /api/scooter/unlock-qr → 400 (2ms)
2026-04-26 20:32:43,713 POST /api/taxi/sos → 401 (2ms)
2026-04-26 20:49:07,712 GET /api/auth/me → 401 (0ms)
2026-04-26 20:49:07,808 POST /api/auth/refresh → 401 (0ms)
2026-04-26 20:50:23,644 POST /api/pos/admin/merchants/MER-12DA5FAE925F/approve → 403 (2ms)
2026-04-26 20:50:24,477 POST /api/pos/payment/refund → 404 (3ms)
2026-04-26 20:50:24,696 GET /api/pos/admin/overview → 403 (2ms)
2026-04-26 20:51:06,403 GET /api/pos/admin/overview → 403 (2ms)
2026-04-26 20:51:06,418 GET /api/pos/admin/merchants → 403 (2ms)
2026-04-26 20:51:31,305 GET /api/pos/admin/overview → 403 (2ms)
2026-04-26 20:51:31,319 GET /api/pos/admin/merchants → 403 (2ms)
2026-04-26 20:52:32,953 GET /api/auth/me → 401 (0ms)
2026-04-26 20:52:33,008 POST /api/auth/refresh → 401 (0ms)
2026-04-26 21:29:24,423 GET /api/auth/me → 401 (0ms)
2026-04-26 21:29:24,716 POST /api/auth/refresh → 401 (0ms)
2026-04-26 21:29:24,783 POST /api/auth/refresh → 401 (0ms)
2026-04-26 22:41:19,132 GET /api/auth/me → 401 (0ms)
2026-04-26 22:41:19,253 POST /api/auth/refresh → 401 (0ms)
2026-04-26 22:41:19,314 POST /api/auth/refresh → 401 (0ms)
2026-04-26 22:41:49,706 GET /api/pos/stores → 401 (1ms)
2026-04-26 22:41:49,728 GET /api/pos/sales → 401 (1ms)
2026-04-26 22:41:49,750 POST /api/pos/refund-requests/create → 401 (1ms)
2026-04-26 22:41:49,778 POST /api/pos/chat/send → 401 (1ms)
2026-04-26 22:41:49,806 GET /api/pos/chat/messages → 401 (1ms)
2026-04-26 23:22:19,770 GET /api/auth/me → 401 (0ms)
2026-04-26 23:22:19,874 POST /api/auth/refresh → 401 (0ms)
2026-04-26 23:22:19,930 POST /api/auth/refresh → 401 (0ms)
2026-04-27 05:29:18,832 GET /api/auth/me → 401 (0ms)
2026-04-27 05:29:18,938 POST /api/auth/refresh → 401 (0ms)
2026-04-27 05:29:18,990 POST /api/auth/refresh → 401 (0ms)
2026-04-27 20:21:53,032 GET /api/auth/me → 401 (1ms)
2026-04-27 20:21:53,212 POST /api/auth/refresh → 401 (0ms)
2026-04-27 20:21:53,413 POST /api/auth/refresh → 401 (0ms)
2026-04-27 20:22:53,995 GET /api/pos/products/search → 422 (3ms)
2026-04-27 20:29:51,765 GET /api/auth/me → 401 (0ms)
2026-04-27 20:29:51,959 POST /api/auth/refresh → 401 (0ms)
2026-04-27 20:29:52,151 POST /api/auth/refresh → 401 (0ms)
2026-04-27 20:29:57,745 GET /api/auth/me → 401 (0ms)
2026-04-27 20:29:57,881 POST /api/auth/refresh → 401 (0ms)
2026-04-27 20:30:00,544 GET /api/auth/me → 401 (0ms)
2026-04-27 20:30:00,739 POST /api/auth/refresh → 401 (0ms)
2026-04-27 20:30:01,105 POST /api/auth/refresh → 401 (0ms)
2026-04-27 20:32:01,644 POST /api/pos/age-check/log → 404 (6ms)
2026-04-27 20:32:07,053 POST /api/pos/ocr/delivery-note → 500 (5348ms)
2026-04-27 20:32:12,350 POST /api/pos/voice/transcribe → 500 (5243ms)
2026-04-27 20:32:12,496 GET /api/openapi.json → 404 (6ms)
2026-04-27 20:32:38,759 GET /api/openapi.json → 404 (6ms)
2026-04-27 20:33:11,528 POST /api/pos/ocr/delivery-note → 500 (5133ms)
2026-04-27 20:33:19,802 POST /api/pos/voice/transcribe → 500 (8201ms)
2026-04-27 21:05:47,726 GET /api/auth/me → 401 (0ms)
2026-04-27 21:05:47,931 POST /api/auth/refresh → 401 (0ms)
2026-04-27 21:05:48,134 POST /api/auth/refresh → 401 (0ms)
2026-04-27 21:12:42,436 POST /api/pos/tables/create → 422 (1ms)
2026-04-27 21:15:24,510 GET /api/pos/public/order/9AuG1D3Ti5Pm6gVD → 404 (2ms)
2026-04-27 21:15:44,134 GET /api/pos/public/order/9AuG1D3Ti5Pm6gVD → 404 (2ms)
2026-04-27 21:15:54,915 GET /api/pos/public/order/9AuG1D3Ti5Pm6gVD → 404 (2ms)
2026-04-27 21:19:14,712 GET /api/pos/products → 404 (6ms)
2026-04-27 21:19:15,879 POST /api/pos/tse/sign-sale/SAL-4EAF151957 → 404 (6ms)
2026-04-27 21:21:10,050 GET /api/pos/sales/recent → 404 (6ms)
2026-04-27 21:54:21,429 GET /api/auth/me → 401 (0ms)
2026-04-27 21:54:21,573 POST /api/auth/refresh → 401 (1ms)
2026-04-27 21:54:21,639 POST /api/auth/refresh → 401 (1ms)
2026-04-28 03:27:56,748 GET /api/auth/me → 401 (0ms)
2026-04-28 03:27:56,847 POST /api/auth/refresh → 401 (0ms)
2026-04-28 03:27:56,908 POST /api/auth/refresh → 401 (0ms)
2026-04-28 04:55:04,258 GET /api/auth/me → 401 (1ms)
2026-04-28 04:55:04,435 POST /api/auth/refresh → 401 (0ms)
2026-04-28 04:55:04,624 POST /api/auth/refresh → 401 (0ms)
2026-04-28 05:50:02,290 GET /api/auth/me → 401 (0ms)
2026-04-28 05:50:02,373 POST /api/auth/refresh → 401 (0ms)
2026-04-28 05:50:02,421 POST /api/auth/refresh → 401 (0ms)
2026-04-28 06:45:38,407 GET /api/auth/me → 401 (0ms)
2026-04-28 06:45:39,026 POST /api/auth/refresh → 401 (0ms)
2026-04-28 06:45:41,058 POST /api/auth/refresh → 401 (0ms)
2026-04-28 07:14:52,948 GET /api/auth/me → 401 (0ms)
2026-04-28 07:14:53,025 POST /api/auth/refresh → 401 (0ms)
2026-04-28 07:14:53,080 POST /api/auth/refresh → 401 (0ms)
2026-04-28 07:53:18,648 GET /api/auth/me → 401 (1ms)
2026-04-28 07:53:18,766 POST /api/auth/refresh → 401 (0ms)
2026-04-28 07:53:18,815 POST /api/auth/refresh → 401 (0ms)
2026-04-28 07:54:08,129 GET /api/auth/me → 401 (0ms)
2026-04-28 07:54:08,779 GET /api/auth/me → 401 (0ms)
2026-04-28 07:54:08,828 POST /api/auth/refresh → 401 (0ms)
2026-04-28 07:54:08,875 POST /api/auth/refresh → 401 (0ms)
2026-04-28 07:54:12,281 GET /api/auth/me → 401 (0ms)
2026-04-28 07:54:12,329 POST /api/auth/refresh → 401 (0ms)
2026-04-28 07:54:12,376 POST /api/auth/refresh → 401 (0ms)
2026-04-28 07:54:30,144 GET /api/auth/me → 401 (0ms)
2026-04-28 07:54:30,758 GET /api/auth/me → 401 (0ms)
2026-04-28 07:54:30,809 POST /api/auth/refresh → 401 (0ms)
2026-04-28 07:54:30,852 POST /api/auth/refresh → 401 (0ms)
2026-04-28 07:57:36,873 GET /api/auth/me → 401 (0ms)
2026-04-28 07:57:37,110 POST /api/auth/refresh → 401 (0ms)
2026-04-28 07:57:37,324 POST /api/auth/refresh → 401 (0ms)
2026-04-28 07:57:59,542 GET /api/auth/me → 401 (0ms)
2026-04-28 07:57:59,752 POST /api/auth/refresh → 401 (0ms)
2026-04-28 07:57:59,982 POST /api/auth/refresh → 401 (0ms)
2026-04-28 07:58:14,270 GET /api/auth/me → 401 (0ms)
2026-04-28 07:58:14,486 POST /api/auth/refresh → 401 (0ms)
2026-04-28 07:58:14,738 POST /api/auth/refresh → 401 (0ms)
2026-04-28 07:58:23,566 GET /api/auth/me → 401 (0ms)
2026-04-28 07:58:23,768 POST /api/auth/refresh → 401 (0ms)
2026-04-28 07:58:23,981 POST /api/auth/refresh → 401 (0ms)
2026-04-28 07:58:43,665 HEAD /api/auctions → 405 (4ms)
2026-04-28 08:00:43,782 GET /api/auth/me → 401 (0ms)
2026-04-28 08:00:43,892 POST /api/auth/refresh → 401 (0ms)
2026-04-28 08:00:44,360 GET /api/auth/me → 401 (0ms)
2026-04-28 08:00:44,448 POST /api/auth/refresh → 401 (0ms)
2026-04-28 08:00:44,493 POST /api/auth/refresh → 401 (0ms)
2026-04-28 08:00:48,147 GET /api/auth/me → 401 (0ms)
2026-04-28 08:00:48,192 POST /api/auth/refresh → 401 (0ms)
2026-04-28 08:00:48,279 POST /api/auth/refresh → 401 (0ms)
2026-04-28 08:02:32,866 GET /api/auth/me → 401 (0ms)
2026-04-28 08:02:33,098 POST /api/auth/refresh → 401 (0ms)
2026-04-28 08:02:33,312 POST /api/auth/refresh → 401 (0ms)
2026-04-28 08:05:03,437 GET /api/auth/me → 401 (0ms)
2026-04-28 08:05:03,690 POST /api/auth/refresh → 401 (0ms)
2026-04-28 08:05:03,919 POST /api/auth/refresh → 401 (0ms)
2026-04-28 08:05:26,470 GET /api/auth/me → 401 (0ms)
2026-04-28 08:05:26,572 POST /api/auth/refresh → 401 (0ms)
2026-04-28 08:05:26,646 POST /api/auth/refresh → 401 (0ms)
2026-04-28 08:26:11,041 GET /api/auth/me → 401 (0ms)
2026-04-28 08:26:11,229 POST /api/auth/refresh → 401 (0ms)
2026-04-28 08:26:11,415 POST /api/auth/refresh → 401 (0ms)
2026-04-28 08:47:16,299 GET /api/auth/me → 401 (0ms)
2026-04-28 08:47:16,504 POST /api/auth/refresh → 401 (0ms)
2026-04-28 08:47:16,731 POST /api/auth/refresh → 401 (0ms)
2026-04-28 09:00:37,692 GET /api/auth/me → 401 (4ms)
2026-04-28 09:00:37,897 POST /api/auth/refresh → 401 (0ms)
2026-04-28 09:00:38,098 POST /api/auth/refresh → 401 (0ms)
2026-04-28 09:35:20,466 GET /api/auth/me → 401 (0ms)
2026-04-28 09:35:20,700 POST /api/auth/refresh → 401 (0ms)
2026-04-28 09:35:20,912 POST /api/auth/refresh → 401 (0ms)
2026-04-28 10:55:55,247 GET /api/auth/me → 401 (0ms)
2026-04-28 10:55:55,305 POST /api/auth/refresh → 401 (0ms)
2026-04-28 10:55:55,353 POST /api/auth/refresh → 401 (0ms)
2026-04-28 12:35:17,913 GET /api/auth/me → 401 (0ms)
2026-04-28 12:35:18,224 POST /api/auth/refresh → 401 (0ms)
2026-04-28 12:35:18,453 POST /api/auth/refresh → 401 (0ms)
2026-04-28 12:40:11,915 GET /api/auth/me → 401 (0ms)
2026-04-28 12:40:12,177 POST /api/auth/refresh → 401 (0ms)
2026-04-28 12:40:12,422 POST /api/auth/refresh → 401 (0ms)
2026-04-28 12:41:02,219 GET /api/auth/me → 401 (0ms)
2026-04-28 12:41:02,534 POST /api/auth/refresh → 401 (0ms)
2026-04-28 12:43:22,671 GET /api/auth/me → 401 (0ms)
2026-04-28 12:43:22,847 POST /api/auth/refresh → 401 (0ms)
2026-04-28 12:43:22,900 POST /api/auth/refresh → 401 (0ms)
2026-04-28 12:56:30,311 GET /api/auth/me → 401 (0ms)
2026-04-28 12:56:30,396 POST /api/auth/refresh → 401 (0ms)
2026-04-28 12:56:30,451 POST /api/auth/refresh → 401 (0ms)
2026-04-28 13:04:12,075 GET /api/auth/me → 401 (0ms)
2026-04-28 13:04:12,309 POST /api/auth/refresh → 401 (0ms)
2026-04-28 13:04:12,539 POST /api/auth/refresh → 401 (0ms)
2026-04-28 13:10:19,939 GET /api/auth/me → 401 (0ms)
2026-04-28 13:10:20,071 POST /api/auth/refresh → 401 (0ms)
2026-04-28 13:10:20,170 POST /api/auth/refresh → 401 (0ms)
2026-04-28 13:15:51,452 GET /api/auth/me → 401 (0ms)
2026-04-28 13:15:51,659 POST /api/auth/refresh → 401 (0ms)
2026-04-28 13:15:51,846 POST /api/auth/refresh → 401 (0ms)
2026-04-28 13:43:39,202 GET /api/auth/me → 401 (0ms)
2026-04-28 13:43:39,394 POST /api/auth/refresh → 401 (0ms)
2026-04-28 13:43:39,600 POST /api/auth/refresh → 401 (0ms)
2026-04-28 13:49:31,370 GET /api/auth/me → 401 (0ms)
2026-04-28 13:49:31,580 POST /api/auth/refresh → 401 (0ms)
2026-04-28 13:49:31,767 POST /api/auth/refresh → 401 (0ms)
2026-04-28 14:22:40,909 GET /api/auth/me → 401 (0ms)
2026-04-28 14:22:41,027 POST /api/auth/refresh → 401 (0ms)
2026-04-28 14:22:41,083 POST /api/auth/refresh → 401 (0ms)
2026-04-28 19:50:47,035 GET /api/auth/me → 401 (0ms)
2026-04-28 19:50:47,148 POST /api/auth/refresh → 401 (0ms)
2026-04-28 19:50:47,197 POST /api/auth/refresh → 401 (0ms)
2026-04-29 02:32:24,091 GET /api/auth/me → 401 (5ms)
2026-04-29 02:32:24,297 POST /api/auth/refresh → 401 (0ms)
2026-04-29 02:32:24,499 POST /api/auth/refresh → 401 (0ms)
2026-04-29 02:33:13,818 GET /api/pos/vouchers/sales/today → 404 (6ms)
2026-04-29 02:43:50,605 GET /api/auth/me → 401 (0ms)
2026-04-29 02:43:50,870 POST /api/auth/refresh → 401 (0ms)
2026-04-29 02:43:51,073 POST /api/auth/refresh → 401 (0ms)
2026-04-29 02:51:23,947 GET /api/pos/features/me → 401 (1ms)
2026-04-29 02:51:24,099 POST /api/pos/vouchers/sell → 401 (1ms)
2026-04-29 02:52:04,167 POST /api/pos/public/v1/reservations → 402 (3ms)
2026-04-29 02:52:04,292 POST /api/pos/public/v1/table-orders → 402 (3ms)
2026-04-29 02:55:25,673 POST /api/pos/vouchers/sell → 400 (2ms)
2026-04-29 02:55:25,773 GET /api/pos/vouchers/check/GS-DOESNTEXIST → 404 (1ms)
2026-04-29 02:55:25,877 POST /api/pos/vouchers/topup → 404 (3ms)
2026-04-29 02:55:25,930 POST /api/pos/vouchers/topup → 400 (2ms)
2026-04-29 02:55:26,846 GET /api/pos/public/v1/me → 401 (2ms)
2026-04-29 02:55:27,193 POST /api/pos/public/v1/table-orders → 400 (3ms)
2026-04-29 02:55:27,382 POST /api/pos/public/v1/reservations → 402 (3ms)
2026-04-29 02:55:42,200 POST /api/pos/vouchers/sell → 400 (2ms)
2026-04-29 02:55:42,312 GET /api/pos/vouchers/check/GS-DOESNTEXIST → 404 (1ms)
2026-04-29 02:55:42,418 POST /api/pos/vouchers/topup → 404 (2ms)
2026-04-29 02:55:42,468 POST /api/pos/vouchers/topup → 400 (2ms)
2026-04-29 02:55:43,022 POST /api/pos/features/trial → 400 (3ms)
2026-04-29 02:55:43,320 GET /api/pos/public/v1/me → 401 (1ms)
2026-04-29 02:55:43,662 POST /api/pos/public/v1/table-orders → 400 (4ms)
2026-04-29 02:55:43,822 POST /api/pos/public/v1/reservations → 402 (3ms)
2026-04-29 03:05:55,174 GET /api/auth/me → 401 (0ms)
2026-04-29 03:05:55,368 POST /api/auth/refresh → 401 (0ms)
2026-04-29 03:05:55,567 POST /api/auth/refresh → 401 (0ms)
2026-04-29 03:05:59,480 POST /api/pos/selfcheckout/session/pay → 400 (3ms)
2026-04-29 03:18:03,711 POST /api/payments/checkout/session → 404 (6ms)
2026-04-29 03:18:24,421 POST /api/stripe/checkout → 400 (2ms)
2026-04-29 03:20:31,933 GET /api/auth/me → 401 (0ms)
2026-04-29 03:20:32,123 POST /api/auth/refresh → 401 (0ms)
2026-04-29 03:20:32,318 POST /api/auth/refresh → 401 (0ms)
2026-04-29 03:20:50,689 GET /api/auth/me → 401 (5ms)
2026-04-29 03:20:50,981 POST /api/auth/refresh → 401 (0ms)
2026-04-29 03:20:51,289 POST /api/auth/refresh → 401 (0ms)
2026-04-29 03:24:14,528 POST /api/pos/features/checkout/create → 401 (1ms)
2026-04-29 03:24:14,592 POST /api/pos/features/checkout/create → 400 (3ms)
2026-04-29 03:24:14,656 POST /api/pos/features/checkout/create → 400 (3ms)
2026-04-29 03:24:16,644 GET /api/pos/features/checkout/status/INVALID_ID → 404 (2ms)
2026-04-29 03:24:17,147 GET /api/pos/features/purchases/me → 401 (1ms)
2026-04-29 03:28:29,651 GET /api/auth/me → 401 (1ms)
2026-04-29 03:28:29,845 POST /api/auth/refresh → 401 (0ms)
2026-04-29 03:28:30,041 POST /api/auth/refresh → 401 (0ms)
2026-04-29 03:32:07,185 GET /api/auth/me → 401 (1ms)
2026-04-29 03:32:07,385 POST /api/auth/refresh → 401 (0ms)
2026-04-29 03:32:07,581 POST /api/auth/refresh → 401 (0ms)
2026-04-29 03:32:36,827 GET /api/auth/me → 401 (0ms)
2026-04-29 03:32:37,022 POST /api/auth/refresh → 401 (0ms)
2026-04-29 03:32:37,214 POST /api/auth/refresh → 401 (0ms)
2026-04-29 03:32:57,933 GET /api/auth/me → 401 (0ms)
2026-04-29 03:32:58,129 POST /api/auth/refresh → 401 (0ms)
2026-04-29 03:32:58,323 POST /api/auth/refresh → 401 (0ms)
2026-04-29 03:35:33,670 GET /api/auth/me → 401 (4ms)
2026-04-29 03:35:33,866 POST /api/auth/refresh → 401 (0ms)
2026-04-29 03:35:34,063 POST /api/auth/refresh → 401 (0ms)
2026-04-29 03:40:31,354 GET /api/auth/me → 401 (0ms)
2026-04-29 03:40:31,542 POST /api/auth/refresh → 401 (0ms)
2026-04-29 03:40:31,741 POST /api/auth/refresh → 401 (0ms)
2026-04-29 04:21:27,537 GET /api/auth/me → 401 (0ms)
2026-04-29 04:21:27,635 POST /api/auth/refresh → 401 (0ms)
2026-04-29 04:21:27,708 POST /api/auth/refresh → 401 (0ms)
2026-04-29 05:12:44,120 GET /api/auth/me → 401 (0ms)
2026-04-29 05:12:44,336 POST /api/auth/refresh → 401 (0ms)
2026-04-29 05:12:44,541 POST /api/auth/refresh → 401 (0ms)
2026-04-29 06:27:57,335 GET /api/auth/me → 401 (0ms)
2026-04-29 06:27:57,566 POST /api/auth/refresh → 401 (0ms)
2026-04-29 06:27:57,785 POST /api/auth/refresh → 401 (0ms)
2026-04-29 06:27:59,146 GET /api/openapi.json → 404 (7ms)
2026-04-29 06:28:03,963 GET /api/openapi.json → 404 (7ms)
2026-04-29 06:30:04,357 GET /api/loyalty/my-points → 401 (4ms)
2026-04-29 06:30:04,468 GET /api/subscriptions/my-subscriptions → 401 (5ms)
2026-04-29 06:30:50,135 POST /api/reviews/create → 400 (5ms)
2026-04-29 06:30:50,380 POST /api/scheduled/create → 400 (5ms)
2026-04-29 06:30:51,320 POST /api/safety/verify-pin → 404 (6ms)
2026-04-29 06:30:51,551 POST /api/promo/apply → 404 (6ms)
2026-04-29 06:30:52,519 POST /api/tips/gift-card/purchase → 400 (5ms)
2026-04-29 06:30:53,216 POST /api/bnpl/create → 404 (6ms)
2026-04-29 06:30:53,686 POST /api/split-payment/accept → 404 (6ms)
2026-04-29 06:30:53,854 GET /api/loyalty/my-points → 401 (4ms)
2026-04-29 06:30:53,956 GET /api/subscriptions/my-subscriptions → 401 (4ms)
2026-04-29 06:34:22,856 GET /api/auth/me → 401 (0ms)
2026-04-29 06:35:03,343 POST /api/reviews/create → 400 (5ms)
2026-04-29 06:35:03,837 POST /api/scheduled/create → 400 (5ms)
2026-04-29 06:35:04,515 POST /api/safety/share-location → 404 (8ms)
2026-04-29 06:35:04,765 POST /api/safety/verify-pin → 404 (5ms)
2026-04-29 06:35:04,979 POST /api/promo/apply → 404 (6ms)
2026-04-29 06:35:06,116 POST /api/quick/reorder/taxi/TEST_NONEXISTENT → 404 (6ms)
2026-04-29 06:35:06,321 POST /api/tips/gift-card/purchase → 400 (5ms)
2026-04-29 06:35:06,539 POST /api/delivery/order/TEST_NONE/instructions → 404 (8ms)
2026-04-29 06:35:06,971 POST /api/bnpl/create → 404 (5ms)
2026-04-29 06:35:07,194 POST /api/split-payment/taxi/create → 404 (5ms)
2026-04-29 06:35:07,301 POST /api/split-payment/food/create → 404 (5ms)
2026-04-29 06:35:07,415 POST /api/split-payment/accept → 404 (6ms)
2026-04-29 06:35:07,513 GET /api/loyalty/my-points → 401 (4ms)
2026-04-29 06:35:07,617 GET /api/subscriptions/my-subscriptions → 401 (4ms)
2026-04-29 06:35:47,818 POST /api/safety/share-location → 404 (6ms)
2026-04-29 06:35:48,049 POST /api/safety/verify-pin → 404 (5ms)
2026-04-29 06:36:22,934 POST /api/loyalty/add-points → 401 (4ms)
2026-04-29 06:36:23,377 POST /api/reviews/create → 400 (5ms)
2026-04-29 06:36:23,814 POST /api/scheduled/create → 400 (5ms)
2026-04-29 06:36:24,720 POST /api/safety/share-location → 404 (5ms)
2026-04-29 06:36:24,941 POST /api/safety/verify-pin → 404 (4ms)
2026-04-29 06:36:25,168 POST /api/promo/apply → 404 (6ms)
2026-04-29 06:36:26,275 POST /api/quick/reorder/taxi/TEST_NONEXISTENT → 404 (6ms)
2026-04-29 06:36:26,381 POST /api/quick/reorder/INVALID/TEST_X → 400 (5ms)
2026-04-29 06:36:26,591 POST /api/tips/gift-card/purchase → 400 (5ms)
2026-04-29 06:36:26,904 POST /api/delivery/order/TEST_NONE/instructions → 404 (6ms)
2026-04-29 06:36:27,347 POST /api/bnpl/create → 404 (5ms)
2026-04-29 06:36:27,570 POST /api/split-payment/taxi/create → 404 (6ms)
2026-04-29 06:36:27,681 POST /api/split-payment/food/create → 404 (6ms)
2026-04-29 06:36:27,793 POST /api/split-payment/accept → 404 (6ms)
2026-04-29 06:36:27,908 GET /api/loyalty/my-points → 401 (4ms)
2026-04-29 06:36:28,022 GET /api/subscriptions/my-subscriptions → 401 (4ms)
2026-04-29 06:36:47,445 POST /api/loyalty/add-points → 401 (4ms)
2026-04-29 06:36:47,891 POST /api/reviews/create → 400 (5ms)
2026-04-29 06:36:48,326 POST /api/scheduled/create → 400 (5ms)
2026-04-29 06:36:48,974 POST /api/safety/share-location → 404 (6ms)
2026-04-29 06:36:49,241 POST /api/safety/verify-pin → 404 (5ms)
2026-04-29 06:36:49,459 POST /api/promo/apply → 404 (6ms)
2026-04-29 06:36:50,528 POST /api/quick/reorder/taxi/TEST_NONEXISTENT → 404 (6ms)
2026-04-29 06:36:50,634 POST /api/quick/reorder/INVALID/TEST_X → 400 (5ms)
2026-04-29 06:36:50,843 POST /api/tips/gift-card/purchase → 400 (5ms)
2026-04-29 06:36:51,061 POST /api/delivery/order/TEST_NONE/instructions → 404 (6ms)
2026-04-29 06:36:51,483 POST /api/bnpl/create → 404 (5ms)
2026-04-29 06:36:51,719 POST /api/split-payment/taxi/create → 404 (6ms)
2026-04-29 06:36:51,838 POST /api/split-payment/food/create → 404 (6ms)
2026-04-29 06:36:51,964 POST /api/split-payment/accept → 404 (5ms)
2026-04-29 06:36:52,068 GET /api/loyalty/my-points → 401 (4ms)
2026-04-29 06:36:52,172 GET /api/subscriptions/my-subscriptions → 401 (4ms)
2026-04-29 07:38:12,142 GET /api/pos/store/S1/qr-poster → 401 (4ms)
2026-04-29 07:38:12,160 GET /api/admin/audit-logs → 401 (1ms)
2026-04-29 07:38:12,179 POST /api/pos/features/admin/trial-reset → 401 (4ms)
2026-04-29 07:38:20,779 GET /api/pos/store/S1/qr-poster → 404 (8ms)
2026-04-29 07:38:26,687 GET /api/pos/stores/list → 404 (7ms)
2026-04-29 07:44:33,025 GET /api/auth/me → 401 (0ms)
2026-04-29 07:44:33,543 GET /api/auth/me → 401 (0ms)
2026-04-29 07:44:33,588 POST /api/auth/refresh → 401 (0ms)
2026-04-29 07:44:33,636 POST /api/auth/refresh → 401 (0ms)
2026-04-29 07:45:04,075 GET /api/auth/me → 401 (0ms)
2026-04-29 07:45:04,606 GET /api/auth/me → 401 (0ms)
2026-04-29 07:45:04,653 POST /api/auth/refresh → 401 (0ms)
2026-04-29 07:45:04,700 POST /api/auth/refresh → 401 (0ms)
2026-04-29 07:46:44,884 GET /api/admin/audit-logs → 401 (0ms)
2026-04-29 07:46:45,528 GET /api/pos/store/STR-DOES-NOT-EXIST/qr-poster → 404 (6ms)
2026-04-29 07:46:45,637 GET /api/pos/store/STR-34CCF1107F/qr-poster → 401 (4ms)
2026-04-29 07:46:45,752 POST /api/pos/features/admin/trial-reset → 401 (4ms)
2026-04-29 07:46:45,862 POST /api/pos/features/admin/trial-reset → 404 (9ms)
2026-04-29 07:46:46,275 GET /api/pos/staff/list → 401 (4ms)
2026-04-29 07:46:46,706 POST /api/pos/staff/update → 400 (5ms)
2026-04-29 07:46:46,812 POST /api/pos/staff/update → 400 (5ms)
2026-04-29 07:46:46,919 POST /api/pos/staff/update → 404 (7ms)
2026-04-29 07:46:47,025 POST /api/pos/staff/remove → 404 (6ms)
2026-04-29 07:47:32,975 GET /api/auth/me → 401 (0ms)
2026-04-29 07:47:33,512 GET /api/auth/me → 401 (0ms)
2026-04-29 07:47:33,560 POST /api/auth/refresh → 401 (0ms)
2026-04-29 07:47:33,606 POST /api/auth/refresh → 401 (0ms)
2026-04-29 07:47:36,416 GET /api/auth/me → 401 (0ms)
2026-04-29 07:47:36,467 POST /api/auth/refresh → 401 (0ms)
2026-04-29 07:47:36,516 POST /api/auth/refresh → 401 (0ms)
2026-04-29 07:47:39,401 GET /api/auth/me → 401 (0ms)
2026-04-29 07:47:39,449 POST /api/auth/refresh → 401 (0ms)
2026-04-29 07:47:39,499 POST /api/auth/refresh → 401 (0ms)
2026-04-29 07:47:43,351 GET /api/auth/me → 401 (0ms)
2026-04-29 07:47:43,400 POST /api/auth/refresh → 401 (0ms)
2026-04-29 07:47:43,447 POST /api/auth/refresh → 401 (0ms)
2026-04-29 07:47:47,308 GET /api/auth/me → 401 (0ms)
2026-04-29 07:47:47,357 POST /api/auth/refresh → 401 (0ms)
2026-04-29 07:47:47,407 POST /api/auth/refresh → 401 (0ms)
2026-04-29 07:47:51,259 GET /api/auth/me → 401 (0ms)
2026-04-29 07:47:51,346 POST /api/auth/refresh → 401 (0ms)
2026-04-29 07:47:51,394 POST /api/auth/refresh → 401 (0ms)
2026-04-29 07:48:20,679 GET /api/auth/me → 401 (0ms)
2026-04-29 07:48:20,979 POST /api/auth/refresh → 401 (1ms)
2026-04-29 07:48:21,027 POST /api/auth/refresh → 401 (0ms)
2026-04-29 07:50:58,903 GET /api/auth/me → 401 (0ms)
2026-04-29 07:50:58,984 POST /api/auth/refresh → 401 (0ms)
2026-04-29 07:50:59,034 POST /api/auth/refresh → 401 (0ms)
2026-04-29 07:50:59,958 GET /api/auth/me → 401 (0ms)
2026-04-29 07:51:00,007 POST /api/auth/refresh → 401 (0ms)
2026-04-29 07:51:00,054 POST /api/auth/refresh → 401 (0ms)
2026-04-29 08:13:33,364 GET /api/auth/me → 401 (0ms)
2026-04-29 08:13:33,596 POST /api/auth/refresh → 401 (0ms)
2026-04-29 08:13:33,830 POST /api/auth/refresh → 401 (0ms)
2026-04-29 08:13:34,273 GET /api/auth/me → 401 (0ms)
2026-04-29 08:13:34,505 POST /api/auth/refresh → 401 (0ms)
2026-04-29 08:13:34,740 POST /api/auth/refresh → 401 (0ms)
2026-04-29 08:13:35,204 GET /api/auth/me → 401 (0ms)
2026-04-29 08:13:35,422 POST /api/auth/refresh → 401 (0ms)
2026-04-29 08:13:35,647 POST /api/auth/refresh → 401 (0ms)
2026-04-29 08:13:36,153 GET /api/auth/me → 401 (1ms)
2026-04-29 08:13:36,381 POST /api/auth/refresh → 401 (0ms)
2026-04-29 08:13:36,600 POST /api/auth/refresh → 401 (0ms)
2026-04-29 08:13:37,160 GET /api/auth/me → 401 (0ms)
2026-04-29 08:13:37,405 POST /api/auth/refresh → 401 (0ms)
2026-04-29 08:13:37,638 POST /api/auth/refresh → 401 (0ms)
2026-04-29 08:13:38,103 GET /api/auth/me → 401 (0ms)
2026-04-29 08:13:38,308 POST /api/auth/refresh → 401 (0ms)
2026-04-29 08:13:38,529 POST /api/auth/refresh → 401 (0ms)
2026-04-29 08:13:39,114 GET /api/auth/me → 401 (0ms)
2026-04-29 08:13:39,476 POST /api/auth/refresh → 401 (0ms)
2026-04-29 08:13:39,694 POST /api/auth/refresh → 401 (0ms)
2026-04-29 08:15:52,514 GET /api/auth/me → 401 (0ms)
2026-04-29 08:15:53,009 GET /api/auth/me → 401 (0ms)
2026-04-29 08:15:53,058 POST /api/auth/refresh → 401 (0ms)
2026-04-29 08:15:53,106 POST /api/auth/refresh → 401 (0ms)
2026-04-29 08:16:07,006 GET /api/auth/me → 401 (0ms)
2026-04-29 08:16:07,093 POST /api/auth/refresh → 401 (0ms)
2026-04-29 08:16:07,344 POST /api/auth/refresh → 401 (0ms)
2026-04-29 08:16:08,320 GET /api/chat/unread-count → 404 (3ms)
2026-04-29 08:26:10,015 GET /api/auth/me → 401 (0ms)
2026-04-29 08:26:10,247 POST /api/auth/refresh → 401 (0ms)
2026-04-29 08:26:10,478 POST /api/auth/refresh → 401 (0ms)
2026-04-29 08:36:10,175 GET /api/auth/me → 401 (0ms)
2026-04-29 08:36:10,269 POST /api/auth/refresh → 401 (0ms)
2026-04-29 08:36:10,524 POST /api/auth/refresh → 401 (0ms)
2026-04-29 08:36:11,538 GET /api/chat/unread-count → 404 (8ms)
2026-04-29 08:38:05,536 GET /api/auth/me → 401 (0ms)
2026-04-29 08:38:05,831 POST /api/auth/refresh → 401 (1ms)
2026-04-29 08:38:05,886 POST /api/auth/refresh → 401 (0ms)
2026-04-29 08:38:33,852 GET /api/auth/me → 401 (0ms)
2026-04-29 08:38:33,918 POST /api/auth/refresh → 401 (0ms)
2026-04-29 08:38:34,145 POST /api/auth/refresh → 401 (0ms)
2026-04-29 08:38:38,964 GET /api/chat/unread-count → 404 (3ms)
2026-04-29 08:39:10,276 GET /api/auth/me → 401 (0ms)
2026-04-29 08:39:10,577 POST /api/auth/refresh → 401 (0ms)
2026-04-29 08:39:10,623 POST /api/auth/refresh → 401 (0ms)
2026-04-29 08:39:11,491 GET /api/chat/unread-count → 404 (3ms)
2026-04-29 08:39:26,353 GET /api/chat/unread-count → 404 (5ms)
2026-04-29 08:39:41,377 GET /api/chat/unread-count → 404 (4ms)
2026-04-29 08:40:10,685 GET /api/auth/me → 401 (0ms)
2026-04-29 08:40:10,979 POST /api/auth/refresh → 401 (0ms)
2026-04-29 08:40:11,031 POST /api/auth/refresh → 401 (0ms)
2026-04-29 08:40:11,897 GET /api/chat/unread-count → 404 (4ms)
2026-04-29 08:40:26,809 GET /api/chat/unread-count → 404 (4ms)
2026-04-29 08:40:36,135 POST /api/group/create → 401 (4ms)
2026-04-29 08:59:39,474 GET /api/auth/me → 401 (0ms)
2026-04-29 08:59:39,595 POST /api/auth/refresh → 401 (0ms)
2026-04-29 08:59:39,643 POST /api/auth/refresh → 401 (0ms)
2026-04-29 08:59:41,030 GET /api/chat/unread-count → 404 (4ms)
2026-04-29 08:59:58,042 GET /api/auth/me → 401 (0ms)
2026-04-29 08:59:58,312 POST /api/auth/refresh → 401 (0ms)
2026-04-29 08:59:58,358 POST /api/auth/refresh → 401 (0ms)
2026-04-29 08:59:59,276 GET /api/chat/unread-count → 404 (4ms)
2026-04-29 09:36:14,778 GET /api/auth/me → 401 (0ms)
2026-04-29 09:36:14,886 POST /api/auth/refresh → 401 (0ms)
2026-04-29 09:36:14,937 POST /api/auth/refresh → 401 (0ms)
2026-04-29 12:15:39,272 GET /api/auth/me → 401 (0ms)
2026-04-29 12:15:39,505 POST /api/auth/refresh → 401 (0ms)
2026-04-29 12:15:39,649 POST /api/auth/refresh → 401 (0ms)
2026-04-29 12:49:00,327 GET /api/auth/me → 401 (0ms)
2026-04-29 12:49:00,532 POST /api/auth/refresh → 401 (0ms)
2026-04-29 12:49:00,733 POST /api/auth/refresh → 401 (0ms)
2026-04-29 12:49:20,088 GET /api/auth/me → 401 (0ms)
2026-04-29 12:49:20,287 POST /api/auth/refresh → 401 (0ms)
2026-04-29 12:49:20,474 POST /api/auth/refresh → 401 (0ms)
2026-04-29 12:56:00,301 POST /api/voice/parse → 401 (4ms)
2026-04-29 12:56:12,337 POST /api/voice/parse → 500 (684ms)
2026-04-29 12:57:22,511 GET /api/auth/me → 401 (0ms)
2026-04-29 12:57:22,668 POST /api/auth/refresh → 401 (0ms)
2026-04-29 12:57:22,959 POST /api/auth/refresh → 401 (0ms)
2026-04-29 12:57:24,222 GET /api/chat/unread-count → 404 (3ms)
2026-04-29 12:59:27,427 GET /api/auth/ws-token → 401 (0ms)
2026-04-29 12:59:28,692 POST /api/voice/parse → 401 (4ms)
2026-04-29 12:59:31,898 GET /api/loyalty/history → 401 (2ms)
2026-04-29 13:05:08,472 GET /api/auth/ws-token → 401 (0ms)
2026-04-29 13:05:09,976 POST /api/voice/parse → 401 (4ms)
2026-04-29 13:05:12,787 GET /api/loyalty-superapp/history → 401 (4ms)
2026-04-29 13:05:31,911 GET /api/auth/ws-token → 401 (0ms)
2026-04-29 13:05:33,334 POST /api/voice/parse → 401 (4ms)
2026-04-29 13:05:36,191 GET /api/loyalty-superapp/history → 401 (4ms)
2026-04-29 13:19:50,167 GET /api/auth/me → 401 (0ms)
2026-04-29 13:19:50,392 POST /api/auth/refresh → 401 (0ms)
2026-04-29 13:19:50,592 POST /api/auth/refresh → 401 (0ms)
2026-04-29 13:21:22,815 GET /api/auth/me → 401 (5ms)
2026-04-29 13:21:23,015 POST /api/auth/refresh → 401 (0ms)
2026-04-29 13:21:23,213 POST /api/auth/refresh → 401 (0ms)
2026-04-29 13:27:47,212 GET /api/auth/me → 401 (0ms)
2026-04-29 13:27:47,309 POST /api/auth/refresh → 401 (0ms)
2026-04-29 13:27:47,365 POST /api/auth/refresh → 401 (0ms)
2026-04-29 13:27:48,749 GET /api/chat/unread-count → 404 (4ms)
2026-04-29 13:33:22,237 GET /api/auth/me → 401 (0ms)
2026-04-29 13:33:23,318 POST /api/auth/refresh → 401 (0ms)
2026-04-29 13:33:23,698 POST /api/auth/refresh → 401 (0ms)
2026-04-29 13:43:50,985 GET /api/auth/me → 401 (0ms)
2026-04-29 13:43:51,172 POST /api/auth/refresh → 401 (0ms)
2026-04-29 13:43:51,358 POST /api/auth/refresh → 401 (0ms)
2026-04-29 13:47:31,264 GET /api/group/my-groups → 401 (4ms)
2026-04-29 14:20:32,343 GET /api/auth/me → 401 (0ms)
2026-04-29 14:20:32,441 POST /api/auth/refresh → 401 (0ms)
2026-04-29 14:20:32,501 POST /api/auth/refresh → 401 (0ms)
2026-04-29 15:51:02,581 GET /api/auth/me → 401 (0ms)
2026-04-29 15:51:02,680 POST /api/auth/refresh → 401 (0ms)
2026-04-29 15:51:02,738 POST /api/auth/refresh → 401 (0ms)
2026-04-29 17:19:25,111 GET /api/auth/me → 401 (0ms)
2026-04-29 17:19:25,219 POST /api/auth/refresh → 401 (0ms)
2026-04-29 17:19:25,272 POST /api/auth/refresh → 401 (0ms)
2026-04-29 19:27:38,431 GET /api/auth/me → 401 (0ms)
2026-04-29 19:27:38,574 POST /api/auth/refresh → 401 (0ms)
2026-04-29 19:27:38,657 POST /api/auth/refresh → 401 (0ms)
2026-04-29 20:18:25,081 GET /api/auth/me → 401 (0ms)
2026-04-29 20:18:25,166 POST /api/auth/refresh → 401 (0ms)
2026-04-29 20:18:25,245 POST /api/auth/refresh → 401 (0ms)
2026-04-29 20:25:18,804 GET /api/auth/me → 401 (0ms)
2026-04-29 20:25:19,019 POST /api/auth/refresh → 401 (0ms)
2026-04-29 20:25:19,217 POST /api/auth/refresh → 401 (0ms)
2026-04-29 20:26:17,964 GET /api/auth/me → 401 (1ms)
2026-04-29 20:26:18,164 POST /api/auth/refresh → 401 (0ms)
2026-04-29 20:26:18,365 POST /api/auth/refresh → 401 (0ms)
2026-04-29 21:15:31,903 GET /api/auth/me → 401 (0ms)
2026-04-29 21:15:31,973 POST /api/auth/refresh → 401 (0ms)
2026-04-29 21:15:32,037 POST /api/auth/refresh → 401 (0ms)
2026-04-30 03:15:04,780 GET /api/auth/me → 401 (7ms)
2026-04-30 03:15:05,075 POST /api/auth/refresh → 401 (0ms)
2026-04-30 03:15:05,278 POST /api/auth/refresh → 401 (0ms)
2026-04-30 03:15:17,577 GET /api/auth/me → 401 (0ms)
2026-04-30 03:15:17,768 POST /api/auth/refresh → 401 (0ms)
2026-04-30 03:15:17,964 POST /api/auth/refresh → 401 (0ms)
2026-04-30 03:22:09,721 GET /api/auth/me → 401 (0ms)
2026-04-30 03:26:42,644 GET /api/auth/me → 401 (0ms)
2026-04-30 03:26:42,840 POST /api/auth/refresh → 401 (0ms)
2026-04-30 03:26:43,029 POST /api/auth/refresh → 401 (0ms)
2026-04-30 03:30:05,312 POST /api/push/subscribe → 422 (3ms)
2026-04-30 03:43:04,235 POST /api/push/subscribe → 422 (2ms)
2026-04-30 03:43:04,445 POST /api/sms/send → 500 (155ms)
2026-04-30 03:43:04,516 GET /api/influencer/analytics → 404 (7ms)
2026-04-30 03:43:04,578 POST /api/influencer/promo-codes → 404 (7ms)
2026-04-30 03:43:04,636 GET /api/influencer/promo-codes → 404 (7ms)
2026-04-30 03:43:04,778 POST /api/payments/create-payment-intent → 500 (4ms)
2026-04-30 03:43:36,668 POST /api/push/subscribe → 422 (2ms)
2026-04-30 03:43:48,821 POST /api/sms/send → 500 (47ms)
2026-04-30 03:43:53,093 GET /api/influencer/me → 401 (1ms)
2026-04-30 03:44:21,457 POST /api/push/subscribe → 422 (2ms)
2026-04-30 03:44:21,652 POST /api/sms/send → 500 (49ms)
2026-04-30 03:44:21,730 GET /api/influencer/analytics → 404 (7ms)
2026-04-30 03:44:21,803 POST /api/influencer/promo-codes → 404 (7ms)
2026-04-30 03:44:21,879 GET /api/influencer/promo-codes → 404 (6ms)
2026-04-30 03:44:22,040 POST /api/payments/create-payment-intent → 500 (4ms)
2026-04-30 03:54:25,181 GET /api/auth/me → 401 (0ms)
2026-04-30 03:54:25,275 POST /api/auth/refresh → 401 (0ms)
2026-04-30 03:54:25,761 GET /api/auth/me → 401 (0ms)
2026-04-30 03:54:25,814 POST /api/auth/refresh → 401 (0ms)
2026-04-30 03:54:25,867 POST /api/auth/refresh → 401 (0ms)
2026-04-30 03:54:47,413 GET /api/chat/unread-count → 404 (3ms)
2026-04-30 04:36:08,832 GET /api/auth/me → 401 (0ms)
2026-04-30 04:36:08,932 POST /api/auth/refresh → 401 (0ms)
2026-04-30 04:36:08,985 POST /api/auth/refresh → 401 (0ms)
2026-04-30 06:27:46,852 GET /api/auth/me → 401 (0ms)
2026-04-30 06:27:47,048 POST /api/auth/refresh → 401 (0ms)
2026-04-30 06:27:47,253 POST /api/auth/refresh → 401 (0ms)
2026-04-30 06:46:14,685 GET /api/auth/me → 401 (0ms)
2026-04-30 06:46:14,877 POST /api/auth/refresh → 401 (0ms)
2026-04-30 06:46:15,082 POST /api/auth/refresh → 401 (0ms)
2026-04-30 06:55:32,119 GET /api/auth/me → 401 (0ms)
2026-04-30 06:55:32,315 POST /api/auth/refresh → 401 (0ms)
2026-04-30 06:55:32,506 POST /api/auth/refresh → 401 (0ms)
2026-04-30 07:04:35,255 GET /api/auth/me → 401 (0ms)
2026-04-30 07:04:35,447 POST /api/auth/refresh → 401 (0ms)
2026-04-30 07:04:35,641 POST /api/auth/refresh → 401 (0ms)
2026-04-30 07:05:46,059 GET /api/auth/me → 401 (0ms)
2026-04-30 07:05:46,258 POST /api/auth/refresh → 401 (0ms)
2026-04-30 07:05:46,452 POST /api/auth/refresh → 401 (0ms)
2026-04-30 07:07:45,735 GET /api/auth/me → 401 (0ms)
2026-04-30 07:07:45,916 POST /api/auth/refresh → 401 (0ms)
2026-04-30 07:07:46,109 POST /api/auth/refresh → 401 (0ms)
2026-04-30 07:08:27,547 GET /api/auth/me → 401 (0ms)
2026-04-30 07:08:27,739 POST /api/auth/refresh → 401 (0ms)
2026-04-30 07:08:27,944 POST /api/auth/refresh → 401 (0ms)
2026-04-30 07:15:45,152 GET /api/auth/me → 401 (4ms)
2026-04-30 07:15:45,374 POST /api/auth/refresh → 401 (0ms)
2026-04-30 07:15:45,583 POST /api/auth/refresh → 401 (0ms)
2026-04-30 07:19:56,221 POST /api/fcm/subscribe → 404 (7ms)
2026-04-30 07:19:56,338 POST /api/sms/send → 404 (7ms)
2026-04-30 07:19:56,480 POST /api/payments/create-payment-intent → 401 (4ms)
2026-04-30 07:21:13,445 POST /api/payments/create-payment-intent → 422 (6ms)
2026-04-30 07:21:13,556 POST /api/payments/create-payment-intent → 400 (4ms)
2026-04-30 07:22:36,357 GET /api/auth/me → 401 (0ms)
2026-04-30 07:22:36,500 POST /api/auth/refresh → 401 (0ms)
2026-04-30 07:22:36,548 POST /api/auth/refresh → 401 (0ms)
2026-04-30 07:29:23,574 GET /api/auth/me → 401 (0ms)
2026-04-30 07:29:23,775 POST /api/auth/refresh → 401 (0ms)
2026-04-30 07:29:23,989 POST /api/auth/refresh → 401 (0ms)
2026-04-30 07:35:41,028 GET /api/auth/me → 401 (0ms)
2026-04-30 07:35:41,198 POST /api/auth/refresh → 401 (0ms)
2026-04-30 07:35:41,291 POST /api/auth/refresh → 401 (0ms)
2026-04-30 07:37:54,092 POST /api/fcm/subscribe → 404 (7ms)
2026-04-30 07:37:54,149 POST /api/sms/send → 404 (7ms)
2026-04-30 07:37:54,444 POST /api/payments/create-payment-intent → 401 (8ms)
2026-04-30 07:38:40,940 POST /api/fcm/subscribe → 404 (7ms)
2026-04-30 07:38:40,995 POST /api/sms/send → 404 (7ms)
2026-04-30 07:38:41,268 GET /api/auctions/referral → 404 (2ms)
2026-04-30 07:38:41,347 POST /api/payments/create-payment-intent → 401 (4ms)
2026-04-30 07:38:42,010 POST /api/payments/create-payment-intent → 422 (4ms)
2026-04-30 07:38:42,116 POST /api/payments/create-payment-intent → 400 (4ms)
2026-04-30 07:38:42,253 POST /api/payments/create-payment-intent → 422 (4ms)
2026-04-30 07:39:43,086 POST /api/fcm/subscribe → 404 (7ms)
2026-04-30 07:39:43,140 POST /api/sms/send → 404 (7ms)
2026-04-30 07:39:43,401 GET /api/auctions/user/referral → 401 (1ms)
2026-04-30 07:39:43,562 POST /api/payments/create-payment-intent → 401 (4ms)
2026-04-30 07:39:44,177 POST /api/payments/create-payment-intent → 422 (4ms)
2026-04-30 07:39:44,284 POST /api/payments/create-payment-intent → 400 (4ms)
2026-04-30 07:39:44,403 POST /api/payments/create-payment-intent → 422 (4ms)
2026-04-30 07:40:00,866 GET /api/auth/me → 401 (0ms)
2026-04-30 07:40:00,915 POST /api/auth/refresh → 401 (0ms)
2026-04-30 07:40:00,969 POST /api/auth/refresh → 401 (0ms)
2026-04-30 07:40:01,420 GET /api/auth/me → 401 (0ms)
2026-04-30 07:40:01,468 POST /api/auth/refresh → 401 (0ms)
2026-04-30 07:40:01,520 POST /api/auth/refresh → 401 (0ms)
2026-04-30 07:40:15,436 GET /api/auth/me → 401 (4ms)
2026-04-30 07:40:15,485 POST /api/auth/refresh → 401 (0ms)
2026-04-30 07:40:15,536 POST /api/auth/refresh → 401 (0ms)
2026-04-30 07:40:51,268 GET /api/auth/me → 401 (0ms)
2026-04-30 07:40:51,388 POST /api/auth/refresh → 401 (0ms)
2026-04-30 07:40:51,436 POST /api/auth/refresh → 401 (0ms)
2026-04-30 07:40:51,879 GET /api/auth/me → 401 (0ms)
2026-04-30 07:40:51,929 POST /api/auth/refresh → 401 (0ms)
2026-04-30 07:40:51,982 POST /api/auth/refresh → 401 (0ms)
2026-04-30 07:41:47,620 GET /api/auth/me → 401 (0ms)
2026-04-30 07:41:47,680 POST /api/auth/refresh → 401 (0ms)
2026-04-30 07:41:47,726 POST /api/auth/refresh → 401 (0ms)
2026-04-30 07:41:48,390 GET /api/auth/me → 401 (0ms)
2026-04-30 07:41:48,435 POST /api/auth/refresh → 401 (0ms)
2026-04-30 07:41:48,545 POST /api/auth/refresh → 401 (0ms)
2026-04-30 07:42:04,741 GET /api/chat/unread-count → 404 (3ms)
2026-04-30 07:47:05,918 GET /api/auth/me → 401 (0ms)
2026-04-30 07:47:06,119 POST /api/auth/refresh → 401 (0ms)
2026-04-30 07:47:06,339 POST /api/auth/refresh → 401 (0ms)
2026-04-30 07:57:53,388 GET /api/auth/me → 401 (0ms)
2026-04-30 07:57:53,510 POST /api/auth/refresh → 401 (0ms)
2026-04-30 07:57:53,558 POST /api/auth/refresh → 401 (0ms)
2026-04-30 07:58:13,347 GET /api/auth/me → 401 (0ms)
2026-04-30 07:58:13,436 POST /api/auth/refresh → 401 (0ms)
2026-04-30 07:58:13,486 POST /api/auth/refresh → 401 (0ms)
2026-04-30 07:58:46,913 GET /api/auth/me → 401 (0ms)
2026-04-30 07:58:47,035 POST /api/auth/refresh → 401 (0ms)
2026-04-30 07:59:27,185 GET /api/auth/me → 401 (0ms)
2026-04-30 07:59:27,291 POST /api/auth/refresh → 401 (0ms)
2026-04-30 07:59:27,338 POST /api/auth/refresh → 401 (0ms)
2026-04-30 07:59:27,758 GET /api/auth/me → 401 (5ms)
2026-04-30 07:59:27,815 POST /api/auth/refresh → 401 (0ms)
2026-04-30 07:59:27,876 POST /api/auth/refresh → 401 (0ms)
2026-04-30 08:01:13,021 GET /api/auth/me → 401 (0ms)
2026-04-30 08:01:13,150 POST /api/auth/refresh → 401 (0ms)
2026-04-30 08:01:13,205 POST /api/auth/refresh → 401 (0ms)
2026-04-30 08:01:14,020 GET /api/auth/me → 401 (0ms)
2026-04-30 08:01:14,064 POST /api/auth/refresh → 401 (0ms)
2026-04-30 08:01:14,156 POST /api/auth/refresh → 401 (0ms)
2026-04-30 08:02:05,799 GET /api/auth/me → 401 (0ms)
2026-04-30 08:02:05,890 POST /api/auth/refresh → 401 (0ms)
2026-04-30 08:02:05,945 POST /api/auth/refresh → 401 (0ms)
2026-04-30 08:02:06,396 GET /api/auth/me → 401 (0ms)
2026-04-30 08:02:06,468 POST /api/auth/refresh → 401 (0ms)
2026-04-30 08:02:06,521 POST /api/auth/refresh → 401 (0ms)
2026-04-30 08:03:13,166 GET /api/auth/me → 401 (0ms)
2026-04-30 08:03:13,224 POST /api/auth/refresh → 401 (0ms)
2026-04-30 08:03:13,289 POST /api/auth/refresh → 401 (0ms)
2026-04-30 08:03:14,261 GET /api/auth/me → 401 (0ms)
2026-04-30 08:03:14,357 POST /api/auth/refresh → 401 (0ms)
2026-04-30 08:03:14,405 POST /api/auth/refresh → 401 (0ms)
2026-04-30 08:03:43,723 GET /api/chat/unread-count → 404 (18ms)
2026-04-30 08:04:59,477 GET /api/auth/me → 401 (4ms)
2026-04-30 08:04:59,559 POST /api/auth/refresh → 401 (0ms)
2026-04-30 08:04:59,617 POST /api/auth/refresh → 401 (0ms)
2026-04-30 08:05:00,070 GET /api/auth/me → 401 (0ms)
2026-04-30 08:05:00,207 POST /api/auth/refresh → 401 (0ms)
2026-04-30 08:05:00,260 POST /api/auth/refresh → 401 (0ms)
2026-04-30 08:05:38,535 GET /api/auth/me → 401 (0ms)
2026-04-30 08:05:38,597 POST /api/auth/refresh → 401 (0ms)
2026-04-30 08:05:38,645 POST /api/auth/refresh → 401 (0ms)
2026-04-30 08:05:39,186 GET /api/auth/me → 401 (0ms)
2026-04-30 08:05:39,236 POST /api/auth/refresh → 401 (0ms)
2026-04-30 08:05:39,286 POST /api/auth/refresh → 401 (0ms)
2026-04-30 08:07:37,525 GET /api/auth/me → 401 (0ms)
2026-04-30 08:07:37,591 POST /api/auth/refresh → 401 (0ms)
2026-04-30 08:07:37,640 POST /api/auth/refresh → 401 (0ms)
2026-04-30 08:07:38,328 GET /api/auth/me → 401 (0ms)
2026-04-30 08:07:38,375 POST /api/auth/refresh → 401 (0ms)
2026-04-30 08:07:38,468 POST /api/auth/refresh → 401 (0ms)
2026-04-30 08:08:47,925 GET /api/auth/me → 401 (0ms)
2026-04-30 08:08:48,025 POST /api/auth/refresh → 401 (0ms)
2026-04-30 08:08:48,089 POST /api/auth/refresh → 401 (0ms)
2026-04-30 08:08:48,630 GET /api/auth/me → 401 (0ms)
2026-04-30 08:08:48,679 POST /api/auth/refresh → 401 (0ms)
2026-04-30 08:08:48,734 POST /api/auth/refresh → 401 (0ms)
2026-04-30 08:36:18,628 GET /api/auth/me → 401 (0ms)
2026-04-30 08:36:18,823 POST /api/auth/refresh → 401 (0ms)
2026-04-30 08:36:19,022 POST /api/auth/refresh → 401 (0ms)
2026-04-30 08:40:24,854 POST /api/food/cancel → 400 (4ms)
2026-04-30 08:41:34,821 GET /api/auth/me → 401 (0ms)
2026-04-30 08:41:34,873 POST /api/auth/refresh → 401 (0ms)
2026-04-30 08:41:34,927 POST /api/auth/refresh → 401 (0ms)
2026-04-30 08:41:35,444 GET /api/auth/me → 401 (1ms)
2026-04-30 08:41:35,500 POST /api/auth/refresh → 401 (0ms)
2026-04-30 08:41:35,552 POST /api/auth/refresh → 401 (0ms)
2026-04-30 08:42:51,408 GET /api/auth/me → 401 (0ms)
2026-04-30 08:42:51,470 POST /api/auth/refresh → 401 (0ms)
2026-04-30 08:42:51,520 POST /api/auth/refresh → 401 (0ms)
2026-04-30 08:43:30,729 GET /api/auth/me → 401 (0ms)
2026-04-30 08:43:30,799 POST /api/auth/refresh → 401 (0ms)
2026-04-30 08:43:30,851 POST /api/auth/refresh → 401 (0ms)
2026-04-30 08:43:31,368 GET /api/auth/me → 401 (0ms)
2026-04-30 08:43:31,456 POST /api/auth/refresh → 401 (0ms)
2026-04-30 08:43:31,503 POST /api/auth/refresh → 401 (0ms)
2026-04-30 08:43:48,792 GET /api/chat/unread-count → 404 (4ms)
2026-04-30 08:45:21,881 GET /api/auth/me → 401 (0ms)
2026-04-30 08:45:21,979 POST /api/auth/refresh → 401 (0ms)
2026-04-30 08:45:22,427 GET /api/auth/me → 401 (0ms)
2026-04-30 08:45:22,474 POST /api/auth/refresh → 401 (0ms)
2026-04-30 08:45:22,562 POST /api/auth/refresh → 401 (0ms)
2026-04-30 08:45:37,677 GET /api/chat/unread-count → 404 (3ms)
2026-04-30 09:26:34,408 GET /api/auth/me → 401 (0ms)
2026-04-30 09:26:34,536 POST /api/auth/refresh → 401 (0ms)
2026-04-30 09:26:34,588 POST /api/auth/refresh → 401 (0ms)
2026-04-30 13:42:06,998 GET /api/auth/me → 401 (0ms)
2026-04-30 13:42:07,156 POST /api/auth/refresh → 401 (0ms)
2026-04-30 13:42:07,237 POST /api/auth/refresh → 401 (1ms)
2026-04-30 15:44:40,964 GET /api/auth/me → 401 (0ms)
2026-04-30 15:44:41,053 POST /api/auth/refresh → 401 (0ms)
2026-04-30 15:44:41,116 POST /api/auth/refresh → 401 (0ms)
2026-04-30 15:47:02,185 POST /api/p2p/handle/claim → 401 (4ms)
2026-04-30 15:47:03,591 POST /api/payments/create-payment-intent → 401 (4ms)
2026-04-30 15:49:30,703 POST /api/p2p/handle/claim → 401 (4ms)
2026-04-30 15:49:30,762 POST /api/p2p/handle/claim → 400 (5ms)
2026-04-30 15:49:30,824 POST /api/p2p/handle/claim → 400 (5ms)
2026-04-30 15:49:30,900 POST /api/p2p/handle/claim → 409 (6ms)
2026-04-30 15:49:31,025 GET /api/p2p/handle/lookup/nosuch_zz → 404 (6ms)
2026-04-30 15:49:31,088 POST /api/p2p/send → 400 (6ms)
2026-04-30 15:49:31,143 POST /api/p2p/send → 404 (6ms)
2026-04-30 15:49:31,202 POST /api/p2p/send → 422 (4ms)
2026-04-30 15:49:31,259 POST /api/p2p/send → 422 (4ms)
2026-04-30 15:49:31,637 POST /api/card/apply → 400 (5ms)
2026-04-30 15:49:31,700 POST /api/card/apply → 400 (5ms)
2026-04-30 15:49:31,827 POST /api/card/apply → 409 (6ms)
2026-04-30 15:49:32,101 POST /api/live/start/NByoeAbIl6mlbw → 403 (6ms)
2026-04-30 15:49:32,467 POST /api/live/NByoeAbIl6mlbw/pin → 400 (6ms)
2026-04-30 15:49:33,577 POST /api/payments/create-payment-intent → 401 (4ms)
2026-04-30 15:49:58,560 GET /api/auth/me → 401 (0ms)
2026-04-30 15:49:58,632 POST /api/auth/refresh → 401 (0ms)
2026-04-30 15:49:58,731 POST /api/auth/refresh → 401 (0ms)
2026-04-30 15:50:00,817 GET /api/auth/me → 401 (0ms)
2026-04-30 15:50:00,869 POST /api/auth/refresh → 401 (0ms)
2026-04-30 15:50:00,925 POST /api/auth/refresh → 401 (0ms)
2026-04-30 15:50:03,785 GET /api/auth/me → 401 (0ms)
2026-04-30 15:50:03,895 POST /api/auth/refresh → 401 (0ms)
2026-04-30 15:50:03,960 POST /api/auth/refresh → 401 (0ms)
2026-04-30 15:50:06,858 GET /api/auth/me → 401 (0ms)
2026-04-30 15:50:06,951 POST /api/auth/refresh → 401 (0ms)
2026-04-30 15:50:07,023 POST /api/auth/refresh → 401 (0ms)
2026-04-30 15:53:41,004 GET /api/auth/me → 401 (1ms)
2026-04-30 15:53:41,112 POST /api/auth/refresh → 401 (0ms)
2026-04-30 15:53:41,610 GET /api/auth/me → 401 (0ms)
2026-04-30 15:53:41,665 POST /api/auth/refresh → 401 (0ms)
2026-04-30 15:53:41,721 POST /api/auth/refresh → 401 (0ms)
2026-04-30 15:54:13,781 GET /api/auth/me → 401 (0ms)
2026-04-30 15:54:13,874 POST /api/auth/refresh → 401 (0ms)
2026-04-30 15:54:14,361 GET /api/auth/me → 401 (0ms)
2026-04-30 15:54:14,457 POST /api/auth/refresh → 401 (0ms)
2026-04-30 15:54:14,516 POST /api/auth/refresh → 401 (0ms)
2026-04-30 15:54:19,839 GET /api/auth/me → 401 (0ms)
2026-04-30 15:54:19,895 POST /api/auth/refresh → 401 (0ms)
2026-04-30 15:54:19,946 POST /api/auth/refresh → 401 (0ms)
2026-04-30 15:54:53,682 GET /api/auth/me → 401 (0ms)
2026-04-30 15:54:53,751 POST /api/auth/refresh → 401 (0ms)
2026-04-30 15:54:53,806 POST /api/auth/refresh → 401 (0ms)
2026-04-30 15:58:38,458 GET /api/auth/me → 401 (0ms)
2026-04-30 15:58:38,611 POST /api/auth/refresh → 401 (0ms)
2026-04-30 15:58:38,666 POST /api/auth/refresh → 401 (0ms)
2026-04-30 15:58:39,103 GET /api/auth/me → 401 (0ms)
2026-04-30 15:58:39,196 POST /api/auth/refresh → 401 (0ms)
2026-04-30 15:58:39,248 POST /api/auth/refresh → 401 (0ms)
2026-04-30 16:41:17,235 GET /api/auth/me → 401 (0ms)
2026-04-30 16:41:17,369 POST /api/auth/refresh → 401 (0ms)
2026-04-30 16:41:17,492 POST /api/auth/refresh → 401 (0ms)
2026-04-30 20:57:28,096 GET /api/auth/me → 401 (0ms)
2026-04-30 20:57:28,400 POST /api/auth/refresh → 401 (0ms)
2026-04-30 20:57:28,643 POST /api/auth/refresh → 401 (0ms)
2026-04-30 21:04:42,230 GET /api/auth/me → 401 (0ms)
2026-04-30 21:04:42,353 POST /api/auth/refresh → 401 (0ms)
2026-04-30 21:04:42,843 GET /api/auth/me → 401 (0ms)
2026-04-30 21:04:42,902 POST /api/auth/refresh → 401 (0ms)
2026-04-30 21:04:42,993 POST /api/auth/refresh → 401 (0ms)
2026-04-30 21:05:16,709 GET /api/auth/me → 401 (0ms)
2026-04-30 21:05:16,771 POST /api/auth/refresh → 401 (0ms)
2026-04-30 21:05:16,829 POST /api/auth/refresh → 401 (0ms)
2026-04-30 21:06:03,174 GET /api/auth/me → 401 (0ms)
2026-04-30 21:06:03,238 POST /api/auth/refresh → 401 (0ms)
2026-04-30 21:06:03,302 POST /api/auth/refresh → 401 (0ms)
2026-04-30 21:06:04,524 GET /api/auth/me → 401 (11ms)
2026-04-30 21:06:04,581 POST /api/auth/refresh → 401 (0ms)
2026-04-30 21:06:04,643 POST /api/auth/refresh → 401 (0ms)
2026-04-30 21:08:02,525 POST /api/groupchat/create → 401 (5ms)
2026-04-30 21:08:03,526 GET /api/apartments/None → 404 (5ms)
2026-04-30 21:08:03,693 GET /api/apartments/nonexistent_xyz_123 → 404 (5ms)
2026-04-30 21:08:46,946 POST /api/groupchat/create → 401 (4ms)
2026-04-30 21:08:47,860 GET /api/groupchat/NONEXIST_ID_xyz → 404 (6ms)
2026-04-30 21:08:49,599 GET /api/apartments/nonexistent_xyz_123 → 404 (5ms)
2026-04-30 21:08:49,717 POST /api/apartments/book → 400 (7ms)
2026-04-30 21:08:49,825 POST /api/apartments/book → 400 (6ms)
2026-04-30 21:08:50,611 POST /api/apartments/book → 402 (8ms)
2026-04-30 21:09:11,562 GET /api/auth/me → 401 (0ms)
2026-04-30 21:09:11,658 POST /api/auth/refresh → 401 (0ms)
2026-04-30 21:09:11,714 POST /api/auth/refresh → 401 (0ms)
2026-04-30 21:09:12,750 GET /api/auth/me → 401 (0ms)
2026-04-30 21:09:12,802 POST /api/auth/refresh → 401 (0ms)
2026-04-30 21:09:12,853 POST /api/auth/refresh → 401 (0ms)
2026-04-30 21:09:16,311 GET /api/auth/me → 401 (0ms)
2026-04-30 21:09:16,367 POST /api/auth/refresh → 401 (0ms)
2026-04-30 21:09:16,416 POST /api/auth/refresh → 401 (0ms)
2026-04-30 21:09:22,198 GET /api/auth/me → 401 (0ms)
2026-04-30 21:09:22,251 POST /api/auth/refresh → 401 (0ms)
2026-04-30 21:09:22,320 POST /api/auth/refresh → 401 (0ms)
2026-04-30 21:09:26,115 GET /api/auth/me → 401 (0ms)
2026-04-30 21:09:26,170 POST /api/auth/refresh → 401 (0ms)
2026-04-30 21:09:26,222 POST /api/auth/refresh → 401 (0ms)
2026-04-30 21:10:07,074 GET /api/auth/me → 401 (0ms)
2026-04-30 21:10:07,160 POST /api/auth/refresh → 401 (0ms)
2026-04-30 21:10:07,220 POST /api/auth/refresh → 401 (0ms)
2026-04-30 21:10:12,671 GET /api/auth/me → 401 (0ms)
2026-04-30 21:10:12,737 POST /api/auth/refresh → 401 (0ms)
2026-04-30 21:10:12,793 POST /api/auth/refresh → 401 (0ms)
2026-04-30 21:10:16,502 GET /api/auth/me → 401 (0ms)
2026-04-30 21:10:16,559 POST /api/auth/refresh → 401 (0ms)
2026-04-30 21:10:16,616 POST /api/auth/refresh → 401 (0ms)
2026-04-30 21:10:20,328 GET /api/auth/me → 401 (0ms)
2026-04-30 21:10:20,388 POST /api/auth/refresh → 401 (0ms)
2026-04-30 21:10:20,445 POST /api/auth/refresh → 401 (0ms)
2026-04-30 21:10:58,125 GET /api/auth/me → 401 (0ms)
2026-04-30 21:10:58,207 POST /api/auth/refresh → 401 (0ms)
2026-04-30 21:10:58,271 POST /api/auth/refresh → 401 (0ms)
2026-04-30 21:11:04,535 GET /api/auth/me → 401 (5ms)
2026-04-30 21:11:04,590 POST /api/auth/refresh → 401 (0ms)
2026-04-30 21:11:04,644 POST /api/auth/refresh → 401 (0ms)
2026-04-30 21:11:08,898 GET /api/auth/me → 401 (4ms)
2026-04-30 21:11:08,958 POST /api/auth/refresh → 401 (0ms)
2026-04-30 21:11:09,012 POST /api/auth/refresh → 401 (0ms)
2026-04-30 21:11:12,798 GET /api/auth/me → 401 (0ms)
2026-04-30 21:11:12,853 POST /api/auth/refresh → 401 (0ms)
2026-04-30 21:11:12,905 POST /api/auth/refresh → 401 (0ms)
2026-04-30 21:11:43,255 GET /api/auth/me → 401 (0ms)
2026-04-30 21:11:43,355 POST /api/auth/refresh → 401 (0ms)
2026-04-30 21:11:43,410 POST /api/auth/refresh → 401 (0ms)
2026-04-30 21:46:25,342 GET /api/auth/me → 401 (0ms)
2026-04-30 21:46:25,471 POST /api/auth/refresh → 401 (0ms)
2026-04-30 21:46:25,530 POST /api/auth/refresh → 401 (0ms)
2026-04-30 22:44:40,586 GET /api/auth/me → 401 (0ms)
2026-04-30 22:44:40,711 POST /api/auth/refresh → 401 (0ms)
2026-04-30 22:44:40,785 POST /api/auth/refresh → 401 (0ms)
2026-05-01 03:27:55,414 GET /api/auth/me → 401 (0ms)
2026-05-01 03:27:55,533 POST /api/auth/refresh → 401 (0ms)
2026-05-01 03:27:55,588 POST /api/auth/refresh → 401 (0ms)
2026-05-01 03:29:05,876 GET /api/health → 404 (7ms)
2026-05-01 03:30:32,445 POST /api/insurance/quote → 400 (3ms)
2026-05-01 03:30:34,043 GET /api/insurance/claim/610e95fae277660a → 404 (5ms)
2026-05-01 03:30:34,170 POST /api/insurance/admin/claim/610e95fae277660a/review → 403 (4ms)
2026-05-01 03:30:34,671 POST /api/telemedizin/cancel/c4b0c4ba3bd1aa7e → 403 (6ms)
2026-05-01 03:30:34,785 POST /api/telemedizin/cancel/c4b0c4ba3bd1aa7e → 400 (6ms)
2026-05-01 03:30:35,167 POST /api/telemedizin/prescription → 403 (4ms)
2026-05-01 04:28:10,499 GET /api/auth/me → 401 (0ms)
2026-05-01 04:28:10,657 POST /api/auth/refresh → 401 (0ms)
2026-05-01 04:28:10,705 POST /api/auth/refresh → 401 (0ms)
2026-05-01 04:28:34,617 GET /api/auth/me → 401 (0ms)
2026-05-01 04:28:34,722 POST /api/auth/refresh → 401 (0ms)
2026-05-01 04:28:34,770 POST /api/auth/refresh → 401 (0ms)
2026-05-01 04:28:56,353 GET /api/auth/me → 401 (0ms)
2026-05-01 04:28:56,463 POST /api/auth/refresh → 401 (0ms)
2026-05-01 04:28:56,513 POST /api/auth/refresh → 401 (0ms)
2026-05-01 04:30:06,583 GET /api/auth/me → 401 (0ms)
2026-05-01 04:30:06,664 POST /api/auth/refresh → 401 (0ms)
2026-05-01 04:30:07,343 GET /api/auth/me → 401 (0ms)
2026-05-01 04:30:07,401 POST /api/auth/refresh → 401 (0ms)
2026-05-01 04:30:07,493 POST /api/auth/refresh → 401 (0ms)
2026-05-01 04:30:43,420 GET /api/auth/me → 401 (1ms)
2026-05-01 04:30:43,474 POST /api/auth/refresh → 401 (0ms)
2026-05-01 04:30:43,529 POST /api/auth/refresh → 401 (0ms)
2026-05-01 04:31:16,611 GET /api/auth/me → 401 (0ms)
2026-05-01 04:31:16,691 POST /api/auth/refresh → 401 (0ms)
2026-05-01 04:31:16,789 POST /api/auth/refresh → 401 (0ms)
2026-05-01 04:31:50,058 GET /api/auth/me → 401 (0ms)
2026-05-01 04:31:50,131 POST /api/auth/refresh → 401 (0ms)
2026-05-01 04:31:50,187 POST /api/auth/refresh → 401 (0ms)
2026-05-01 04:32:25,957 GET /api/auth/me → 401 (0ms)
2026-05-01 04:32:26,080 POST /api/auth/refresh → 401 (0ms)
2026-05-01 04:32:26,350 POST /api/auth/refresh → 401 (1ms)
2026-05-01 04:34:20,362 GET /api/auth/me → 401 (0ms)
2026-05-01 04:34:20,489 POST /api/auth/refresh → 401 (0ms)
2026-05-01 04:34:20,544 POST /api/auth/refresh → 401 (0ms)
2026-05-01 05:16:56,406 GET /api/auth/me → 401 (0ms)
2026-05-01 05:16:56,593 POST /api/auth/refresh → 401 (0ms)
2026-05-01 05:16:56,643 POST /api/auth/refresh → 401 (0ms)
2026-05-01 08:18:30,581 GET /api/auth/me → 401 (0ms)
2026-05-01 08:18:30,639 POST /api/auth/refresh → 401 (0ms)
2026-05-01 08:18:30,688 POST /api/auth/refresh → 401 (0ms)
2026-05-01 08:34:47,307 GET /api/auth/me → 401 (0ms)
2026-05-01 08:34:47,506 POST /api/auth/refresh → 401 (0ms)
2026-05-01 08:34:47,703 POST /api/auth/refresh → 401 (0ms)
2026-05-01 09:06:45,483 GET /api/auth/me → 401 (0ms)
2026-05-01 09:06:45,681 POST /api/auth/refresh → 401 (0ms)
2026-05-01 09:06:45,884 POST /api/auth/refresh → 401 (0ms)
2026-05-01 09:43:03,585 GET /api/auth/me → 401 (0ms)
2026-05-01 09:43:03,637 POST /api/auth/refresh → 401 (0ms)
2026-05-01 09:43:03,684 POST /api/auth/refresh → 401 (0ms)
2026-05-01 11:32:29,729 GET /api/auth/me → 401 (0ms)
2026-05-01 11:32:29,846 POST /api/auth/refresh → 401 (0ms)
2026-05-01 11:32:29,893 POST /api/auth/refresh → 401 (0ms)
2026-05-01 11:33:49,601 GET /api/auth/me → 401 (0ms)
2026-05-01 11:33:49,660 POST /api/auth/refresh → 401 (0ms)
2026-05-01 11:33:49,705 POST /api/auth/refresh → 401 (0ms)
2026-05-01 11:33:50,596 GET /api/auth/me → 401 (0ms)
2026-05-01 11:33:50,640 POST /api/auth/refresh → 401 (0ms)
2026-05-01 11:33:50,692 POST /api/auth/refresh → 401 (0ms)
2026-05-01 11:34:43,186 GET /api/auth/me → 401 (0ms)
2026-05-01 11:34:43,288 POST /api/auth/refresh → 401 (0ms)
2026-05-01 11:34:43,912 GET /api/auth/me → 401 (0ms)
2026-05-01 11:34:44,176 POST /api/auth/refresh → 401 (1ms)
2026-05-01 11:34:44,229 POST /api/auth/refresh → 401 (0ms)
2026-05-01 12:15:48,802 GET /api/auth/me → 401 (0ms)
2026-05-01 12:15:48,892 POST /api/auth/refresh → 401 (0ms)
2026-05-01 12:15:48,938 POST /api/auth/refresh → 401 (0ms)
2026-05-01 15:10:30,525 GET /api/auth/me → 401 (0ms)
2026-05-01 15:10:30,624 POST /api/auth/refresh → 401 (0ms)
2026-05-01 15:10:30,683 POST /api/auth/refresh → 401 (0ms)
2026-05-01 17:10:57,177 GET /api/auth/me → 401 (0ms)
2026-05-01 17:10:57,484 POST /api/auth/refresh → 401 (0ms)
2026-05-01 17:10:57,772 POST /api/auth/refresh → 401 (0ms)
2026-05-01 17:13:12,235 GET /api/auth/me → 401 (0ms)
2026-05-01 17:13:37,721 GET /api/auth/me → 401 (0ms)
2026-05-01 17:13:37,794 POST /api/auth/refresh → 401 (0ms)
2026-05-01 17:13:37,848 POST /api/auth/refresh → 401 (0ms)
2026-05-01 17:14:43,714 GET /api/auth/me → 401 (0ms)
2026-05-01 17:14:43,788 POST /api/auth/refresh → 401 (0ms)
2026-05-01 17:14:43,838 POST /api/auth/refresh → 401 (0ms)
2026-05-01 17:15:38,286 GET /api/auth/me → 401 (0ms)
2026-05-01 17:15:38,379 POST /api/auth/refresh → 401 (0ms)
2026-05-01 17:15:38,480 POST /api/auth/refresh → 401 (0ms)
2026-05-01 17:16:37,358 GET /api/auth/me → 401 (0ms)
2026-05-01 17:16:37,419 POST /api/auth/refresh → 401 (0ms)
2026-05-01 17:16:37,489 POST /api/auth/refresh → 401 (0ms)
2026-05-01 17:56:03,543 GET /api/auth/me → 401 (0ms)
2026-05-01 17:56:03,783 POST /api/auth/refresh → 401 (0ms)
2026-05-01 17:56:04,051 POST /api/auth/refresh → 401 (0ms)
2026-05-01 18:03:51,034 GET /api/testimonials/admin/list → 401 (3ms)
2026-05-01 18:05:01,495 GET /api/testimonials/admin/list → 401 (3ms)
2026-05-01 18:05:02,102 POST /api/testimonials/admin/create → 422 (4ms)
2026-05-01 18:05:02,451 DELETE /api/testimonials/admin/doesnotexist123 → 404 (5ms)
2026-05-01 18:06:07,667 GET /api/auth/me → 401 (0ms)
2026-05-01 18:06:07,742 POST /api/auth/refresh → 401 (0ms)
2026-05-01 18:06:08,213 GET /api/auth/me → 401 (0ms)
2026-05-01 18:06:08,278 POST /api/auth/refresh → 401 (0ms)
2026-05-01 18:06:08,331 POST /api/auth/refresh → 401 (0ms)
2026-05-01 18:06:53,166 GET /api/auth/me → 401 (0ms)
2026-05-01 18:06:53,262 POST /api/auth/refresh → 401 (0ms)
2026-05-01 18:06:53,372 POST /api/auth/refresh → 401 (0ms)
2026-05-01 18:06:53,815 GET /api/auth/me → 401 (0ms)
2026-05-01 18:06:53,879 POST /api/auth/refresh → 401 (0ms)
2026-05-01 18:06:53,941 POST /api/auth/refresh → 401 (0ms)
2026-05-01 18:07:30,925 GET /api/auth/me → 401 (0ms)
2026-05-01 18:07:31,002 POST /api/auth/refresh → 401 (0ms)
2026-05-01 18:07:31,068 POST /api/auth/refresh → 401 (0ms)
2026-05-01 18:07:31,550 GET /api/auth/me → 401 (0ms)
2026-05-01 18:07:31,629 POST /api/auth/refresh → 401 (0ms)
2026-05-01 18:07:31,699 POST /api/auth/refresh → 401 (0ms)
2026-05-01 18:14:52,453 GET /api/auth/me → 401 (0ms)
2026-05-01 18:14:52,676 POST /api/auth/refresh → 401 (0ms)
2026-05-01 18:14:52,879 POST /api/auth/refresh → 401 (0ms)
2026-05-01 18:16:48,692 GET /api/auth/me → 401 (0ms)
2026-05-01 18:16:48,906 POST /api/auth/refresh → 401 (0ms)
2026-05-01 18:16:49,163 POST /api/auth/refresh → 401 (0ms)
2026-05-01 18:42:27,995 GET /api/auth/me → 401 (0ms)
2026-05-01 18:42:28,200 POST /api/auth/refresh → 401 (0ms)
2026-05-01 18:42:28,399 POST /api/auth/refresh → 401 (0ms)
2026-05-01 18:49:54,587 HEAD /api/pay.js → 405 (4ms)
2026-05-01 18:50:54,798 GET /api/auth/me → 401 (0ms)
2026-05-01 18:50:54,887 POST /api/auth/refresh → 401 (0ms)
2026-05-01 18:50:54,936 POST /api/auth/refresh → 401 (1ms)
2026-05-01 18:52:46,608 POST /api/pay/admin/keys/create → 403 (4ms)
2026-05-01 18:52:46,891 POST /api/pay/session → 401 (4ms)
2026-05-01 18:52:47,018 POST /api/pay/session → 422 (5ms)
2026-05-01 18:52:47,289 POST /api/pay/session/cs_pFhskPKIbqYn7Y5LGyrKY9mj1RM/confirm → 401 (3ms)
2026-05-01 18:52:47,353 GET /api/users/me → 404 (7ms)
2026-05-01 18:52:47,717 POST /api/pay/session/cs_hQgoYWQwXAkTQh4Jm6U41J0HhJo/confirm → 400 (5ms)
2026-05-01 18:52:47,772 GET /api/users/me → 404 (7ms)
2026-05-01 18:52:48,509 POST /api/pay/session → 401 (4ms)
2026-05-01 18:53:19,314 GET /api/auth/me → 401 (0ms)
2026-05-01 18:53:19,365 POST /api/auth/refresh → 401 (0ms)
2026-05-01 18:53:19,417 POST /api/auth/refresh → 401 (0ms)
2026-05-01 19:05:08,414 PUT /api/users/me → 404 (7ms)
2026-05-01 19:05:33,991 GET /api/auth/me → 401 (0ms)
2026-05-01 19:05:34,084 POST /api/auth/refresh → 401 (0ms)
2026-05-01 19:07:19,208 POST /api/pay/admin/feature/admin@bidblitz.com → 403 (4ms)
2026-05-01 19:07:19,267 POST /api/pay/admin/feature/nosuch_b2a0a7bb@x.com → 404 (5ms)
2026-05-01 19:07:19,698 POST /api/pay/my-keys/create → 403 (4ms)
2026-05-01 19:07:19,893 POST /api/pay/my-keys/235899f3616ddaf9/revoke → 403 (5ms)
2026-05-01 19:07:20,598 POST /api/pay/my-keys/create → 429 (5ms)
2026-05-01 19:07:50,625 GET /api/auth/me → 401 (0ms)
2026-05-01 19:07:50,722 POST /api/auth/refresh → 401 (0ms)
2026-05-01 19:07:50,769 POST /api/auth/refresh → 401 (0ms)
2026-05-01 19:09:22,785 GET /api/auth/me → 401 (0ms)
2026-05-01 19:09:22,856 POST /api/auth/refresh → 401 (0ms)
2026-05-01 19:09:22,911 POST /api/auth/refresh → 401 (0ms)
2026-05-01 19:14:25,258 GET /api/auth/me → 401 (0ms)
2026-05-01 19:14:25,484 POST /api/auth/refresh → 401 (0ms)
2026-05-01 19:14:25,683 POST /api/auth/refresh → 401 (0ms)
2026-05-01 19:33:14,714 GET /api/admin/overview → 401 (1ms)
2026-05-01 19:33:57,706 GET /api/health → 404 (7ms)
2026-05-01 20:07:46,708 GET /api/auth/me → 401 (6ms)
2026-05-01 20:07:46,914 POST /api/auth/refresh → 401 (0ms)
2026-05-01 20:07:47,120 POST /api/auth/refresh → 401 (0ms)
2026-05-01 20:14:56,971 GET /api/auth/me → 401 (0ms)
2026-05-01 20:14:57,173 POST /api/auth/refresh → 401 (0ms)
2026-05-01 20:14:57,375 POST /api/auth/refresh → 401 (0ms)
2026-05-01 20:25:11,190 GET /api/auth/me → 401 (4ms)
2026-05-01 20:25:11,399 POST /api/auth/refresh → 401 (0ms)
2026-05-01 20:25:11,600 POST /api/auth/refresh → 401 (0ms)
2026-05-01 20:26:21,116 GET /api/auth/me → 401 (0ms)
2026-05-01 20:26:21,333 POST /api/auth/refresh → 401 (0ms)
2026-05-01 20:26:21,530 POST /api/auth/refresh → 401 (0ms)
2026-05-01 20:26:27,773 GET /api/auth/me → 401 (0ms)
2026-05-01 20:26:27,967 POST /api/auth/refresh → 401 (0ms)
2026-05-01 20:26:28,163 POST /api/auth/refresh → 401 (0ms)
2026-05-01 21:46:46,992 GET /api/auth/me → 401 (0ms)
2026-05-01 21:46:47,124 POST /api/auth/refresh → 401 (0ms)
2026-05-01 21:46:47,180 POST /api/auth/refresh → 401 (0ms)
2026-05-02 07:21:07,518 GET /api/auth/me → 401 (0ms)
2026-05-02 07:21:07,719 POST /api/auth/refresh → 401 (0ms)
2026-05-02 07:21:07,928 POST /api/auth/refresh → 401 (0ms)
2026-05-02 07:38:24,571 GET /api/auth/me → 401 (0ms)
2026-05-02 07:38:24,799 POST /api/auth/refresh → 401 (0ms)
2026-05-02 07:38:24,982 POST /api/auth/refresh → 401 (0ms)
2026-05-02 08:04:06,121 GET /api/auth/me → 401 (0ms)
2026-05-02 08:04:06,335 POST /api/auth/refresh → 401 (0ms)
2026-05-02 08:04:06,532 POST /api/auth/refresh → 401 (0ms)
2026-05-02 08:54:32,038 GET /api/auth/me → 401 (0ms)
2026-05-02 08:54:32,242 POST /api/auth/refresh → 401 (0ms)
2026-05-02 08:54:32,470 POST /api/auth/refresh → 401 (0ms)
2026-05-02 08:56:34,391 GET /api/auth/me → 401 (0ms)
2026-05-02 08:56:49,359 GET /api/auth/me → 401 (0ms)
2026-05-02 08:56:49,491 POST /api/auth/refresh → 401 (0ms)
2026-05-02 08:56:49,542 POST /api/auth/refresh → 401 (0ms)
2026-05-02 09:00:37,056 GET /api/auth/me → 401 (0ms)
2026-05-02 09:00:37,241 POST /api/auth/refresh → 401 (0ms)
2026-05-02 09:00:37,438 POST /api/auth/refresh → 401 (0ms)
2026-05-02 09:05:13,267 GET /api/auth/me → 401 (0ms)
2026-05-02 09:17:29,574 GET /api/auth/me → 401 (4ms)
2026-05-02 09:17:29,842 POST /api/auth/refresh → 401 (0ms)
2026-05-02 09:17:30,038 POST /api/auth/refresh → 401 (0ms)
2026-05-02 10:03:53,400 GET /api/auth/me → 401 (0ms)
2026-05-02 10:03:53,601 POST /api/auth/refresh → 401 (0ms)
2026-05-02 10:03:53,814 POST /api/auth/refresh → 401 (0ms)
2026-05-02 10:06:06,683 GET /api/auth/me → 401 (0ms)
2026-05-02 10:06:06,878 POST /api/auth/refresh → 401 (0ms)
2026-05-02 10:06:07,075 POST /api/auth/refresh → 401 (0ms)
2026-05-02 10:19:29,477 GET /api/auth/me → 401 (0ms)
2026-05-02 10:19:29,679 POST /api/auth/refresh → 401 (0ms)
2026-05-02 10:19:29,902 POST /api/auth/refresh → 401 (0ms)
2026-05-02 10:44:27,767 GET /api/auth/me → 401 (0ms)
2026-05-02 10:44:27,974 POST /api/auth/refresh → 401 (0ms)
2026-05-02 10:44:28,198 POST /api/auth/refresh → 401 (0ms)
2026-05-02 10:54:28,646 GET /api/auth/me → 401 (0ms)
2026-05-02 10:54:28,840 POST /api/auth/refresh → 401 (0ms)
2026-05-02 10:54:29,057 POST /api/auth/refresh → 401 (0ms)
2026-05-02 11:01:57,509 GET /api/auth/me → 401 (0ms)
2026-05-02 11:01:57,732 POST /api/auth/refresh → 401 (0ms)
2026-05-02 11:01:57,943 POST /api/auth/refresh → 401 (0ms)
2026-05-02 11:12:07,273 GET /api/auth/me → 401 (0ms)
2026-05-02 11:12:07,491 POST /api/auth/refresh → 401 (0ms)
2026-05-02 11:12:07,690 POST /api/auth/refresh → 401 (0ms)
2026-05-02 11:24:56,149 GET /api/auth/me → 401 (0ms)
2026-05-02 11:24:56,346 POST /api/auth/refresh → 401 (0ms)
2026-05-02 11:24:56,546 POST /api/auth/refresh → 401 (0ms)
2026-05-02 11:26:07,325 GET /api/auth/me → 401 (0ms)
2026-05-02 11:26:07,530 POST /api/auth/refresh → 401 (0ms)
2026-05-02 11:26:07,725 POST /api/auth/refresh → 401 (0ms)
2026-05-02 11:36:18,609 POST /api/issuing/cards → 503 (4ms)
2026-05-02 11:36:19,247 POST /api/issuing/cards → 503 (3ms)
2026-05-02 11:36:19,363 GET /api/issuing/cards → 401 (3ms)
2026-05-02 11:38:30,854 GET /api/auth/me → 401 (0ms)
2026-05-02 11:38:30,946 POST /api/auth/refresh → 401 (0ms)
2026-05-02 11:38:31,661 GET /api/auth/me → 401 (0ms)
2026-05-02 11:38:31,709 POST /api/auth/refresh → 401 (0ms)
2026-05-02 11:38:31,761 POST /api/auth/refresh → 401 (0ms)
2026-05-02 11:38:42,331 GET /api/auth/me → 401 (0ms)
2026-05-02 11:38:42,385 POST /api/auth/refresh → 401 (0ms)
2026-05-02 11:38:42,449 POST /api/auth/refresh → 401 (0ms)
2026-05-02 11:39:06,671 GET /api/auth/me → 401 (0ms)
2026-05-02 11:39:06,735 POST /api/auth/refresh → 401 (0ms)
2026-05-02 11:39:06,814 POST /api/auth/refresh → 401 (0ms)
2026-05-02 11:39:07,906 GET /api/auth/me → 401 (0ms)
2026-05-02 11:39:08,164 POST /api/auth/refresh → 401 (0ms)
2026-05-02 11:39:08,246 POST /api/auth/refresh → 401 (0ms)
2026-05-02 11:40:38,880 POST /api/issuing/cardholders → 503 (4ms)
2026-05-02 11:40:38,930 POST /api/issuing/cards → 503 (5ms)
2026-05-02 11:40:38,982 POST /api/issuing/cards/test_id/ephemeral-key → 503 (4ms)
2026-05-02 11:40:39,030 POST /api/issuing/cards/test_id/status → 503 (4ms)
2026-05-02 11:40:39,139 POST /api/webhooks/stripe-issuing → 500 (3ms)
2026-05-02 11:40:39,478 GET /api/pay/admin/applications → 401 (3ms)
2026-05-02 11:41:12,474 GET /api/auth/me → 401 (0ms)
2026-05-02 11:41:12,581 POST /api/auth/refresh → 401 (0ms)
2026-05-02 11:41:12,667 POST /api/auth/refresh → 401 (0ms)
2026-05-02 11:41:13,412 GET /api/auth/me → 401 (0ms)
2026-05-02 11:41:13,467 POST /api/auth/refresh → 401 (0ms)
2026-05-02 11:41:14,095 GET /api/auth/me → 401 (0ms)
2026-05-02 11:41:14,154 POST /api/auth/refresh → 401 (0ms)
2026-05-02 11:41:14,204 POST /api/auth/refresh → 401 (0ms)
2026-05-02 11:41:55,517 GET /api/auth/me → 401 (6ms)
2026-05-02 11:41:55,605 POST /api/auth/refresh → 401 (0ms)
2026-05-02 11:41:55,668 POST /api/auth/refresh → 401 (0ms)
2026-05-02 11:41:56,164 GET /api/auth/me → 401 (0ms)
2026-05-02 11:41:56,418 POST /api/auth/refresh → 401 (0ms)
2026-05-02 11:44:55,496 GET /api/issuing/cards → 503 (3ms)
2026-05-02 11:44:55,603 GET /api/issuing/cardholders/me → 503 (3ms)
2026-05-02 11:44:55,736 GET /api/issuing/cards → 503 (3ms)
2026-05-02 11:45:13,317 GET /api/auth/me → 401 (0ms)
2026-05-02 11:45:13,385 POST /api/auth/refresh → 401 (0ms)
2026-05-02 11:45:13,435 POST /api/auth/refresh → 401 (0ms)
2026-05-02 11:45:32,970 GET /api/auth/me → 401 (14ms)
2026-05-02 11:45:33,018 POST /api/auth/refresh → 401 (0ms)
2026-05-02 11:45:33,076 POST /api/auth/refresh → 401 (0ms)
2026-05-02 11:45:33,576 GET /api/auth/me → 401 (0ms)
2026-05-02 11:45:33,834 POST /api/auth/refresh → 401 (0ms)
2026-05-02 11:45:33,880 POST /api/auth/refresh → 401 (0ms)
2026-05-02 11:47:18,815 GET /api/issuing/cards → 503 (3ms)
2026-05-02 11:47:18,930 GET /api/issuing/cards → 503 (3ms)
2026-05-02 11:47:18,989 GET /api/issuing/cardholders/me → 503 (3ms)
2026-05-02 11:47:19,106 GET /api/issuing/cardholders/me → 503 (3ms)
2026-05-02 11:47:19,164 POST /api/issuing/cardholders → 503 (4ms)
2026-05-02 11:47:19,216 POST /api/issuing/cards → 503 (4ms)
2026-05-02 11:47:19,265 POST /api/issuing/cards/test_id/ephemeral-key → 503 (3ms)
2026-05-02 11:47:19,316 POST /api/issuing/cards/test_id/status → 503 (3ms)
2026-05-02 11:47:19,433 POST /api/webhooks/stripe-issuing → 500 (3ms)
2026-05-02 11:47:19,758 GET /api/pay/admin/applications → 401 (3ms)
2026-05-02 11:47:19,936 POST /api/pay/merchant/apply → 400 (4ms)
2026-05-02 11:47:30,184 GET /api/issuing/cards → 503 (3ms)
2026-05-02 11:47:30,299 GET /api/issuing/cards → 503 (3ms)
2026-05-02 11:47:30,349 GET /api/issuing/cardholders/me → 503 (3ms)
2026-05-02 11:47:30,499 GET /api/issuing/cardholders/me → 503 (3ms)
2026-05-02 11:47:30,553 POST /api/issuing/cardholders → 503 (4ms)
2026-05-02 11:47:30,599 POST /api/issuing/cards → 503 (3ms)
2026-05-02 11:47:30,648 POST /api/issuing/cards/test_id/ephemeral-key → 503 (3ms)
2026-05-02 11:47:30,700 POST /api/issuing/cards/test_id/status → 503 (3ms)
2026-05-02 11:47:30,817 POST /api/webhooks/stripe-issuing → 500 (3ms)
2026-05-02 11:47:31,133 GET /api/pay/admin/applications → 401 (3ms)
2026-05-02 11:47:51,125 GET /api/auth/me → 401 (0ms)
2026-05-02 11:47:51,218 POST /api/auth/refresh → 401 (0ms)
2026-05-02 11:47:51,267 POST /api/auth/refresh → 401 (0ms)
2026-05-02 11:48:27,877 GET /api/auth/me → 401 (0ms)
2026-05-02 11:48:27,963 POST /api/auth/refresh → 401 (0ms)
2026-05-02 11:48:28,013 POST /api/auth/refresh → 401 (0ms)
2026-05-02 11:54:14,311 GET /api/auth/me → 401 (0ms)
2026-05-02 11:54:14,753 POST /api/auth/refresh → 401 (0ms)
2026-05-02 11:54:15,018 POST /api/auth/refresh → 401 (0ms)
2026-05-02 11:57:12,048 GET /api/wallet/balance/total → 401 (0ms)
2026-05-02 12:08:52,441 GET /api/auth/me → 401 (0ms)
2026-05-02 12:08:52,643 POST /api/auth/refresh → 401 (0ms)
2026-05-02 12:08:52,857 POST /api/auth/refresh → 401 (0ms)
2026-05-02 12:09:32,269 GET /api/auth/me → 401 (0ms)
2026-05-02 12:09:32,458 POST /api/auth/refresh → 401 (0ms)
2026-05-02 12:09:32,659 POST /api/auth/refresh → 401 (0ms)
2026-05-02 12:14:38,854 GET /api/auth/me → 401 (0ms)
2026-05-02 12:14:38,992 POST /api/auth/refresh → 401 (0ms)
2026-05-02 12:14:39,040 POST /api/auth/refresh → 401 (0ms)
2026-05-02 12:14:39,524 GET /api/auth/me → 401 (5ms)
2026-05-02 12:14:39,778 POST /api/auth/refresh → 401 (0ms)
2026-05-02 12:14:39,826 POST /api/auth/refresh → 401 (0ms)
2026-05-02 12:28:23,642 GET /api/auth/me → 401 (0ms)
2026-05-02 12:28:23,828 POST /api/auth/refresh → 401 (0ms)
2026-05-02 12:28:24,280 POST /api/auth/refresh → 401 (0ms)
2026-05-02 12:40:29,557 GET /api/auth/me → 401 (0ms)
2026-05-02 12:40:29,757 POST /api/auth/refresh → 401 (0ms)
2026-05-02 12:40:29,975 POST /api/auth/refresh → 401 (0ms)
2026-05-02 12:48:00,254 POST /api/virtual-cards → 400 (4ms)
2026-05-02 12:48:00,313 GET /api/issuing/cards → 503 (3ms)
2026-05-02 12:48:00,372 POST /api/issuing/cardholders → 503 (4ms)
2026-05-02 12:48:00,429 POST /api/issuing/cards/x/status → 503 (3ms)
2026-05-02 12:48:00,573 POST /api/webhooks/stripe-issuing → 500 (3ms)
2026-05-02 12:49:01,564 POST /api/virtual-cards → 400 (4ms)
2026-05-02 12:49:01,700 POST /api/virtual-cards → 400 (4ms)
2026-05-02 13:23:04,086 GET /api/auth/me → 401 (0ms)
2026-05-02 13:23:04,250 POST /api/auth/refresh → 401 (0ms)
2026-05-02 13:23:04,335 POST /api/auth/refresh → 401 (0ms)
2026-05-02 14:20:29,452 GET /api/auth/me → 401 (0ms)
2026-05-02 14:20:29,526 POST /api/auth/refresh → 401 (0ms)
2026-05-02 14:20:29,585 POST /api/auth/refresh → 401 (0ms)
2026-05-02 14:46:09,249 GET /api/auth/me → 401 (0ms)
2026-05-02 14:46:09,464 POST /api/auth/refresh → 401 (0ms)
2026-05-02 14:46:14,489 GET /api/auth/me → 401 (0ms)
2026-05-02 14:46:14,706 POST /api/auth/refresh → 401 (0ms)
2026-05-02 14:46:14,920 POST /api/auth/refresh → 401 (0ms)
2026-05-02 14:46:19,286 GET /api/auth/me → 401 (0ms)
2026-05-02 14:46:19,499 POST /api/auth/refresh → 401 (0ms)
2026-05-02 14:46:19,727 POST /api/auth/refresh → 401 (0ms)
2026-05-02 14:54:46,522 GET /api/auth/me → 401 (0ms)
2026-05-02 14:54:46,760 POST /api/auth/refresh → 401 (0ms)
2026-05-02 14:54:46,975 POST /api/auth/refresh → 401 (0ms)
2026-05-02 15:28:09,529 GET /api/auth/me → 401 (0ms)
2026-05-02 15:28:09,664 POST /api/auth/refresh → 401 (0ms)
2026-05-02 15:28:09,713 POST /api/auth/refresh → 401 (0ms)
2026-05-02 19:10:54,417 GET /api/auth/me → 401 (0ms)
2026-05-02 19:10:55,020 POST /api/auth/refresh → 401 (0ms)
2026-05-02 19:10:55,244 POST /api/auth/refresh → 401 (0ms)
2026-05-02 19:14:15,830 POST /api/auctions/admin/create → 422 (6ms)
2026-05-02 19:46:23,231 GET /api/auth/me → 401 (0ms)
2026-05-02 19:46:23,350 POST /api/auth/refresh → 401 (0ms)
2026-05-02 19:46:23,425 POST /api/auth/refresh → 401 (0ms)
2026-05-02 21:09:31,482 GET /api/auth/me → 401 (6ms)
2026-05-02 21:09:31,761 POST /api/auth/refresh → 401 (0ms)
2026-05-02 21:09:31,991 POST /api/auth/refresh → 401 (0ms)
2026-05-02 21:10:20,116 GET /api/auth/me → 401 (4ms)
2026-05-02 21:10:20,334 POST /api/auth/refresh → 401 (0ms)
2026-05-02 21:10:20,561 POST /api/auth/refresh → 401 (0ms)
2026-05-02 21:57:35,531 GET /api/auth/me → 401 (0ms)
2026-05-02 21:57:35,658 POST /api/auth/refresh → 401 (0ms)
2026-05-02 21:57:35,727 POST /api/auth/refresh → 401 (0ms)
2026-05-02 23:04:30,927 GET /api/auth/me → 401 (0ms)
2026-05-02 23:04:30,995 POST /api/auth/refresh → 401 (0ms)
2026-05-02 23:04:31,046 POST /api/auth/refresh → 401 (0ms)
2026-05-03 06:21:17,846 POST /api/virtual-cards → 403 (4ms)
2026-05-03 06:59:18,920 GET /api/auth/me → 401 (0ms)
2026-05-03 06:59:19,019 POST /api/auth/refresh → 401 (0ms)
2026-05-03 06:59:19,066 POST /api/auth/refresh → 401 (0ms)
2026-05-03 06:59:19,976 GET /api/auth/me → 401 (4ms)
2026-05-03 06:59:20,243 POST /api/auth/refresh → 401 (0ms)
2026-05-03 06:59:20,292 POST /api/auth/refresh → 401 (0ms)
2026-05-03 07:38:36,755 GET /api/auth/me → 401 (0ms)
2026-05-03 07:38:36,814 POST /api/auth/refresh → 401 (0ms)
2026-05-03 07:38:36,892 POST /api/auth/refresh → 401 (0ms)
2026-05-03 07:50:27,518 GET /api/auth/me → 401 (0ms)
2026-05-03 07:50:27,719 POST /api/auth/refresh → 401 (0ms)
2026-05-03 07:50:28,010 POST /api/auth/refresh → 401 (0ms)
2026-05-03 08:26:34,852 GET /api/auth/me → 401 (0ms)
2026-05-03 08:26:34,991 POST /api/auth/refresh → 401 (0ms)
2026-05-03 08:26:35,042 POST /api/auth/refresh → 401 (0ms)
2026-05-03 14:13:17,848 GET /api/auth/me → 401 (8ms)
2026-05-03 14:13:18,048 POST /api/auth/refresh → 401 (0ms)
2026-05-03 14:13:18,249 POST /api/auth/refresh → 401 (0ms)
2026-05-03 14:18:35,280 GET /api/auth/me → 401 (0ms)
2026-05-03 14:18:35,493 POST /api/auth/refresh → 401 (0ms)
2026-05-03 14:18:35,692 POST /api/auth/refresh → 401 (0ms)
2026-05-03 14:30:51,756 GET /api/auth/me → 401 (0ms)
2026-05-03 14:30:51,876 POST /api/auth/refresh → 401 (0ms)
2026-05-03 14:30:51,925 POST /api/auth/refresh → 401 (0ms)
2026-05-03 14:30:52,579 GET /api/auth/me → 401 (0ms)
2026-05-03 14:30:52,626 POST /api/auth/refresh → 401 (0ms)
2026-05-03 14:30:52,674 POST /api/auth/refresh → 401 (0ms)
2026-05-03 14:32:01,756 GET /api/geo/cities → 422 (4ms)
2026-05-03 14:32:02,326 GET /api/referral/me → 401 (3ms)
2026-05-03 14:32:02,449 POST /api/referral/apply → 422 (1ms)
2026-05-03 14:32:02,599 GET /api/referral/leaderboard → 401 (1ms)
2026-05-03 14:32:02,745 GET /api/bots/me → 401 (3ms)
2026-05-03 14:32:02,854 POST /api/bots/me/setup → 422 (3ms)
2026-05-03 14:32:03,064 GET /api/admin/audit/list → 401 (3ms)
2026-05-03 14:32:03,180 GET /api/admin/fraud/alerts → 401 (3ms)
2026-05-03 14:32:03,286 GET /api/admin/referrals/top → 401 (3ms)
2026-05-03 15:13:18,431 GET /api/auth/me → 401 (0ms)
2026-05-03 15:13:18,553 POST /api/auth/refresh → 401 (0ms)
2026-05-03 15:13:18,602 POST /api/auth/refresh → 401 (0ms)
2026-05-03 16:14:58,589 POST /api/chatbot/send → 500 (320ms)
2026-05-03 16:18:13,717 POST /api/chatbot/send → 401 (3ms)
2026-05-03 16:18:17,357 POST /api/chatbot/send → 500 (6ms)
2026-05-03 16:18:17,430 POST /api/chatbot/send → 500 (5ms)
2026-05-03 16:19:03,425 POST /api/chatbot/send → 401 (4ms)
2026-05-03 16:19:05,452 POST /api/chatbot/send → 500 (5ms)
2026-05-03 16:21:00,516 GET /api/auth/me → 401 (0ms)
2026-05-03 16:21:00,729 POST /api/auth/refresh → 401 (0ms)
2026-05-03 16:21:00,942 POST /api/auth/refresh → 401 (0ms)
2026-05-03 16:21:47,977 GET /api/auctions/live → 404 (2ms)
2026-05-03 16:21:48,248 GET /api/legal/terms → 404 (7ms)
2026-05-03 16:21:48,260 GET /api/wallet/balance → 401 (0ms)
2026-05-03 16:21:48,273 GET /api/chatbot/history → 401 (3ms)
2026-05-03 16:21:48,287 GET /api/kyc/status → 401 (1ms)
2026-05-03 16:21:48,298 GET /api/cards/my → 401 (2ms)
2026-05-03 16:21:48,315 GET /api/admin/monitoring/overview → 404 (7ms)
2026-05-03 16:21:48,329 GET /api/referrals/me → 401 (3ms)
2026-05-03 16:21:56,786 GET /api/cards/my → 404 (6ms)
2026-05-03 16:21:56,803 GET /api/admin/monitoring/overview → 404 (7ms)
2026-05-03 16:21:56,894 GET /api/pos/stores/mine → 404 (6ms)
2026-05-03 16:33:55,204 GET /api/auth/me → 401 (0ms)
2026-05-03 16:33:55,413 POST /api/auth/refresh → 401 (0ms)
2026-05-03 16:33:55,610 POST /api/auth/refresh → 401 (0ms)
2026-05-03 16:36:40,636 GET /api/auth/me → 401 (0ms)
2026-05-03 16:36:41,085 POST /api/auth/refresh → 401 (0ms)
2026-05-03 16:36:41,421 POST /api/auth/refresh → 401 (0ms)
2026-05-03 16:38:46,961 GET /api/collectibles/my-collection → 401 (3ms)
2026-05-03 16:38:46,974 GET /api/cards/me → 401 (2ms)
2026-05-03 16:38:46,987 GET /api/notifications/center/count → 401 (3ms)
2026-05-03 16:40:00,469 GET /api/nearby-osm/places → 404 (7ms)
2026-05-03 16:55:22,375 GET /api/auth/me → 401 (0ms)
2026-05-03 16:55:22,597 POST /api/auth/refresh → 401 (0ms)
2026-05-03 16:55:22,813 POST /api/auth/refresh → 401 (0ms)
2026-05-03 17:19:43,447 GET /api/auth/me → 401 (0ms)
2026-05-03 17:19:43,713 POST /api/auth/refresh → 401 (0ms)
2026-05-03 17:19:44,017 POST /api/auth/refresh → 401 (0ms)
2026-05-03 17:21:42,029 GET /api/auth/me → 401 (1ms)
2026-05-03 17:21:42,255 POST /api/auth/refresh → 401 (0ms)
2026-05-03 17:21:42,546 POST /api/auth/refresh → 401 (0ms)
2026-05-03 17:22:56,256 GET /api/auth/me → 401 (0ms)
2026-05-03 17:22:56,475 POST /api/auth/refresh → 401 (0ms)
2026-05-03 17:22:56,671 POST /api/auth/refresh → 401 (0ms)
2026-05-03 17:33:22,472 GET /api/auth/me → 401 (0ms)
2026-05-03 17:33:22,765 POST /api/auth/refresh → 401 (0ms)
2026-05-03 17:33:23,110 POST /api/auth/refresh → 401 (0ms)
2026-05-03 18:07:53,169 GET /api/auth/me → 401 (0ms)
2026-05-03 18:07:53,238 POST /api/auth/refresh → 401 (0ms)
2026-05-03 18:07:53,311 POST /api/auth/refresh → 401 (0ms)
2026-05-03 20:03:14,094 GET /api/auth/me → 401 (0ms)
2026-05-03 20:03:14,494 POST /api/auth/refresh → 401 (0ms)
2026-05-03 20:03:14,670 POST /api/auth/refresh → 401 (0ms)
2026-05-03 20:16:26,374 GET /api/pos/retail/health → 404 (8ms)
2026-05-03 20:16:31,809 GET /api/pos/retail/health → 404 (7ms)
2026-05-03 20:16:37,482 GET /api/health → 404 (7ms)
2026-05-03 20:16:44,426 POST /api/pos/receipts/void → 422 (8ms)
2026-05-03 20:20:58,004 GET /api/auth/me → 401 (0ms)
2026-05-03 20:20:58,204 POST /api/auth/refresh → 401 (0ms)
2026-05-03 20:20:58,489 POST /api/auth/refresh → 401 (0ms)
2026-05-03 20:23:08,420 GET /api/auth/me → 401 (0ms)
2026-05-03 20:23:08,733 POST /api/auth/refresh → 401 (0ms)
2026-05-03 20:23:08,955 POST /api/auth/refresh → 401 (0ms)
2026-05-03 20:23:12,638 GET /api/pos/my-merchants → 404 (7ms)
2026-05-03 20:23:12,692 POST /api/pos/merchants/create → 404 (7ms)
2026-05-03 20:23:12,768 POST /api/pos/receipts/void → 404 (13ms)
2026-05-03 20:23:12,988 POST /api/pos/retail/cash/safedrop → 404 (13ms)
2026-05-03 20:23:13,111 GET /api/pos/retail/public/product-info/PRD-XXX → 404 (10ms)
2026-05-03 20:23:13,172 GET /api/pos/retail/video-replay/RCP-XXX → 404 (12ms)
2026-05-03 20:23:34,868 GET /api/pos/merchants/me → 401 (1ms)
2026-05-03 20:24:01,299 POST /api/pos/registers/create → 422 (1ms)
2026-05-03 20:24:01,435 POST /api/pos/products/create → 422 (3ms)
2026-05-03 20:25:02,562 POST /api/pos/carts/create → 404 (7ms)
2026-05-03 20:25:02,630 POST /api/pos/carts/add-item → 404 (8ms)
2026-05-03 20:25:02,699 POST /api/pos/checkout → 422 (1ms)
2026-05-03 20:25:02,778 POST /api/pos/receipts/void → 422 (4ms)
2026-05-03 20:25:02,859 POST /api/pos/carts/create → 404 (7ms)
2026-05-03 20:25:02,947 POST /api/pos/carts/add-item → 404 (8ms)
2026-05-03 20:25:03,071 POST /api/pos/checkout → 422 (1ms)
2026-05-03 20:25:03,154 POST /api/pos/receipts/return → 422 (5ms)
2026-05-03 20:25:03,442 POST /api/pos/carts/create → 404 (7ms)
2026-05-03 20:25:03,547 POST /api/pos/age-verify → 422 (4ms)
2026-05-03 20:25:03,635 POST /api/pos/supervisor/alert → 422 (4ms)
2026-05-03 20:25:04,012 POST /api/pos/carts/create → 404 (7ms)
2026-05-03 20:25:04,083 POST /api/pos/carts/add-item → 404 (7ms)
2026-05-03 20:25:04,141 POST /api/pos/checkout → 422 (1ms)
2026-05-03 20:25:04,201 POST /api/pos/receipts/digital → 422 (4ms)
2026-05-03 20:25:04,682 POST /api/pos/retail/cash/safedrop → 422 (4ms)
2026-05-03 20:25:04,850 POST /api/pos/carts/create → 404 (7ms)
2026-05-03 20:25:04,917 POST /api/pos/retail/cart/upsell-suggestions → 422 (7ms)
2026-05-03 20:25:04,980 GET /api/pos/retail/public/product-info/None → 404 (5ms)
2026-05-03 20:25:05,278 GET /api/pos/retail/video-replay/None → 404 (6ms)
2026-05-03 20:26:25,904 GET /api/auth/me → 401 (0ms)
2026-05-03 20:26:26,154 POST /api/auth/refresh → 401 (0ms)
2026-05-03 20:26:26,349 POST /api/auth/refresh → 401 (0ms)
2026-05-03 20:29:18,333 POST /api/pos/products → 404 (7ms)
2026-05-03 20:29:18,451 POST /api/pos/stores → 405 (4ms)
2026-05-03 20:29:18,718 POST /api/pos/sales → 405 (4ms)
2026-05-03 20:30:53,327 POST /api/pos/checkout → 400 (4ms)
2026-05-03 20:33:33,287 GET /api/auth/me → 401 (0ms)
2026-05-03 20:33:33,514 POST /api/auth/refresh → 401 (0ms)
2026-05-03 20:33:33,745 POST /api/auth/refresh → 401 (0ms)
2026-05-03 20:56:38,721 GET /api/pos/hardware/scale/weight → 404 (6ms)
2026-05-03 20:56:40,195 GET /api/landing-chatbot/leads → 403 (5ms)
2026-05-03 20:56:40,311 GET /api/landing-chatbot/analytics → 403 (5ms)
2026-05-03 20:56:41,142 POST /api/super-app/gaming/session → 400 (6ms)
2026-05-03 20:56:41,501 GET /api/super-app/analytics/overview → 403 (5ms)
2026-05-03 20:57:53,438 POST /api/pos/hardware/printer/print → 500 (135530ms)
2026-05-03 20:58:33,673 GET /api/pos/hardware/scale/weight → 404 (6ms)
2026-05-03 20:58:35,739 POST /api/super-app/gaming/session → 400 (6ms)
2026-05-03 21:07:24,369 GET /api/auth/me → 401 (1ms)
2026-05-03 21:07:24,594 POST /api/auth/refresh → 401 (0ms)
2026-05-03 21:07:24,791 POST /api/auth/refresh → 401 (0ms)
2026-05-03 21:15:51,328 GET /api/auth/me → 401 (1ms)
2026-05-03 21:15:51,578 POST /api/auth/refresh → 401 (0ms)
2026-05-03 21:15:51,786 POST /api/auth/refresh → 401 (0ms)
2026-05-03 21:17:09,836 GET /api/pos/hardware/health → 422 (6ms)
2026-05-03 21:17:28,026 GET /api/auth/me → 401 (0ms)
2026-05-03 21:17:28,164 POST /api/auth/refresh → 401 (0ms)
2026-05-03 21:17:28,240 POST /api/auth/refresh → 401 (0ms)
2026-05-03 21:17:58,062 GET /api/auth/me → 401 (0ms)
2026-05-03 21:17:58,134 POST /api/auth/refresh → 401 (0ms)
2026-05-03 21:17:58,192 POST /api/auth/refresh → 401 (0ms)
2026-05-03 21:19:35,570 POST /api/livekit/token → 401 (4ms)
2026-05-03 21:19:35,741 POST /api/pos/hardware/printer/print → 404 (6ms)
2026-05-03 21:19:35,794 GET /api/pos/hardware/scale/weight → 404 (6ms)
2026-05-03 21:19:35,847 POST /api/pos/age-verify → 404 (6ms)
2026-05-03 21:19:35,907 POST /api/pos/receipts/void → 404 (6ms)
2026-05-03 21:19:36,573 GET /api/super-app/wallet/balance → 401 (4ms)
2026-05-03 21:19:47,806 GET /api/auth/me → 401 (0ms)
2026-05-03 21:19:47,874 POST /api/auth/refresh → 401 (0ms)
2026-05-03 21:19:47,926 POST /api/auth/refresh → 401 (0ms)
2026-05-03 21:19:48,994 GET /api/auth/me → 401 (0ms)
2026-05-03 21:19:49,044 POST /api/auth/refresh → 401 (0ms)
2026-05-03 21:19:49,099 POST /api/auth/refresh → 401 (0ms)
2026-05-03 21:20:18,967 GET /api/auth/me → 401 (1ms)
2026-05-03 21:20:19,039 POST /api/auth/refresh → 401 (0ms)
2026-05-03 21:20:19,119 POST /api/auth/refresh → 401 (0ms)
2026-05-03 21:20:19,630 GET /api/auth/me → 401 (0ms)
2026-05-03 21:20:19,683 POST /api/auth/refresh → 401 (0ms)
2026-05-03 21:20:20,146 GET /api/auth/me → 401 (0ms)
2026-05-03 21:20:20,198 POST /api/auth/refresh → 401 (0ms)
2026-05-03 21:20:20,251 POST /api/auth/refresh → 401 (0ms)
2026-05-03 21:21:02,567 GET /api/auth/me → 401 (0ms)
2026-05-03 21:21:02,629 POST /api/auth/refresh → 401 (0ms)
2026-05-03 21:21:02,687 POST /api/auth/refresh → 401 (0ms)
2026-05-03 21:21:03,186 GET /api/auth/me → 401 (0ms)
2026-05-03 21:21:03,243 POST /api/auth/refresh → 401 (0ms)
2026-05-03 21:21:03,700 GET /api/auth/me → 401 (0ms)
2026-05-03 21:21:03,752 POST /api/auth/refresh → 401 (0ms)
2026-05-03 21:21:03,805 POST /api/auth/refresh → 401 (0ms)
2026-05-03 21:21:07,191 GET /api/auth/me → 401 (0ms)
2026-05-03 21:21:07,242 POST /api/auth/refresh → 401 (0ms)
2026-05-03 21:21:07,298 POST /api/auth/refresh → 401 (0ms)
2026-05-03 21:21:10,680 GET /api/auth/me → 401 (0ms)
2026-05-03 21:21:10,733 POST /api/auth/refresh → 401 (0ms)
2026-05-03 21:21:10,784 POST /api/auth/refresh → 401 (0ms)
2026-05-03 21:24:51,568 GET /api/auth/me → 401 (0ms)
2026-05-03 21:24:51,711 POST /api/auth/refresh → 401 (0ms)
2026-05-03 21:24:51,792 POST /api/auth/refresh → 401 (0ms)
2026-05-03 21:24:56,819 GET /api/auth/me → 401 (1ms)
2026-05-03 21:24:56,872 POST /api/auth/refresh → 401 (0ms)
2026-05-03 21:24:56,920 POST /api/auth/refresh → 401 (0ms)
2026-05-03 21:26:28,022 POST /api/livekit/token → 401 (4ms)
2026-05-03 21:26:28,296 POST /api/pos/hardware/printer/print → 404 (6ms)
2026-05-03 21:26:28,352 GET /api/pos/hardware/scale/weight → 404 (6ms)
2026-05-03 21:26:28,407 POST /api/pos/age-verify → 404 (6ms)
2026-05-03 21:26:28,639 POST /api/pos/receipts/void → 404 (6ms)
2026-05-03 21:26:29,222 GET /api/super-app/wallet/balance → 401 (4ms)
2026-05-03 21:26:49,176 GET /api/auth/me → 401 (0ms)
2026-05-03 21:26:49,244 POST /api/auth/refresh → 401 (0ms)
2026-05-03 21:26:49,297 POST /api/auth/refresh → 401 (0ms)
2026-05-03 21:27:23,395 GET /api/auth/me → 401 (0ms)
2026-05-03 21:27:23,448 POST /api/auth/refresh → 401 (0ms)
2026-05-03 21:27:23,500 POST /api/auth/refresh → 401 (0ms)
2026-05-03 21:27:26,308 GET /api/auth/me → 401 (0ms)
2026-05-03 21:27:26,375 POST /api/auth/refresh → 401 (0ms)
2026-05-03 21:27:26,434 POST /api/auth/refresh → 401 (0ms)
2026-05-03 21:28:01,650 GET /api/auth/me → 401 (0ms)
2026-05-03 21:28:01,730 POST /api/auth/refresh → 401 (0ms)
2026-05-03 21:28:01,786 POST /api/auth/refresh → 401 (0ms)
2026-05-03 21:28:02,283 GET /api/auth/me → 401 (0ms)
2026-05-03 21:28:02,340 POST /api/auth/refresh → 401 (0ms)
2026-05-03 21:28:02,785 GET /api/auth/me → 401 (0ms)
2026-05-03 21:28:02,856 POST /api/auth/refresh → 401 (0ms)
2026-05-03 21:28:02,918 POST /api/auth/refresh → 401 (0ms)
2026-05-03 21:28:11,794 GET /api/auth/me → 401 (0ms)
2026-05-03 21:28:11,855 POST /api/auth/refresh → 401 (0ms)
2026-05-03 21:28:11,906 POST /api/auth/refresh → 401 (0ms)
2026-05-03 21:28:14,756 GET /api/auth/me → 401 (0ms)
2026-05-03 21:28:14,855 POST /api/auth/refresh → 401 (0ms)
2026-05-03 21:28:14,909 POST /api/auth/refresh → 401 (0ms)
2026-05-03 21:28:18,624 GET /api/auth/me → 401 (5ms)
2026-05-03 21:28:18,689 POST /api/auth/refresh → 401 (0ms)
2026-05-03 21:28:18,757 POST /api/auth/refresh → 401 (0ms)
2026-05-03 21:28:58,863 GET /api/auth/me → 401 (0ms)
2026-05-03 21:28:59,013 POST /api/auth/refresh → 401 (0ms)
2026-05-03 21:28:59,060 POST /api/auth/refresh → 401 (0ms)
2026-05-03 22:02:53,008 GET /api/auth/me → 401 (0ms)
2026-05-03 22:02:53,223 POST /api/auth/refresh → 401 (0ms)
2026-05-03 22:02:53,294 POST /api/auth/refresh → 401 (0ms)
2026-05-04 05:16:53,410 POST /api/landing-chatbot/chat → 500 (346ms)
2026-05-04 05:16:53,607 POST /api/landing-chatbot/chat → 500 (40ms)
2026-05-04 05:17:00,161 POST /api/landing-chatbot/chat → 500 (84ms)
2026-05-04 05:17:04,474 POST /api/landing-chatbot/chat → 500 (54ms)
2026-05-04 05:25:37,761 GET /api/pos/hardware/health → 401 (4ms)
2026-05-04 05:25:37,912 GET /api/super-app/wallet/balance → 401 (4ms)
2026-05-04 05:25:55,538 GET /api/auth/me → 401 (0ms)
2026-05-04 05:25:55,629 POST /api/auth/refresh → 401 (0ms)
2026-05-04 05:25:55,677 POST /api/auth/refresh → 401 (0ms)
2026-05-04 05:28:06,896 POST /api/pos/hardware/cash-drawer/open → 401 (4ms)
2026-05-04 05:28:07,117 POST /api/pos/age-verify → 400 (5ms)
2026-05-04 05:28:07,165 POST /api/pos/age-verify → 400 (6ms)
2026-05-04 05:28:08,268 POST /api/livekit/rooms → 500 (7ms)
2026-05-04 05:28:08,385 POST /api/livekit/token → 500 (5ms)
2026-05-04 05:28:08,440 POST /api/pos/receipts/void → 404 (8ms)
2026-05-04 05:28:45,414 GET /api/auth/me → 401 (0ms)
2026-05-04 05:28:45,464 POST /api/auth/refresh → 401 (0ms)
2026-05-04 05:28:45,517 POST /api/auth/refresh → 401 (0ms)
2026-05-04 05:29:18,428 GET /api/auth/me → 401 (0ms)
2026-05-04 05:29:18,488 POST /api/auth/refresh → 401 (0ms)
2026-05-04 05:29:18,533 POST /api/auth/refresh → 401 (0ms)
2026-05-04 05:29:28,420 POST /api/livekit/rooms → 500 (6ms)
2026-05-04 05:32:35,246 POST /api/pos/hardware/cash-drawer/open → 401 (4ms)
2026-05-04 05:32:35,457 POST /api/pos/age-verify → 400 (5ms)
2026-05-04 05:32:35,505 POST /api/pos/age-verify → 400 (5ms)
2026-05-04 05:32:36,616 POST /api/pos/receipts/void → 404 (6ms)
2026-05-04 05:33:00,661 GET /api/auth/me → 401 (0ms)
2026-05-04 05:33:00,723 POST /api/auth/refresh → 401 (0ms)
2026-05-04 05:33:00,769 POST /api/auth/refresh → 401 (0ms)
2026-05-04 05:33:01,310 GET /api/auth/me → 401 (0ms)
2026-05-04 05:33:01,369 POST /api/auth/refresh → 401 (0ms)
2026-05-04 05:33:01,415 POST /api/auth/refresh → 401 (0ms)
2026-05-04 05:33:03,270 GET /api/auth/me → 401 (0ms)
2026-05-04 05:33:03,313 POST /api/auth/refresh → 401 (0ms)
2026-05-04 05:33:03,359 POST /api/auth/refresh → 401 (0ms)
2026-05-04 05:33:09,880 GET /api/auth/me → 401 (1ms)
2026-05-04 05:33:09,924 POST /api/auth/refresh → 401 (0ms)
2026-05-04 05:33:09,978 POST /api/auth/refresh → 401 (0ms)
2026-05-04 05:34:06,970 GET /api/auth/me → 401 (0ms)
2026-05-04 05:34:07,025 POST /api/auth/refresh → 401 (0ms)
2026-05-04 05:34:07,072 POST /api/auth/refresh → 401 (0ms)
2026-05-04 05:34:07,641 GET /api/auth/me → 401 (0ms)
2026-05-04 05:34:07,689 POST /api/auth/refresh → 401 (0ms)
2026-05-04 05:34:07,736 POST /api/auth/refresh → 401 (0ms)
2026-05-04 05:42:44,884 GET /api/landing-chatbot/analytics → 403 (5ms)
2026-05-04 05:42:44,997 GET /api/landing-chatbot/analytics → 401 (4ms)
2026-05-04 05:42:45,231 GET /api/landing-chatbot/leads/export → 403 (5ms)
2026-05-04 05:42:45,760 POST /api/landing-chatbot/leads/sales-invite → 403 (5ms)
2026-05-04 05:42:46,203 GET /api/livekit/recordings/REC_DOESNOTEXIST/download → 404 (6ms)
2026-05-04 05:42:46,361 POST /api/livekit/rooms/rec-empty-f40ccf/recording/upload → 400 (5ms)
2026-05-04 05:42:46,630 GET /api/landing-chatbot/leads → 403 (5ms)
2026-05-04 05:42:57,025 POST /api/livekit/token → 401 (4ms)
2026-05-04 05:42:57,153 POST /api/pos/hardware/cash-drawer/open → 422 (7ms)
2026-05-04 05:42:57,207 POST /api/pos/hardware/printer/print → 404 (6ms)
2026-05-04 05:42:57,262 GET /api/pos/hardware/scale/weight → 404 (6ms)
2026-05-04 05:42:57,314 POST /api/pos/age-verify → 404 (8ms)
2026-05-04 05:42:57,517 POST /api/pos/receipts/void → 404 (6ms)
2026-05-04 05:42:59,701 GET /api/super-app/wallet/balance → 401 (4ms)
2026-05-04 05:43:00,401 POST /api/pos/hardware/cash-drawer/open → 401 (4ms)
2026-05-04 05:43:00,614 POST /api/pos/age-verify → 400 (5ms)
2026-05-04 05:43:00,670 POST /api/pos/age-verify → 400 (5ms)
2026-05-04 05:43:01,953 POST /api/pos/receipts/void → 404 (6ms)
2026-05-04 05:43:25,161 GET /api/auth/me → 401 (0ms)
2026-05-04 05:43:25,259 POST /api/auth/refresh → 401 (0ms)
2026-05-04 05:43:25,305 POST /api/auth/refresh → 401 (0ms)
2026-05-04 05:44:21,041 GET /api/auth/me → 401 (0ms)
2026-05-04 05:44:21,202 POST /api/auth/refresh → 401 (0ms)
2026-05-04 05:44:21,273 POST /api/auth/refresh → 401 (0ms)
2026-05-04 05:53:44,065 GET /api/auth/me → 401 (0ms)
2026-05-04 05:53:44,298 POST /api/auth/refresh → 401 (0ms)
2026-05-04 05:53:44,524 POST /api/auth/refresh → 401 (0ms)
2026-05-04 05:54:11,377 GET /api/auth/me → 401 (0ms)
2026-05-04 05:54:11,566 POST /api/auth/refresh → 401 (0ms)
2026-05-04 05:54:11,816 POST /api/auth/refresh → 401 (0ms)
2026-05-04 05:54:26,301 POST /api/landing-chatbot/leads/sales-invite → 403 (6ms)
2026-05-04 05:54:36,841 POST /api/landing-chatbot/score-session → 403 (5ms)
2026-05-04 05:54:37,003 GET /api/landing-chatbot/leads/export-csv → 404 (7ms)
2026-05-04 05:54:37,141 GET /api/landing-chatbot/leads/export-csv → 404 (7ms)
2026-05-04 05:54:55,363 POST /api/landing-chatbot/leads/sales-invite → 403 (5ms)
2026-05-04 05:54:56,482 GET /api/auth/me → 401 (1ms)
2026-05-04 05:54:57,375 POST /api/auth/refresh → 401 (5ms)
2026-05-04 05:54:59,277 POST /api/auth/refresh → 401 (4ms)
2026-05-04 05:55:05,136 POST /api/landing-chatbot/score-session → 403 (5ms)
2026-05-04 05:55:05,415 GET /api/landing-chatbot/leads/export → 403 (5ms)
2026-05-04 05:55:09,075 GET /api/landing-chatbot/analytics → 403 (5ms)
2026-05-04 05:55:09,184 GET /api/landing-chatbot/analytics → 401 (4ms)
2026-05-04 05:55:09,396 GET /api/landing-chatbot/leads/export → 403 (5ms)
2026-05-04 05:55:09,951 POST /api/landing-chatbot/leads/sales-invite → 403 (5ms)
2026-05-04 05:55:10,352 GET /api/livekit/recordings/REC_DOESNOTEXIST/download → 404 (6ms)
2026-05-04 05:55:10,541 POST /api/livekit/rooms/rec-empty-9b7ec7/recording/upload → 400 (5ms)
2026-05-04 05:55:10,786 GET /api/landing-chatbot/leads → 403 (5ms)
2026-05-04 05:55:30,099 GET /api/auth/me → 401 (0ms)
2026-05-04 05:55:30,165 POST /api/auth/refresh → 401 (0ms)
2026-05-04 05:55:30,211 POST /api/auth/refresh → 401 (0ms)
2026-05-04 05:56:08,729 GET /api/auth/me → 401 (0ms)
2026-05-04 05:56:08,971 POST /api/auth/refresh → 401 (0ms)
2026-05-04 05:56:09,166 POST /api/auth/refresh → 401 (0ms)
2026-05-04 06:12:08,339 GET /api/auth/me → 401 (0ms)
2026-05-04 06:12:08,538 POST /api/auth/refresh → 401 (0ms)
2026-05-04 06:12:08,766 POST /api/auth/refresh → 401 (0ms)
2026-05-04 06:26:56,378 GET /api/auth/me → 401 (0ms)
2026-05-04 06:26:56,592 POST /api/auth/refresh → 401 (0ms)
2026-05-04 06:26:56,799 POST /api/auth/refresh → 401 (0ms)
2026-05-04 06:28:12,418 GET /api/landing-chatbot/score-history/TEST_iter52_b5b2fbb7af32 → 403 (5ms)
2026-05-04 06:28:12,672 POST /api/landing-chatbot/funnel/track → 400 (4ms)
2026-05-04 06:28:12,727 GET /api/landing-chatbot/analytics/funnel → 403 (5ms)
2026-05-04 06:28:13,092 POST /api/livekit/egress/EGR-FAA009F167DA/stop → 403 (6ms)
2026-05-04 06:28:31,667 POST /api/landing-chatbot/leads/sales-invite → 403 (5ms)
2026-05-04 06:28:41,483 POST /api/landing-chatbot/score-session → 403 (5ms)
2026-05-04 06:28:41,772 GET /api/landing-chatbot/leads/export → 403 (5ms)
2026-05-04 06:28:42,529 GET /api/landing-chatbot/analytics → 403 (5ms)
2026-05-04 06:28:42,636 GET /api/landing-chatbot/analytics → 401 (4ms)
2026-05-04 06:28:42,841 GET /api/landing-chatbot/leads/export → 403 (5ms)
2026-05-04 06:28:43,330 POST /api/landing-chatbot/leads/sales-invite → 403 (5ms)
2026-05-04 06:28:43,774 GET /api/livekit/recordings/REC_DOESNOTEXIST/download → 404 (6ms)
2026-05-04 06:28:43,925 POST /api/livekit/rooms/rec-empty-d4fa53/recording/upload → 400 (5ms)
2026-05-04 06:28:44,177 GET /api/landing-chatbot/leads → 403 (5ms)
2026-05-04 06:29:01,206 POST /api/pos/hardware/cash-drawer/open → 401 (4ms)
2026-05-04 06:29:01,423 POST /api/pos/age-verify → 400 (5ms)
2026-05-04 06:29:01,472 POST /api/pos/age-verify → 400 (5ms)
2026-05-04 06:29:03,333 POST /api/pos/receipts/void → 404 (6ms)
2026-05-04 06:29:03,979 POST /api/livekit/token → 401 (4ms)
2026-05-04 06:29:04,140 POST /api/pos/hardware/printer/print → 404 (6ms)
2026-05-04 06:29:04,190 GET /api/pos/hardware/scale/weight → 404 (6ms)
2026-05-04 06:29:04,238 POST /api/pos/age-verify → 404 (6ms)
2026-05-04 06:29:04,453 POST /api/pos/receipts/void → 404 (7ms)
2026-05-04 06:29:07,570 GET /api/super-app/wallet/balance → 401 (4ms)
2026-05-04 06:29:28,113 GET /api/landing-chatbot/score-history/TEST_iter52_f06fe2ab2f9d → 403 (5ms)
2026-05-04 06:29:28,332 POST /api/landing-chatbot/funnel/track → 400 (4ms)
2026-05-04 06:29:28,385 GET /api/landing-chatbot/analytics/funnel → 403 (5ms)
2026-05-04 06:29:28,739 POST /api/livekit/egress/EGR-1C030F2BE70F/stop → 403 (6ms)
2026-05-04 06:29:48,595 GET /api/auth/me → 401 (0ms)
2026-05-04 06:29:48,669 POST /api/auth/refresh → 401 (0ms)
2026-05-04 06:29:48,749 POST /api/auth/refresh → 401 (0ms)
2026-05-04 06:30:39,582 GET /api/auth/me → 401 (0ms)
2026-05-04 06:30:39,652 POST /api/auth/refresh → 401 (0ms)
2026-05-04 06:30:39,697 POST /api/auth/refresh → 401 (0ms)
2026-05-04 06:30:44,157 GET /api/auth/me → 401 (5ms)
2026-05-04 06:30:44,201 POST /api/auth/refresh → 401 (0ms)
2026-05-04 06:30:44,253 POST /api/auth/refresh → 401 (0ms)
2026-05-04 06:31:33,684 GET /api/auth/me → 401 (0ms)
2026-05-04 06:31:33,737 POST /api/auth/refresh → 401 (0ms)
2026-05-04 06:31:33,791 POST /api/auth/refresh → 401 (0ms)
2026-05-04 06:34:28,795 POST /api/auctions/buy-credits-stripe → 400 (2ms)
2026-05-04 06:34:40,321 GET /api/auth/me → 401 (0ms)
2026-05-04 06:34:40,525 POST /api/auth/refresh → 401 (0ms)
2026-05-04 06:34:40,729 POST /api/auth/refresh → 401 (0ms)
2026-05-04 06:36:34,778 POST /api/auctions/non-existent-id/bid → 404 (7ms)
2026-05-04 06:39:19,013 POST /api/auctions/buy-credits-stripe → 500 (294ms)
2026-05-04 06:40:05,848 POST /api/auctions/bid → 403 (2ms)
2026-05-04 06:40:38,796 GET /api/auth/me → 401 (0ms)
2026-05-04 06:40:38,994 POST /api/auth/refresh → 401 (0ms)
2026-05-04 06:40:39,195 POST /api/auth/refresh → 401 (0ms)
2026-05-04 06:45:47,118 GET /api/auctions/credits-purchase-status/cs_test_invalid → 404 (3ms)
2026-05-04 06:48:25,858 POST /api/auctions/buy-credits-stripe → 400 (2ms)
2026-05-04 06:48:26,146 POST /api/auctions/buy-credits-stripe → 401 (1ms)
2026-05-04 06:48:26,265 GET /api/auctions/credits-purchase-status/cs_test_invalid_xxx → 404 (3ms)
2026-05-04 06:48:26,922 GET /api/auctions/credits-purchase-status/cs_test_x → 401 (1ms)
2026-05-04 06:48:27,581 GET /api/kyc/status → 401 (2ms)
2026-05-04 06:48:56,530 POST /api/kyc/submit → 401 (3ms)
2026-05-04 06:48:57,185 POST /api/kyc/submit → 400 (3ms)
2026-05-04 06:49:10,032 POST /api/auctions/buy-credits-stripe → 400 (2ms)
2026-05-04 06:49:10,218 POST /api/auctions/buy-credits-stripe → 401 (1ms)
2026-05-04 06:49:10,297 GET /api/auctions/credits-purchase-status/cs_test_invalid_xxx → 404 (3ms)
2026-05-04 06:49:10,779 GET /api/auctions/credits-purchase-status/cs_test_x → 401 (1ms)
2026-05-04 06:49:11,387 GET /api/kyc/status → 401 (2ms)
2026-05-04 06:49:11,895 POST /api/kyc/submit → 401 (2ms)
2026-05-04 06:49:11,992 POST /api/kyc/submit → 400 (3ms)
2026-05-04 06:49:18,190 GET /api/landing-chatbot/analytics → 403 (5ms)
2026-05-04 06:49:18,405 GET /api/landing-chatbot/analytics → 401 (4ms)
2026-05-04 06:49:18,839 GET /api/landing-chatbot/leads/export → 403 (5ms)
2026-05-04 06:49:19,555 POST /api/landing-chatbot/leads/sales-invite → 403 (5ms)
2026-05-04 06:49:19,992 GET /api/livekit/recordings/REC_DOESNOTEXIST/download → 404 (5ms)
2026-05-04 06:49:20,147 POST /api/livekit/rooms/rec-empty-2d0eb4/recording/upload → 400 (5ms)
2026-05-04 06:49:20,415 GET /api/landing-chatbot/leads → 403 (5ms)
2026-05-04 06:49:21,603 POST /api/landing-chatbot/leads/sales-invite → 403 (5ms)
2026-05-04 06:49:37,496 POST /api/landing-chatbot/score-session → 403 (5ms)
2026-05-04 06:49:37,747 GET /api/landing-chatbot/leads/export → 403 (5ms)
2026-05-04 06:49:52,004 GET /api/landing-chatbot/score-history/TEST_iter52_7be943159505 → 403 (5ms)
2026-05-04 06:49:52,232 POST /api/landing-chatbot/funnel/track → 400 (4ms)
2026-05-04 06:49:52,294 GET /api/landing-chatbot/analytics/funnel → 403 (5ms)
2026-05-04 06:49:52,659 POST /api/livekit/egress/EGR-C86FE1674D19/stop → 403 (5ms)
2026-05-04 06:50:30,288 GET /api/auth/me → 401 (0ms)
2026-05-04 06:50:30,393 POST /api/auth/refresh → 401 (0ms)
2026-05-04 06:50:30,537 POST /api/auth/refresh → 401 (0ms)
2026-05-04 06:51:35,875 GET /api/auth/me → 401 (0ms)
2026-05-04 06:51:36,017 POST /api/auth/refresh → 401 (0ms)
2026-05-04 06:51:36,102 POST /api/auth/refresh → 401 (0ms)
2026-05-04 06:51:36,613 GET /api/auth/me → 401 (0ms)
2026-05-04 06:51:36,694 POST /api/auth/refresh → 401 (0ms)
2026-05-04 06:51:36,782 POST /api/auth/refresh → 401 (0ms)
2026-05-04 07:00:20,641 GET /api/chat/unread-count → 404 (4ms)
2026-05-04 07:00:29,805 GET /api/auctions/credits-purchase-status/cs_test_fakefake → 404 (50ms)
2026-05-04 07:00:31,806 GET /api/auctions/credits-purchase-status/cs_test_fakefake → 404 (5ms)
2026-05-04 07:00:33,785 GET /api/auctions/credits-purchase-status/cs_test_fakefake → 404 (7ms)
2026-05-04 07:00:35,408 GET /api/auctions/credits-purchase-status/cs_test_fakefake → 404 (3ms)
2026-05-04 07:00:48,595 GET /api/auth/me → 401 (0ms)
2026-05-04 07:00:48,793 POST /api/auth/refresh → 401 (0ms)
2026-05-04 07:00:48,994 POST /api/auth/refresh → 401 (0ms)
2026-05-04 07:01:02,070 GET /api/auth/me → 401 (0ms)
2026-05-04 07:01:02,264 POST /api/auth/refresh → 401 (0ms)
2026-05-04 07:01:02,467 POST /api/auth/refresh → 401 (0ms)
2026-05-04 07:01:28,475 GET /api/auth/me → 401 (0ms)
2026-05-04 07:01:28,707 POST /api/auth/refresh → 401 (0ms)
2026-05-04 07:01:29,036 POST /api/auth/refresh → 401 (0ms)
2026-05-04 07:01:41,767 GET /api/chat/unread-count → 404 (3ms)
2026-05-04 07:03:29,181 GET /api/chat/unread-count → 404 (3ms)
2026-05-04 07:06:21,725 GET /api/auth/me → 401 (0ms)
2026-05-04 07:06:22,584 GET /api/auth/me → 401 (0ms)
2026-05-04 07:06:22,684 POST /api/auth/refresh → 401 (0ms)
2026-05-04 07:06:22,824 POST /api/auth/refresh → 401 (0ms)
2026-05-04 07:07:11,661 GET /api/auth/me → 401 (0ms)
2026-05-04 07:07:11,791 POST /api/auth/refresh → 401 (0ms)
2026-05-04 07:07:11,857 POST /api/auth/refresh → 401 (0ms)
2026-05-04 07:07:12,828 GET /api/auth/me → 401 (0ms)
2026-05-04 07:07:12,882 POST /api/auth/refresh → 401 (0ms)
2026-05-04 07:07:12,939 POST /api/auth/refresh → 401 (0ms)
2026-05-04 07:07:46,954 GET /api/auth/me → 401 (0ms)
2026-05-04 07:07:47,213 POST /api/auth/refresh → 401 (0ms)
2026-05-04 07:07:47,315 POST /api/auth/refresh → 401 (0ms)
2026-05-04 07:07:48,007 GET /api/auth/me → 401 (0ms)
2026-05-04 07:07:48,085 POST /api/auth/refresh → 401 (0ms)
2026-05-04 07:07:48,162 POST /api/auth/refresh → 401 (0ms)
2026-05-04 07:08:07,404 GET /api/chat/unread-count → 404 (3ms)
2026-05-04 07:08:26,379 GET /api/auctions/credits-purchase-status/cs_test_invalid_xyz → 404 (13ms)
2026-05-04 07:08:28,060 GET /api/auctions/credits-purchase-status/cs_test_invalid_xyz → 404 (3ms)
2026-05-04 07:08:29,633 GET /api/auctions/credits-purchase-status/cs_test_invalid_xyz → 404 (3ms)
2026-05-04 07:08:31,232 GET /api/auctions/credits-purchase-status/cs_test_invalid_xyz → 404 (3ms)
2026-05-04 07:08:32,819 GET /api/auctions/credits-purchase-status/cs_test_invalid_xyz → 404 (3ms)
2026-05-04 07:08:34,725 GET /api/auctions/credits-purchase-status/cs_test_invalid_xyz → 404 (3ms)
2026-05-04 07:08:36,321 GET /api/auctions/credits-purchase-status/cs_test_invalid_xyz → 404 (3ms)
2026-05-04 07:08:37,917 GET /api/auctions/credits-purchase-status/cs_test_invalid_xyz → 404 (3ms)
2026-05-04 07:08:39,586 GET /api/auctions/credits-purchase-status/cs_test_invalid_xyz → 404 (2ms)
2026-05-04 07:08:41,191 GET /api/auctions/credits-purchase-status/cs_test_invalid_xyz → 404 (3ms)
2026-05-04 07:08:42,791 GET /api/auctions/credits-purchase-status/cs_test_invalid_xyz → 404 (3ms)
2026-05-04 07:08:44,388 GET /api/auctions/credits-purchase-status/cs_test_invalid_xyz → 404 (2ms)
2026-05-04 07:09:21,867 GET /api/auth/me → 401 (0ms)
2026-05-04 07:09:21,916 POST /api/auth/refresh → 401 (0ms)
2026-05-04 07:09:21,985 POST /api/auth/refresh → 401 (0ms)
2026-05-04 07:09:23,063 GET /api/auth/me → 401 (0ms)
2026-05-04 07:09:23,122 POST /api/auth/refresh → 401 (0ms)
2026-05-04 07:09:23,172 POST /api/auth/refresh → 401 (0ms)
2026-05-04 07:10:39,188 GET /api/auth/me → 401 (4ms)
2026-05-04 07:10:39,245 POST /api/auth/refresh → 401 (0ms)
2026-05-04 07:10:39,332 POST /api/auth/refresh → 401 (0ms)
2026-05-04 07:10:40,313 GET /api/auth/me → 401 (1ms)
2026-05-04 07:10:40,367 POST /api/auth/refresh → 401 (0ms)
2026-05-04 07:10:40,428 POST /api/auth/refresh → 401 (0ms)
2026-05-04 07:11:16,548 GET /api/auth/me → 401 (0ms)
2026-05-04 07:11:16,723 POST /api/auth/refresh → 401 (0ms)
2026-05-04 07:11:16,890 POST /api/auth/refresh → 401 (0ms)
2026-05-04 07:11:17,626 GET /api/auth/me → 401 (0ms)
2026-05-04 07:11:17,721 POST /api/auth/refresh → 401 (0ms)
2026-05-04 07:11:17,865 POST /api/auth/refresh → 401 (0ms)
2026-05-04 07:11:34,504 GET /api/chat/unread-count → 404 (3ms)
2026-05-04 07:51:24,984 GET /api/auth/me → 401 (0ms)
2026-05-04 07:51:25,191 POST /api/auth/refresh → 401 (0ms)
2026-05-04 07:51:25,417 POST /api/auth/refresh → 401 (0ms)
2026-05-04 07:57:25,810 GET /api/auth/me → 401 (1ms)
2026-05-04 07:57:26,007 POST /api/auth/refresh → 401 (0ms)
2026-05-04 07:57:26,222 POST /api/auth/refresh → 401 (0ms)
2026-05-04 07:59:29,036 GET /api/auth/me → 401 (0ms)
2026-05-04 07:59:29,200 POST /api/auth/refresh → 401 (0ms)
2026-05-04 07:59:29,317 POST /api/auth/refresh → 401 (0ms)
2026-05-04 07:59:33,163 GET /api/auth/me → 401 (0ms)
2026-05-04 07:59:33,277 POST /api/auth/refresh → 401 (0ms)
2026-05-04 07:59:33,409 POST /api/auth/refresh → 401 (0ms)
2026-05-04 07:59:37,193 GET /api/auth/me → 401 (0ms)
2026-05-04 07:59:37,298 POST /api/auth/refresh → 401 (0ms)
2026-05-04 07:59:37,423 POST /api/auth/refresh → 401 (0ms)
2026-05-04 07:59:39,491 GET /api/auth/me → 401 (0ms)
2026-05-04 07:59:39,601 POST /api/auth/refresh → 401 (0ms)
2026-05-04 07:59:39,735 POST /api/auth/refresh → 401 (0ms)
2026-05-04 08:10:19,693 GET /api/auth/me → 401 (0ms)
2026-05-04 08:10:19,882 POST /api/auth/refresh → 401 (0ms)
2026-05-04 08:10:20,069 POST /api/auth/refresh → 401 (0ms)
2026-05-04 08:10:53,276 GET /api/auth/me → 401 (0ms)
2026-05-04 08:10:53,400 POST /api/auth/refresh → 401 (0ms)
2026-05-04 08:10:53,452 POST /api/auth/refresh → 401 (0ms)
2026-05-04 08:10:54,069 GET /api/auth/me → 401 (0ms)
2026-05-04 08:10:54,124 POST /api/auth/refresh → 401 (0ms)
2026-05-04 08:10:54,233 POST /api/auth/refresh → 401 (0ms)
2026-05-04 08:10:59,491 GET /api/auth/me → 401 (0ms)
2026-05-04 08:10:59,541 POST /api/auth/refresh → 401 (0ms)
2026-05-04 08:10:59,650 POST /api/auth/refresh → 401 (0ms)
2026-05-04 08:11:03,094 GET /api/auth/me → 401 (0ms)
2026-05-04 08:11:03,145 POST /api/auth/refresh → 401 (0ms)
2026-05-04 08:11:03,256 POST /api/auth/refresh → 401 (0ms)
2026-05-04 08:11:35,949 GET /api/auth/me → 401 (0ms)
2026-05-04 08:11:36,066 POST /api/auth/refresh → 401 (0ms)
2026-05-04 08:11:36,149 POST /api/auth/refresh → 401 (0ms)
2026-05-04 08:11:36,645 GET /api/auth/me → 401 (1ms)
2026-05-04 08:11:36,720 POST /api/auth/refresh → 401 (0ms)
2026-05-04 08:11:37,176 GET /api/auth/me → 401 (0ms)
2026-05-04 08:11:37,252 POST /api/auth/refresh → 401 (0ms)
2026-05-04 08:11:37,322 POST /api/auth/refresh → 401 (0ms)
2026-05-04 08:11:42,271 GET /api/auth/me → 401 (0ms)
2026-05-04 08:11:42,339 POST /api/auth/refresh → 401 (0ms)
2026-05-04 08:11:42,403 POST /api/auth/refresh → 401 (0ms)
2026-05-04 08:11:45,704 GET /api/auth/me → 401 (0ms)
2026-05-04 08:11:45,782 POST /api/auth/refresh → 401 (0ms)
2026-05-04 08:11:45,860 POST /api/auth/refresh → 401 (0ms)
2026-05-04 08:16:25,227 GET /api/auth/me → 401 (0ms)
2026-05-04 08:16:25,432 POST /api/auth/refresh → 401 (0ms)
2026-05-04 08:16:25,628 POST /api/auth/refresh → 401 (0ms)
2026-05-04 08:33:51,430 GET /api/auth/me → 401 (0ms)
2026-05-04 08:33:51,694 POST /api/auth/refresh → 401 (0ms)
2026-05-04 08:54:26,243 GET /api/auth/me → 401 (0ms)
2026-05-04 08:54:26,350 POST /api/auth/refresh → 401 (0ms)
2026-05-04 08:54:26,402 POST /api/auth/refresh → 401 (0ms)
2026-05-04 12:56:24,464 POST /api/landing-chatbot/chat → 500 (1342ms)
2026-05-04 12:56:30,048 POST /api/landing-chatbot/chat → 500 (69ms)
2026-05-04 12:57:44,386 GET /api/auth/me → 401 (0ms)
2026-05-04 12:57:44,489 POST /api/auth/refresh → 401 (0ms)
2026-05-04 12:57:44,538 POST /api/auth/refresh → 401 (0ms)
2026-05-04 12:57:45,020 GET /api/auth/me → 401 (0ms)
2026-05-04 12:57:45,070 POST /api/auth/refresh → 401 (0ms)
2026-05-04 12:57:45,518 GET /api/auth/me → 401 (0ms)
2026-05-04 12:57:45,567 POST /api/auth/refresh → 401 (0ms)
2026-05-04 12:57:45,618 POST /api/auth/refresh → 401 (0ms)
2026-05-04 13:34:09,627 GET /api/auth/me → 401 (0ms)
2026-05-04 13:34:09,753 POST /api/auth/refresh → 401 (0ms)
2026-05-04 13:34:09,802 POST /api/auth/refresh → 401 (0ms)
2026-05-04 15:52:43,382 POST /api/stripe/checkout → 401 (1ms)
2026-05-04 16:08:29,765 GET /api/auth/me → 401 (0ms)
2026-05-04 16:08:29,985 POST /api/auth/refresh → 401 (0ms)
2026-05-04 16:08:30,212 POST /api/auth/refresh → 401 (0ms)
2026-05-04 16:29:35,418 GET /api/auth/me → 401 (0ms)
2026-05-04 16:29:35,639 POST /api/auth/refresh → 401 (0ms)
2026-05-04 16:29:35,875 POST /api/auth/refresh → 401 (0ms)
2026-05-04 17:46:54,170 GET /api/auth/me → 401 (0ms)
2026-05-04 17:46:54,238 POST /api/auth/refresh → 401 (0ms)
2026-05-04 17:46:54,297 POST /api/auth/refresh → 401 (0ms)
2026-05-04 19:17:58,880 GET /api/auth/me → 401 (0ms)
2026-05-04 19:17:59,136 POST /api/auth/refresh → 401 (0ms)
2026-05-04 19:17:59,415 POST /api/auth/refresh → 401 (0ms)
2026-05-04 20:07:57,341 GET /api/auth/me → 401 (0ms)
2026-05-04 20:07:57,582 POST /api/auth/refresh → 401 (0ms)
2026-05-04 20:07:57,784 POST /api/auth/refresh → 401 (0ms)
2026-05-04 20:13:17,719 GET /api/auth/me → 401 (0ms)
2026-05-04 20:13:17,796 POST /api/auth/refresh → 401 (0ms)
2026-05-04 20:13:17,862 POST /api/auth/refresh → 401 (0ms)
2026-05-05 16:16:31,201 GET /api/auth/me → 401 (1ms)
2026-05-05 16:16:31,403 POST /api/auth/refresh → 401 (0ms)
2026-05-05 16:16:31,680 POST /api/auth/refresh → 401 (0ms)
2026-05-05 17:01:43,751 GET /api/auth/me → 401 (0ms)
2026-05-05 17:01:43,817 POST /api/auth/refresh → 401 (0ms)
2026-05-05 17:01:43,889 POST /api/auth/refresh → 401 (0ms)
2026-05-05 20:14:30,380 GET /api/auth/me → 401 (0ms)
2026-05-05 20:14:30,620 POST /api/auth/refresh → 401 (0ms)
2026-05-05 20:14:30,840 POST /api/auth/refresh → 401 (0ms)
2026-05-05 20:43:31,164 GET /api/auth/me → 401 (0ms)
2026-05-05 20:43:31,243 POST /api/auth/refresh → 401 (0ms)
2026-05-05 20:43:31,310 POST /api/auth/refresh → 401 (0ms)
2026-05-06 10:24:29,917 GET /api/auth/me → 401 (0ms)
2026-05-06 10:24:30,172 POST /api/auth/refresh → 401 (0ms)
2026-05-06 10:24:30,453 POST /api/auth/refresh → 401 (0ms)
2026-05-06 10:40:43,804 GET /api/auth/me → 401 (0ms)
2026-05-06 10:40:44,051 POST /api/auth/refresh → 401 (0ms)
2026-05-06 10:40:44,310 POST /api/auth/refresh → 401 (0ms)
2026-05-06 10:42:53,593 GET /api/auth/me → 401 (0ms)
2026-05-06 10:42:53,872 POST /api/auth/refresh → 401 (0ms)
2026-05-06 10:42:54,126 POST /api/auth/refresh → 401 (0ms)
2026-05-06 11:25:27,785 GET /api/auth/me → 401 (0ms)
2026-05-06 11:25:27,885 POST /api/auth/refresh → 401 (0ms)
2026-05-06 11:25:27,959 POST /api/auth/refresh → 401 (0ms)
2026-05-06 12:21:46,107 GET /api/auth/me → 401 (0ms)
2026-05-06 12:21:46,292 POST /api/auth/refresh → 401 (0ms)
2026-05-06 12:21:46,455 POST /api/auth/refresh → 401 (0ms)
2026-05-06 13:01:48,660 GET /api/auth/me → 401 (0ms)
2026-05-06 13:01:48,751 POST /api/auth/refresh → 401 (0ms)
2026-05-06 13:01:49,020 POST /api/auth/refresh → 401 (0ms)
2026-05-06 14:05:09,119 GET /api/auth/me → 401 (0ms)
2026-05-06 14:05:09,286 POST /api/auth/refresh → 401 (0ms)
2026-05-06 14:05:09,459 POST /api/auth/refresh → 401 (0ms)
2026-05-06 14:49:45,452 GET /api/auth/me → 401 (0ms)
2026-05-06 14:49:45,614 POST /api/auth/refresh → 401 (0ms)
2026-05-06 14:49:45,679 POST /api/auth/refresh → 401 (0ms)
2026-05-06 21:13:28,531 GET /api/auth/me → 401 (0ms)
2026-05-06 21:13:28,625 POST /api/auth/refresh → 401 (0ms)
2026-05-06 21:13:28,701 POST /api/auth/refresh → 401 (0ms)
2026-05-07 18:59:50,679 GET /api/auth/me → 401 (1ms)
2026-05-07 18:59:50,861 POST /api/auth/refresh → 401 (0ms)
2026-05-07 18:59:51,087 POST /api/auth/refresh → 401 (0ms)
2026-05-07 19:02:45,901 GET /api/auth/me → 401 (0ms)
2026-05-07 19:02:46,132 POST /api/auth/refresh → 401 (0ms)
2026-05-07 19:02:46,473 POST /api/auth/refresh → 401 (0ms)
2026-05-07 19:03:04,241 GET /api/auth/me → 401 (0ms)
2026-05-07 19:03:04,341 POST /api/auth/refresh → 401 (0ms)
2026-05-07 19:03:04,458 POST /api/auth/refresh → 401 (0ms)
2026-05-07 19:03:18,375 GET /api/auth/me → 401 (0ms)
2026-05-07 19:03:18,478 POST /api/auth/refresh → 401 (0ms)
2026-05-07 19:03:18,552 POST /api/auth/refresh → 401 (0ms)
2026-05-07 19:03:32,557 GET /api/auth/me → 401 (0ms)
2026-05-07 19:03:32,682 POST /api/auth/refresh → 401 (0ms)
2026-05-07 19:03:32,750 POST /api/auth/refresh → 401 (0ms)
2026-05-07 19:06:13,502 POST /api/taxi/driver/onboard → 400 (3ms)
2026-05-07 19:06:13,663 POST /api/taxi/driver/onboard → 422 (2ms)
2026-05-07 19:06:13,818 POST /api/taxi/driver/onboard → 422 (3ms)
2026-05-07 19:06:13,974 POST /api/taxi/driver/onboard → 422 (2ms)
2026-05-07 19:06:14,110 POST /api/taxi/driver/onboard → 422 (2ms)
2026-05-07 19:06:14,241 POST /api/taxi/driver/onboard → 422 (2ms)
2026-05-07 19:06:14,410 POST /api/taxi/driver/onboard → 422 (2ms)
2026-05-07 19:09:37,104 GET /api/auth/me → 401 (0ms)
2026-05-07 19:09:37,178 POST /api/auth/refresh → 401 (0ms)
2026-05-07 19:09:37,324 POST /api/auth/refresh → 401 (0ms)
2026-05-07 19:11:34,455 GET /api/auth/me → 401 (0ms)
2026-05-07 19:11:34,589 POST /api/auth/refresh → 401 (0ms)
2026-05-07 19:11:34,653 POST /api/auth/refresh → 401 (0ms)
2026-05-07 19:12:43,186 GET /api/auth/me → 401 (0ms)
2026-05-07 19:12:43,279 POST /api/auth/refresh → 401 (4ms)
2026-05-07 19:12:43,346 POST /api/auth/refresh → 401 (0ms)
2026-05-07 19:12:52,176 GET /api/auth/me → 401 (0ms)
2026-05-07 19:12:52,254 POST /api/auth/refresh → 401 (0ms)
2026-05-07 19:12:52,319 POST /api/auth/refresh → 401 (0ms)
2026-05-07 19:13:40,936 GET /api/taxi/driver/status → 401 (2ms)
2026-05-07 19:15:21,207 GET /api/auth/me → 401 (0ms)
2026-05-07 19:15:21,375 POST /api/auth/refresh → 401 (0ms)
2026-05-07 19:15:21,447 POST /api/auth/refresh → 401 (0ms)
2026-05-07 19:15:29,988 GET /api/auth/me → 401 (0ms)
2026-05-07 19:15:30,060 POST /api/auth/refresh → 401 (0ms)
2026-05-07 19:15:30,130 POST /api/auth/refresh → 401 (0ms)
2026-05-07 19:20:27,239 GET /api/auth/me → 401 (0ms)
2026-05-07 19:20:27,384 POST /api/auth/refresh → 401 (0ms)
2026-05-07 19:20:27,463 POST /api/auth/refresh → 401 (0ms)
2026-05-07 19:20:27,870 GET /api/auth/me → 401 (0ms)
2026-05-07 19:20:27,873 GET /api/taxi/rides/active → 401 (2ms)
2026-05-07 19:20:27,877 GET /api/group/my-groups → 401 (4ms)
2026-05-07 19:20:27,879 GET /api/taxi/saved-places → 401 (2ms)
2026-05-07 19:20:27,889 GET /api/taxi/driver/status → 401 (2ms)
2026-05-07 19:20:27,942 GET /api/kyc/status → 401 (1ms)
2026-05-07 19:20:27,942 GET /api/auth/me → 401 (0ms)
2026-05-07 19:20:37,870 GET /api/group/my-groups → 401 (4ms)
2026-05-07 19:21:40,705 GET /api/auth/me → 401 (0ms)
2026-05-07 19:21:40,847 POST /api/auth/refresh → 401 (0ms)
2026-05-07 19:21:40,927 POST /api/auth/refresh → 401 (0ms)
2026-05-07 19:21:41,314 GET /api/taxi/driver/status → 401 (2ms)
2026-05-07 19:21:41,317 GET /api/taxi/saved-places → 401 (2ms)
2026-05-07 19:21:41,323 GET /api/group/my-groups → 401 (6ms)
2026-05-07 19:21:41,323 GET /api/auth/me → 401 (6ms)
2026-05-07 19:21:41,323 GET /api/taxi/rides/active → 401 (6ms)
2026-05-07 19:21:41,406 GET /api/auth/me → 401 (0ms)
2026-05-07 19:21:41,409 GET /api/kyc/status → 401 (1ms)
2026-05-07 19:21:47,373 GET /api/auth/me → 401 (0ms)
2026-05-07 19:21:47,429 POST /api/auth/refresh → 401 (0ms)
2026-05-07 19:21:47,501 POST /api/auth/refresh → 401 (0ms)
2026-05-07 19:21:47,868 GET /api/group/my-groups → 401 (4ms)
2026-05-07 19:21:47,871 GET /api/auth/me → 401 (3ms)
2026-05-07 19:21:47,872 GET /api/taxi/rides/active → 401 (3ms)
2026-05-07 19:21:47,877 GET /api/taxi/saved-places → 401 (3ms)
2026-05-07 19:21:47,877 GET /api/taxi/driver/status → 401 (3ms)
2026-05-07 19:21:47,953 GET /api/kyc/status → 401 (2ms)
2026-05-07 19:21:47,953 GET /api/auth/me → 401 (0ms)
2026-05-07 19:21:57,872 GET /api/group/my-groups → 401 (4ms)
2026-05-07 19:22:07,880 GET /api/group/my-groups → 401 (4ms)
2026-05-07 19:23:39,991 GET /api/auth/me → 401 (0ms)
2026-05-07 19:23:40,153 POST /api/auth/refresh → 401 (0ms)
2026-05-07 19:23:40,222 POST /api/auth/refresh → 401 (0ms)
2026-05-07 19:23:40,632 GET /api/group/my-groups → 401 (4ms)
2026-05-07 19:23:40,634 GET /api/auth/me → 401 (1ms)
2026-05-07 19:23:40,638 GET /api/taxi/saved-places → 401 (4ms)
2026-05-07 19:23:40,640 GET /api/taxi/driver/status → 401 (2ms)
2026-05-07 19:23:40,642 GET /api/taxi/rides/active → 401 (2ms)
2026-05-07 19:23:40,718 GET /api/auth/me → 401 (0ms)
2026-05-07 19:23:40,722 GET /api/kyc/status → 401 (2ms)
2026-05-07 19:23:46,654 GET /api/auth/me → 401 (0ms)
2026-05-07 19:23:46,728 POST /api/auth/refresh → 401 (0ms)
2026-05-07 19:23:46,791 POST /api/auth/refresh → 401 (0ms)
2026-05-07 19:23:47,178 GET /api/taxi/saved-places → 401 (2ms)
2026-05-07 19:23:47,181 GET /api/auth/me → 401 (0ms)
2026-05-07 19:23:47,187 GET /api/taxi/rides/active → 401 (2ms)
2026-05-07 19:23:47,195 GET /api/group/my-groups → 401 (5ms)
2026-05-07 19:23:47,195 GET /api/taxi/driver/status → 401 (5ms)
2026-05-07 19:23:47,284 GET /api/auth/me → 401 (0ms)
2026-05-07 19:23:47,288 GET /api/kyc/status → 401 (2ms)
2026-05-07 19:23:57,191 GET /api/group/my-groups → 401 (4ms)
2026-05-07 19:24:48,451 GET /api/auth/me → 401 (0ms)
2026-05-07 19:24:48,589 POST /api/auth/refresh → 401 (0ms)
2026-05-07 19:24:48,665 POST /api/auth/refresh → 401 (0ms)
2026-05-07 19:24:49,066 GET /api/auth/me → 401 (0ms)
2026-05-07 19:24:49,069 GET /api/taxi/saved-places → 401 (3ms)
2026-05-07 19:24:49,076 GET /api/group/my-groups → 401 (7ms)
2026-05-07 19:24:49,077 GET /api/taxi/rides/active → 401 (2ms)
2026-05-07 19:24:49,079 GET /api/taxi/driver/status → 401 (2ms)
2026-05-07 19:24:49,136 GET /api/auth/me → 401 (0ms)
2026-05-07 19:24:49,144 GET /api/kyc/status → 401 (2ms)
2026-05-07 19:24:55,041 GET /api/auth/me → 401 (0ms)
2026-05-07 19:24:55,124 POST /api/auth/refresh → 401 (0ms)
2026-05-07 19:24:55,197 POST /api/auth/refresh → 401 (0ms)
2026-05-07 19:24:55,577 GET /api/taxi/rides/active → 401 (2ms)
2026-05-07 19:24:55,581 GET /api/taxi/saved-places → 401 (2ms)
2026-05-07 19:24:55,586 GET /api/group/my-groups → 401 (4ms)
2026-05-07 19:24:55,586 GET /api/auth/me → 401 (4ms)
2026-05-07 19:24:55,588 GET /api/taxi/driver/status → 401 (2ms)
2026-05-07 19:24:55,650 GET /api/auth/me → 401 (0ms)
2026-05-07 19:24:55,653 GET /api/kyc/status → 401 (2ms)
2026-05-07 19:25:05,585 GET /api/group/my-groups → 401 (4ms)
2026-05-07 19:25:44,101 GET /api/auth/me → 401 (0ms)
2026-05-07 19:25:44,169 POST /api/auth/refresh → 401 (0ms)
2026-05-07 19:25:44,271 POST /api/auth/refresh → 401 (0ms)
2026-05-07 19:25:44,687 GET /api/group/my-groups → 401 (4ms)
2026-05-07 19:25:44,692 GET /api/taxi/driver/status → 401 (4ms)
2026-05-07 19:25:44,692 GET /api/auth/me → 401 (4ms)
2026-05-07 19:25:44,692 GET /api/taxi/rides/active → 401 (4ms)
2026-05-07 19:25:44,701 GET /api/taxi/saved-places → 401 (2ms)
2026-05-07 19:25:44,764 GET /api/kyc/status → 401 (2ms)
2026-05-07 19:25:44,765 GET /api/auth/me → 401 (0ms)
2026-05-07 19:25:49,925 GET /api/auth/me → 401 (0ms)
2026-05-07 19:25:50,002 POST /api/auth/refresh → 401 (0ms)
2026-05-07 19:25:50,062 POST /api/auth/refresh → 401 (0ms)
2026-05-07 19:25:50,445 GET /api/group/my-groups → 401 (4ms)
2026-05-07 19:25:50,448 GET /api/taxi/saved-places → 401 (2ms)
2026-05-07 19:25:50,452 GET /api/taxi/rides/active → 401 (4ms)
2026-05-07 19:25:50,454 GET /api/taxi/driver/status → 401 (2ms)
2026-05-07 19:25:50,454 GET /api/auth/me → 401 (2ms)
2026-05-07 19:25:50,527 GET /api/auth/me → 401 (0ms)
2026-05-07 19:25:50,529 GET /api/kyc/status → 401 (2ms)
2026-05-07 19:26:00,448 GET /api/group/my-groups → 401 (4ms)
2026-05-07 19:28:52,669 GET /api/auth/me → 401 (0ms)
2026-05-07 19:28:52,738 POST /api/auth/refresh → 401 (0ms)
2026-05-07 19:28:52,809 POST /api/auth/refresh → 401 (0ms)
2026-05-07 19:28:53,239 GET /api/auth/me → 401 (4ms)
2026-05-07 19:28:53,240 GET /api/group/my-groups → 401 (5ms)
2026-05-07 19:28:53,244 GET /api/taxi/saved-places → 401 (3ms)
2026-05-07 19:28:53,248 GET /api/taxi/driver/status → 401 (4ms)
2026-05-07 19:28:53,248 GET /api/taxi/rides/active → 401 (4ms)
2026-05-07 19:28:53,310 GET /api/auth/me → 401 (0ms)
2026-05-07 19:28:53,322 GET /api/kyc/status → 401 (2ms)
2026-05-07 19:29:03,251 GET /api/group/my-groups → 401 (4ms)
2026-05-07 19:29:13,240 GET /api/group/my-groups → 401 (4ms)
2026-05-07 19:29:23,241 GET /api/group/my-groups → 401 (4ms)
2026-05-07 20:09:38,982 GET /api/auth/me → 401 (0ms)
2026-05-07 20:09:39,075 POST /api/auth/refresh → 401 (0ms)
2026-05-07 20:09:39,157 POST /api/auth/refresh → 401 (0ms)
2026-05-07 22:07:43,886 GET /api/auth/me → 401 (0ms)
2026-05-07 22:07:44,008 POST /api/auth/refresh → 401 (0ms)
2026-05-07 22:07:44,127 POST /api/auth/refresh → 401 (0ms)
2026-05-07 22:07:44,539 GET /api/taxi/driver/status → 401 (2ms)
2026-05-07 22:07:44,543 GET /api/auth/me → 401 (4ms)
2026-05-07 22:07:44,544 GET /api/taxi/rides/active → 401 (4ms)
2026-05-07 22:07:44,544 GET /api/taxi/saved-places → 401 (4ms)
2026-05-07 22:07:44,600 GET /api/group/my-groups → 401 (4ms)
2026-05-07 22:07:44,610 GET /api/auth/me → 401 (0ms)
2026-05-07 22:07:44,615 GET /api/kyc/status → 401 (1ms)
2026-05-07 22:40:34,036 GET /api/auth/me → 401 (0ms)
2026-05-07 22:40:34,194 POST /api/auth/refresh → 401 (0ms)
2026-05-07 22:40:34,248 POST /api/auth/refresh → 401 (0ms)
2026-05-08 04:34:57,986 GET /api/auth/me → 401 (0ms)
2026-05-08 04:34:58,473 POST /api/auth/refresh → 401 (0ms)
2026-05-08 04:34:58,636 POST /api/auth/refresh → 401 (0ms)
2026-05-08 05:22:36,754 GET /api/auth/me → 401 (0ms)
2026-05-08 05:22:36,845 POST /api/auth/refresh → 401 (0ms)
2026-05-08 05:22:36,933 POST /api/auth/refresh → 401 (0ms)
2026-05-08 09:28:54,438 GET /api/auth/me → 401 (0ms)
2026-05-08 09:28:54,523 POST /api/auth/refresh → 401 (0ms)
2026-05-08 09:28:54,658 POST /api/auth/refresh → 401 (0ms)
2026-05-08 10:46:12,264 GET /api/user/favorite-locations → 404 (7ms)
2026-05-08 10:46:12,345 POST /api/user/favorite-locations → 404 (7ms)
2026-05-08 10:46:12,403 POST /api/user/favorite-locations → 404 (7ms)
2026-05-08 10:46:12,463 GET /api/user/favorite-locations → 404 (7ms)
2026-05-08 10:46:12,523 DELETE /api/user/favorite-locations/fakeid123 → 404 (7ms)
2026-05-08 10:46:46,434 POST /api/taxi/user/favorite-locations → 400 (4ms)
2026-05-08 10:46:46,534 DELETE /api/taxi/user/favorite-locations/fakeid123 → 404 (4ms)
2026-05-08 10:47:37,893 POST /api/taxi/user/favorite-locations → 400 (4ms)
2026-05-08 10:47:37,952 POST /api/taxi/user/favorite-locations → 400 (4ms)
2026-05-08 10:47:38,058 DELETE /api/taxi/user/favorite-locations/fakeid123 → 404 (4ms)
2026-05-08 10:48:24,319 POST /api/taxi/user/favorite-locations → 400 (4ms)
2026-05-08 10:48:24,523 DELETE /api/taxi/user/favorite-locations/fakeid123 → 404 (4ms)
2026-05-08 11:20:15,971 GET /api/auth/me → 401 (0ms)
2026-05-08 11:20:16,148 POST /api/auth/refresh → 401 (0ms)
2026-05-08 11:20:16,321 POST /api/auth/refresh → 401 (0ms)
2026-05-08 11:23:47,221 GET /api/auth/me → 401 (0ms)
2026-05-08 11:23:47,287 POST /api/auth/refresh → 401 (0ms)
2026-05-08 11:23:47,371 POST /api/auth/refresh → 401 (0ms)
2026-05-08 11:23:48,217 GET /api/auth/me → 401 (0ms)
2026-05-08 11:23:48,269 POST /api/auth/refresh → 401 (0ms)
2026-05-08 11:23:48,316 POST /api/auth/refresh → 401 (0ms)
2026-05-08 11:31:10,004 GET /api/auth/me → 401 (0ms)
2026-05-08 11:31:10,179 POST /api/auth/refresh → 401 (0ms)
2026-05-08 11:31:10,706 POST /api/auth/refresh → 401 (0ms)
2026-05-08 12:11:18,754 GET /api/auth/me → 401 (0ms)
2026-05-08 12:11:18,818 POST /api/auth/refresh → 401 (0ms)
2026-05-08 12:11:18,888 POST /api/auth/refresh → 401 (0ms)
2026-05-08 12:27:35,091 GET /api/auth/me → 401 (0ms)
2026-05-08 12:27:35,626 POST /api/auth/refresh → 401 (0ms)
2026-05-08 12:27:35,791 POST /api/auth/refresh → 401 (0ms)
2026-05-08 12:41:31,669 GET /api/wallet/balance → 401 (0ms)
2026-05-08 13:01:30,421 GET /api/auth/me → 401 (4ms)
2026-05-08 13:01:30,677 POST /api/auth/refresh → 401 (0ms)
2026-05-08 13:01:30,856 POST /api/auth/refresh → 401 (0ms)
2026-05-08 13:02:27,200 GET /api/health → 404 (7ms)
2026-05-08 13:02:32,578 GET /api/wallet/lookup-recipient → 401 (0ms)
2026-05-08 13:02:32,684 GET /api/wallet/saved-recipients → 401 (0ms)
2026-05-08 13:03:12,827 GET /api/auth/me → 401 (0ms)
2026-05-08 13:03:13,000 POST /api/auth/refresh → 401 (0ms)
2026-05-08 13:03:13,171 POST /api/auth/refresh → 401 (0ms)
2026-05-08 13:03:55,772 GET /api/wallet/lookup-recipient → 400 (2ms)
2026-05-08 13:04:33,117 GET /api/auth/me → 401 (0ms)
2026-05-08 13:04:33,249 POST /api/auth/refresh → 401 (0ms)
2026-05-08 13:04:33,297 POST /api/auth/refresh → 401 (0ms)
2026-05-08 13:04:33,954 GET /api/auth/me → 401 (0ms)
2026-05-08 13:04:34,028 POST /api/auth/refresh → 401 (0ms)
2026-05-08 13:04:34,107 POST /api/auth/refresh → 401 (0ms)
2026-05-08 13:04:34,222 GET /api/wallet → 401 (0ms)
2026-05-08 13:04:34,353 POST /api/auth/refresh → 401 (0ms)
2026-05-08 13:04:55,151 GET /api/auth/me → 401 (0ms)
2026-05-08 13:04:55,263 POST /api/auth/refresh → 401 (0ms)
2026-05-08 13:04:55,316 POST /api/auth/refresh → 401 (0ms)
2026-05-08 13:04:55,469 GET /api/wallet → 401 (0ms)
2026-05-08 13:04:55,535 POST /api/auth/refresh → 401 (0ms)
2026-05-08 13:04:56,166 GET /api/auth/me → 401 (0ms)
2026-05-08 13:04:56,235 POST /api/auth/refresh → 401 (0ms)
2026-05-08 13:04:56,305 POST /api/auth/refresh → 401 (0ms)
2026-05-08 13:04:56,412 GET /api/wallet → 401 (0ms)
2026-05-08 13:04:56,464 POST /api/auth/refresh → 401 (0ms)
2026-05-08 13:05:43,668 GET /api/auth/me → 401 (0ms)
2026-05-08 13:05:43,839 POST /api/auth/refresh → 401 (0ms)
2026-05-08 13:05:44,008 POST /api/auth/refresh → 401 (0ms)
2026-05-08 13:06:26,514 GET /api/wallet/saved-recipients → 401 (0ms)
2026-05-08 13:07:26,791 GET /api/wallet/lookup-recipient → 404 (2ms)
2026-05-08 13:07:27,912 GET /api/wallet/saved-recipients → 401 (0ms)
2026-05-08 13:07:56,672 GET /api/auth/me → 401 (0ms)
2026-05-08 13:07:56,762 POST /api/auth/refresh → 401 (0ms)
2026-05-08 13:07:56,890 POST /api/auth/refresh → 401 (0ms)
2026-05-08 13:08:33,624 GET /api/auth/me → 401 (0ms)
2026-05-08 13:08:33,714 POST /api/auth/refresh → 401 (0ms)
2026-05-08 13:08:33,810 POST /api/auth/refresh → 401 (0ms)
2026-05-08 13:08:33,986 GET /api/wallet → 401 (0ms)
2026-05-08 13:08:34,053 POST /api/auth/refresh → 401 (0ms)
2026-05-08 13:09:08,977 GET /api/auth/me → 401 (1ms)
2026-05-08 13:09:09,055 POST /api/auth/refresh → 401 (0ms)
2026-05-08 13:09:09,148 POST /api/auth/refresh → 401 (0ms)
2026-05-08 13:09:49,928 GET /api/auth/me → 401 (0ms)
2026-05-08 13:09:50,083 POST /api/auth/refresh → 401 (0ms)
2026-05-08 13:09:50,166 POST /api/auth/refresh → 401 (0ms)
2026-05-08 13:10:46,749 GET /api/auth/me → 401 (0ms)
2026-05-08 13:10:46,903 POST /api/auth/refresh → 401 (0ms)
2026-05-08 13:10:46,965 POST /api/auth/refresh → 401 (0ms)
2026-05-08 13:11:08,729 GET /api/chat/unread-count → 404 (4ms)
2026-05-08 13:12:20,700 GET /api/auth/me → 401 (0ms)
2026-05-08 13:12:20,766 POST /api/auth/refresh → 401 (0ms)
2026-05-08 13:12:20,864 POST /api/auth/refresh → 401 (0ms)
2026-05-08 13:15:52,579 GET /api/auth/me → 401 (0ms)
2026-05-08 13:15:52,752 POST /api/auth/refresh → 401 (0ms)
2026-05-08 13:15:52,817 POST /api/auth/refresh → 401 (0ms)
2026-05-08 13:15:53,448 GET /api/auth/me → 401 (0ms)
2026-05-08 13:15:53,527 POST /api/auth/refresh → 401 (0ms)
2026-05-08 13:15:53,605 POST /api/auth/refresh → 401 (0ms)
2026-05-08 13:16:10,654 GET /api/chat/unread-count → 404 (4ms)
2026-05-08 13:16:10,828 GET /api/user/favorite-locations → 404 (22ms)
2026-05-08 13:16:46,714 GET /api/auth/me → 401 (0ms)
2026-05-08 13:16:46,781 POST /api/auth/refresh → 401 (0ms)
2026-05-08 13:16:46,851 POST /api/auth/refresh → 401 (0ms)
2026-05-08 13:16:47,247 GET /api/auth/me → 401 (0ms)
2026-05-08 13:16:47,252 GET /api/taxi/saved-places → 401 (3ms)
2026-05-08 13:16:47,260 GET /api/group/my-groups → 401 (8ms)
2026-05-08 13:16:47,261 GET /api/taxi/driver/status → 401 (8ms)
2026-05-08 13:16:47,941 GET /api/auth/me → 401 (0ms)
2026-05-08 13:16:48,005 POST /api/auth/refresh → 401 (1ms)
2026-05-08 13:16:48,078 POST /api/auth/refresh → 401 (0ms)
2026-05-08 13:16:48,803 GET /api/auth/me → 401 (0ms)
2026-05-08 13:16:48,975 POST /api/auth/refresh → 401 (0ms)
2026-05-08 13:16:49,154 POST /api/auth/refresh → 401 (0ms)
2026-05-08 13:17:27,413 GET /api/auth/me → 401 (0ms)
2026-05-08 13:17:27,587 POST /api/auth/refresh → 401 (0ms)
2026-05-08 13:17:27,754 POST /api/auth/refresh → 401 (0ms)
2026-05-08 13:17:35,184 GET /api/auth/me → 401 (0ms)
2026-05-08 13:17:35,264 POST /api/auth/refresh → 401 (0ms)
2026-05-08 13:17:35,332 POST /api/auth/refresh → 401 (0ms)
2026-05-08 13:17:35,752 GET /api/auth/me → 401 (0ms)
2026-05-08 13:17:35,757 GET /api/taxi/saved-places → 401 (2ms)
2026-05-08 13:17:36,301 GET /api/auth/me → 401 (0ms)
2026-05-08 13:17:36,375 POST /api/auth/refresh → 401 (0ms)
2026-05-08 13:17:36,452 POST /api/auth/refresh → 401 (0ms)
2026-05-08 13:18:17,284 GET /api/auth/me → 401 (0ms)
2026-05-08 13:18:17,369 POST /api/auth/refresh → 401 (0ms)
2026-05-08 13:18:17,521 POST /api/auth/refresh → 401 (0ms)
2026-05-08 13:18:18,259 GET /api/auth/me → 401 (0ms)
2026-05-08 13:18:18,327 POST /api/auth/refresh → 401 (0ms)
2026-05-08 13:18:18,395 POST /api/auth/refresh → 401 (0ms)
2026-05-08 13:18:32,329 GET /api/chat/unread-count → 404 (44ms)
2026-05-08 13:18:32,330 GET /api/user/favorite-locations → 404 (17ms)
2026-05-08 13:19:12,390 GET /api/auth/me → 401 (0ms)
2026-05-08 13:19:12,553 POST /api/auth/refresh → 401 (0ms)
2026-05-08 13:19:12,635 POST /api/auth/refresh → 401 (0ms)
2026-05-08 13:19:13,096 GET /api/auth/me → 401 (0ms)
2026-05-08 13:19:13,169 POST /api/auth/refresh → 401 (0ms)
2026-05-08 13:19:13,245 POST /api/auth/refresh → 401 (0ms)
2026-05-08 13:19:28,600 GET /api/user/favorite-locations → 404 (46ms)
2026-05-08 13:19:28,619 GET /api/chat/unread-count → 404 (10ms)
2026-05-08 13:20:32,636 GET /api/auth/me → 401 (0ms)
2026-05-08 13:20:32,763 POST /api/auth/refresh → 401 (0ms)
2026-05-08 13:20:32,835 POST /api/auth/refresh → 401 (0ms)
2026-05-08 13:20:33,495 GET /api/auth/me → 401 (0ms)
2026-05-08 13:20:33,574 POST /api/auth/refresh → 401 (0ms)
2026-05-08 13:20:33,698 POST /api/auth/refresh → 401 (0ms)
2026-05-08 13:20:48,946 GET /api/chat/unread-count → 404 (4ms)
2026-05-08 13:20:49,034 GET /api/user/favorite-locations → 404 (11ms)
2026-05-08 13:22:29,726 GET /api/auth/me → 401 (0ms)
2026-05-08 13:22:29,892 POST /api/auth/refresh → 401 (0ms)
2026-05-08 13:22:30,360 GET /api/auth/me → 401 (0ms)
2026-05-08 13:22:30,429 POST /api/auth/refresh → 401 (0ms)
2026-05-08 13:22:30,499 POST /api/auth/refresh → 401 (0ms)
2026-05-08 13:22:49,270 GET /api/chat/unread-count → 404 (4ms)
2026-05-08 13:22:49,411 GET /api/user/favorite-locations → 404 (8ms)
2026-05-08 13:23:37,353 GET /api/auth/me → 401 (0ms)
2026-05-08 13:23:37,501 POST /api/auth/refresh → 401 (0ms)
2026-05-08 13:23:37,573 POST /api/auth/refresh → 401 (0ms)
2026-05-08 13:23:38,012 GET /api/auth/me → 401 (0ms)
2026-05-08 13:23:38,093 POST /api/auth/refresh → 401 (0ms)
2026-05-08 13:23:38,170 POST /api/auth/refresh → 401 (0ms)
2026-05-08 13:23:55,625 GET /api/user/favorite-locations → 404 (15ms)
2026-05-08 13:23:55,635 GET /api/chat/unread-count → 404 (9ms)
2026-05-08 13:25:43,624 GET /api/auth/me → 401 (0ms)
2026-05-08 13:25:43,703 POST /api/auth/refresh → 401 (0ms)
2026-05-08 13:25:43,804 POST /api/auth/refresh → 401 (0ms)
2026-05-08 13:25:44,461 GET /api/auth/me → 401 (0ms)
2026-05-08 13:25:44,524 POST /api/auth/refresh → 401 (0ms)
2026-05-08 13:25:44,604 POST /api/auth/refresh → 401 (0ms)
2026-05-08 13:25:59,004 GET /api/chat/unread-count → 404 (20ms)
2026-05-08 13:25:59,119 GET /api/user/favorite-locations → 404 (15ms)
2026-05-08 13:26:52,917 GET /api/auth/me → 401 (0ms)
2026-05-08 13:26:53,001 POST /api/auth/refresh → 401 (0ms)
2026-05-08 13:26:53,081 POST /api/auth/refresh → 401 (0ms)
2026-05-08 13:26:53,522 GET /api/auth/me → 401 (0ms)
2026-05-08 13:26:53,591 POST /api/auth/refresh → 401 (0ms)
2026-05-08 13:26:53,668 POST /api/auth/refresh → 401 (0ms)
2026-05-08 13:27:07,724 GET /api/user/favorite-locations → 404 (16ms)
2026-05-08 13:27:07,725 GET /api/chat/unread-count → 404 (26ms)
2026-05-08 13:28:07,948 GET /api/auth/me → 401 (0ms)
2026-05-08 13:28:08,099 POST /api/auth/refresh → 401 (0ms)
2026-05-08 13:28:08,160 POST /api/auth/refresh → 401 (0ms)
2026-05-08 13:28:08,816 GET /api/auth/me → 401 (0ms)
2026-05-08 13:28:08,881 POST /api/auth/refresh → 401 (0ms)
2026-05-08 13:28:08,948 POST /api/auth/refresh → 401 (0ms)
2026-05-08 13:28:22,827 GET /api/user/favorite-locations → 404 (19ms)
2026-05-08 13:28:22,828 GET /api/chat/unread-count → 404 (58ms)
2026-05-08 13:28:37,698 GET /api/chat/unread-count → 404 (4ms)
2026-05-08 14:04:22,988 GET /api/auth/me → 401 (0ms)
2026-05-08 14:04:23,600 POST /api/auth/refresh → 401 (0ms)
2026-05-08 14:04:23,872 POST /api/auth/refresh → 401 (0ms)
2026-05-08 14:36:52,293 GET /api/auth/me → 401 (0ms)
2026-05-08 14:36:52,406 POST /api/auth/refresh → 401 (0ms)
2026-05-08 14:36:52,516 POST /api/auth/refresh → 401 (0ms)
2026-05-08 14:44:21,709 GET /api/auth/me → 401 (1ms)
2026-05-08 14:44:21,983 POST /api/auth/refresh → 401 (0ms)
2026-05-08 14:44:22,268 POST /api/auth/refresh → 401 (0ms)
2026-05-09 17:56:26,936 GET /api/auth/me → 401 (0ms)
2026-05-09 17:56:27,104 POST /api/auth/refresh → 401 (0ms)
2026-05-09 17:56:27,273 POST /api/auth/refresh → 401 (0ms)
2026-05-09 17:57:32,538 GET /api/auth/me → 401 (0ms)
2026-05-09 17:57:32,706 POST /api/auth/refresh → 401 (0ms)
2026-05-09 17:57:32,884 POST /api/auth/refresh → 401 (0ms)
2026-05-09 18:08:21,969 GET /api/auth/me → 401 (0ms)
2026-05-09 18:08:22,038 POST /api/auth/refresh → 401 (0ms)
2026-05-09 18:08:22,125 POST /api/auth/refresh → 401 (0ms)
2026-05-09 18:08:22,859 GET /api/auth/me → 401 (0ms)
2026-05-09 18:08:22,910 POST /api/auth/refresh → 401 (0ms)
2026-05-09 18:08:22,958 POST /api/auth/refresh → 401 (0ms)
2026-05-09 18:08:38,239 GET /api/chat/unread-count → 404 (5ms)
2026-05-09 18:08:38,305 GET /api/user/favorite-locations → 404 (10ms)
2026-05-09 18:08:53,097 GET /api/chat/unread-count → 404 (4ms)
2026-05-09 18:17:16,717 GET /api/auth/me → 401 (0ms)
2026-05-09 18:17:16,889 POST /api/auth/refresh → 401 (0ms)
2026-05-09 18:17:17,388 POST /api/auth/refresh → 401 (0ms)
2026-05-09 18:18:06,285 GET /api/auth/me → 401 (0ms)
2026-05-09 18:18:06,456 POST /api/auth/refresh → 401 (0ms)
2026-05-09 18:18:06,625 POST /api/auth/refresh → 401 (0ms)
2026-05-09 18:26:06,657 GET /api/auth/me → 401 (0ms)
2026-05-09 18:26:06,832 POST /api/auth/refresh → 401 (0ms)
2026-05-09 18:26:07,004 POST /api/auth/refresh → 401 (0ms)
2026-05-09 18:26:57,301 GET /api/auth/me → 401 (0ms)
2026-05-09 18:26:57,445 POST /api/auth/refresh → 401 (0ms)
2026-05-09 18:26:57,555 POST /api/auth/refresh → 401 (0ms)
2026-05-09 18:26:58,129 GET /api/auth/me → 401 (0ms)
2026-05-09 18:26:58,187 POST /api/auth/refresh → 401 (0ms)
2026-05-09 18:26:58,252 POST /api/auth/refresh → 401 (0ms)
2026-05-09 18:27:13,544 GET /api/chat/unread-count → 404 (4ms)
2026-05-09 18:27:13,788 GET /api/user/favorite-locations → 404 (14ms)
2026-05-09 18:28:04,526 GET /api/auth/me → 401 (0ms)
2026-05-09 18:28:04,681 POST /api/auth/refresh → 401 (0ms)
2026-05-09 18:28:04,750 POST /api/auth/refresh → 401 (0ms)
2026-05-09 18:28:05,332 GET /api/auth/me → 401 (0ms)
2026-05-09 18:28:05,414 POST /api/auth/refresh → 401 (0ms)
2026-05-09 18:28:05,516 POST /api/auth/refresh → 401 (0ms)
2026-05-09 18:28:21,659 GET /api/chat/unread-count → 404 (4ms)
2026-05-09 18:28:21,783 GET /api/user/favorite-locations → 404 (27ms)
2026-05-09 18:29:03,231 GET /api/auth/me → 401 (0ms)
2026-05-09 18:29:03,407 POST /api/auth/refresh → 401 (0ms)
2026-05-09 18:29:03,589 POST /api/auth/refresh → 401 (0ms)
2026-05-09 18:30:07,120 GET /api/auth/me → 401 (0ms)
2026-05-09 18:30:07,297 POST /api/auth/refresh → 401 (0ms)
2026-05-09 18:30:07,473 POST /api/auth/refresh → 401 (0ms)
2026-05-09 18:32:12,414 GET /api/auth/me → 401 (0ms)
2026-05-09 18:32:12,588 POST /api/auth/refresh → 401 (0ms)
2026-05-09 18:32:19,602 GET /api/auth/me → 401 (0ms)
2026-05-09 18:32:19,749 POST /api/auth/refresh → 401 (0ms)
2026-05-09 18:32:19,840 POST /api/auth/refresh → 401 (0ms)
2026-05-09 18:36:52,163 GET /api/auth/me → 401 (0ms)
2026-05-09 18:36:52,340 POST /api/auth/refresh → 401 (0ms)
2026-05-09 18:36:52,507 POST /api/auth/refresh → 401 (0ms)
2026-05-09 18:40:43,873 GET /api/auth/me → 401 (0ms)
2026-05-09 18:40:44,048 POST /api/auth/refresh → 401 (0ms)
2026-05-09 18:40:44,225 POST /api/auth/refresh → 401 (0ms)
2026-05-09 18:43:55,225 GET /api/auth/me → 401 (0ms)
2026-05-09 18:43:55,392 POST /api/auth/refresh → 401 (0ms)
2026-05-09 18:43:55,557 POST /api/auth/refresh → 401 (0ms)
2026-05-09 20:01:45,517 GET /api/auth/me → 401 (0ms)
2026-05-09 20:01:45,632 POST /api/auth/refresh → 401 (0ms)
2026-05-09 20:01:45,767 POST /api/auth/refresh → 401 (0ms)
2026-05-09 20:41:20,573 GET /api/auth/me → 401 (0ms)
2026-05-09 20:41:20,846 POST /api/auth/refresh → 401 (0ms)
2026-05-09 20:41:21,107 POST /api/auth/refresh → 401 (0ms)
2026-05-09 20:41:24,941 GET /api/group/my-groups → 401 (4ms)
2026-05-09 20:41:24,942 GET /api/auth/me → 401 (1ms)
2026-05-09 20:41:24,944 GET /api/auth/me → 401 (1ms)
2026-05-09 20:41:24,946 GET /api/taxi/saved-places → 401 (2ms)
2026-05-09 20:41:25,007 GET /api/taxi/rides/active → 401 (2ms)
2026-05-09 20:41:25,019 GET /api/user/favorite-locations → 404 (7ms)
2026-05-09 20:41:25,196 GET /api/kyc/status → 401 (2ms)
2026-05-09 20:41:35,207 GET /api/group/my-groups → 401 (4ms)
2026-05-09 20:58:17,553 GET /api/auth/me → 401 (0ms)
2026-05-09 20:58:17,638 POST /api/auth/refresh → 401 (0ms)
2026-05-09 20:58:17,743 POST /api/auth/refresh → 401 (0ms)
2026-05-10 08:50:29,260 GET /api/auth/me → 401 (0ms)
2026-05-10 08:50:29,417 POST /api/auth/refresh → 401 (0ms)
2026-05-10 08:50:29,573 POST /api/auth/refresh → 401 (0ms)
2026-05-10 08:53:40,304 GET /api/auth/me → 401 (6ms)
2026-05-10 08:53:40,555 POST /api/auth/refresh → 401 (0ms)
2026-05-10 08:53:40,707 POST /api/auth/refresh → 401 (0ms)
2026-05-10 08:55:09,623 POST /api/ev/start → 409 (7ms)
2026-05-10 08:56:35,837 POST /api/ev/start → 502 (30032ms)
2026-05-10 08:58:36,597 POST /api/ev/start → 502 (30010ms)
2026-05-10 08:59:53,972 POST /api/ev/start → 409 (8ms)
2026-05-10 09:03:10,350 GET /api/auth/me → 401 (0ms)
2026-05-10 09:03:10,487 POST /api/auth/refresh → 401 (0ms)
2026-05-10 09:03:10,554 POST /api/auth/refresh → 401 (0ms)
2026-05-10 09:03:11,209 GET /api/auth/me → 401 (0ms)
2026-05-10 09:03:11,261 POST /api/auth/refresh → 401 (0ms)
2026-05-10 09:03:11,313 POST /api/auth/refresh → 401 (0ms)
2026-05-10 09:05:04,412 GET /api/auth/me → 401 (0ms)
2026-05-10 09:05:04,468 POST /api/auth/refresh → 401 (0ms)
2026-05-10 09:05:04,519 POST /api/auth/refresh → 401 (0ms)
2026-05-10 09:05:04,974 GET /api/auth/me → 401 (0ms)
2026-05-10 09:05:05,021 POST /api/auth/refresh → 401 (0ms)
2026-05-10 09:05:05,109 POST /api/auth/refresh → 401 (0ms)
2026-05-10 09:06:17,839 GET /api/auth/me → 401 (0ms)
2026-05-10 09:06:17,988 POST /api/auth/refresh → 401 (0ms)
2026-05-10 09:06:18,039 POST /api/auth/refresh → 401 (0ms)
2026-05-10 09:06:18,442 GET /api/auth/me → 401 (0ms)
2026-05-10 09:06:18,490 POST /api/auth/refresh → 401 (0ms)
2026-05-10 09:06:18,538 POST /api/auth/refresh → 401 (0ms)
2026-05-10 09:06:54,132 GET /api/auth/me → 401 (0ms)
2026-05-10 09:06:54,186 POST /api/auth/refresh → 401 (0ms)
2026-05-10 09:06:54,237 POST /api/auth/refresh → 401 (0ms)
2026-05-10 09:06:55,118 GET /api/auth/me → 401 (0ms)
2026-05-10 09:06:55,165 POST /api/auth/refresh → 401 (0ms)
2026-05-10 09:06:55,212 POST /api/auth/refresh → 401 (0ms)
2026-05-10 09:19:31,556 GET /api/auth/me → 401 (0ms)
2026-05-10 09:19:31,724 POST /api/auth/refresh → 401 (0ms)
2026-05-10 09:19:31,995 POST /api/auth/refresh → 401 (0ms)
2026-05-10 09:22:54,380 GET /api/auth/me → 401 (0ms)
2026-05-10 09:22:54,564 POST /api/auth/refresh → 401 (0ms)
2026-05-10 09:22:54,947 GET /api/auth/me → 401 (0ms)
2026-05-10 09:22:55,019 POST /api/auth/refresh → 401 (0ms)
2026-05-10 09:22:55,067 POST /api/auth/refresh → 401 (0ms)
2026-05-10 09:23:16,201 GET /api/ev/operator/me → 404 (14ms)
2026-05-10 09:35:55,963 GET /api/auth/me → 401 (7ms)
2026-05-10 09:35:56,357 POST /api/auth/refresh → 401 (0ms)
2026-05-10 09:35:56,451 POST /api/auth/refresh → 401 (0ms)
2026-05-10 09:36:01,744 GET /api/auth/me → 401 (0ms)
2026-05-10 09:36:01,792 POST /api/auth/refresh → 401 (0ms)
2026-05-10 09:36:01,841 POST /api/auth/refresh → 401 (0ms)
2026-05-10 09:54:51,750 GET /api/ev/history → 401 (4ms)
2026-05-10 09:55:15,218 GET /api/auth/me → 401 (0ms)
2026-05-10 09:55:15,434 POST /api/auth/refresh → 401 (0ms)
2026-05-10 09:55:15,481 POST /api/auth/refresh → 401 (0ms)
2026-05-10 09:55:16,008 GET /api/auth/me → 401 (0ms)
2026-05-10 09:55:16,061 POST /api/auth/refresh → 401 (0ms)
2026-05-10 09:55:16,105 POST /api/auth/refresh → 401 (0ms)
2026-05-10 09:55:18,294 GET /api/auth/me → 401 (0ms)
2026-05-10 09:55:18,343 POST /api/auth/refresh → 401 (0ms)
2026-05-10 09:55:18,393 POST /api/auth/refresh → 401 (0ms)
2026-05-10 09:55:20,233 GET /api/auth/me → 401 (0ms)
2026-05-10 09:55:20,277 POST /api/auth/refresh → 401 (0ms)
2026-05-10 09:55:20,373 POST /api/auth/refresh → 401 (0ms)
2026-05-10 09:55:20,448 GET /api/ev/history → 401 (4ms)
2026-05-10 09:55:38,248 GET /api/ev/history → 401 (4ms)
2026-05-10 10:35:19,123 GET /api/auth/me → 401 (0ms)
2026-05-10 10:35:19,263 POST /api/auth/refresh → 401 (0ms)
2026-05-10 10:35:19,333 POST /api/auth/refresh → 401 (0ms)
2026-05-10 12:21:42,667 GET /api/auth/me → 401 (1ms)
2026-05-10 12:21:42,943 POST /api/auth/refresh → 401 (0ms)
2026-05-10 12:21:43,176 POST /api/auth/refresh → 401 (0ms)
2026-05-10 12:32:14,910 POST /api/ev/start → 409 (7ms)
2026-05-10 12:33:13,179 POST /api/ev/start → 502 (30026ms)
2026-05-10 12:35:39,438 POST /api/ev/start → 409 (8ms)
2026-05-10 12:36:16,522 GET /api/auth/me → 401 (0ms)
2026-05-10 12:36:16,680 POST /api/auth/refresh → 401 (0ms)
2026-05-10 12:36:16,732 POST /api/auth/refresh → 401 (0ms)
2026-05-10 12:36:17,055 GET /api/ev/admin/operators → 401 (6ms)
2026-05-10 12:36:17,076 GET /api/ev/admin/charge-points → 401 (21ms)
2026-05-10 12:36:17,076 GET /api/ev/admin/hardware-vendors → 401 (21ms)
2026-05-10 12:36:17,076 GET /api/ev/admin/sessions → 401 (21ms)
2026-05-10 12:36:17,076 GET /api/ev/admin/tariffs → 401 (21ms)
2026-05-10 12:36:17,076 GET /api/ev/admin/overview → 401 (21ms)
2026-05-10 12:36:17,077 GET /api/ev/admin/payouts → 401 (21ms)
2026-05-10 13:08:20,368 GET /api/auth/me → 401 (0ms)
2026-05-10 13:08:20,507 POST /api/auth/refresh → 401 (0ms)
2026-05-10 13:08:20,560 POST /api/auth/refresh → 401 (0ms)
2026-05-10 14:15:16,882 GET /api/auth/me → 401 (0ms)
2026-05-10 14:15:17,059 POST /api/auth/refresh → 401 (0ms)
2026-05-10 14:15:17,107 POST /api/auth/refresh → 401 (0ms)
2026-05-10 14:15:17,520 GET /api/user/favorite-locations → 404 (27ms)
2026-05-10 14:15:17,523 GET /api/taxi/saved-places → 401 (3ms)
2026-05-10 14:15:17,524 GET /api/auth/me → 401 (1ms)
2026-05-10 14:15:17,535 GET /api/group/my-groups → 401 (10ms)
2026-05-10 14:15:17,541 GET /api/taxi/rides/active → 401 (2ms)
2026-05-10 14:15:17,812 GET /api/auth/me → 401 (2ms)
2026-05-10 14:15:17,812 GET /api/kyc/status → 401 (2ms)
2026-05-10 14:15:18,617 GET /api/chat/unread-count → 404 (3ms)
2026-05-10 14:15:18,745 GET /api/user/favorite-locations → 404 (8ms)
2026-05-10 14:15:40,777 GET /api/auth/me → 401 (0ms)
2026-05-10 14:15:40,838 POST /api/auth/refresh → 401 (0ms)
2026-05-10 14:15:40,900 POST /api/auth/refresh → 401 (0ms)
2026-05-10 14:15:41,284 GET /api/group/my-groups → 401 (4ms)
2026-05-10 14:15:41,317 GET /api/auth/me → 401 (33ms)
2026-05-10 14:15:41,327 GET /api/taxi/rides/active → 401 (10ms)
2026-05-10 14:15:41,327 GET /api/user/favorite-locations → 404 (10ms)
2026-05-10 14:15:41,332 GET /api/taxi/saved-places → 401 (4ms)
2026-05-10 14:15:42,026 GET /api/chat/unread-count → 404 (3ms)
2026-05-10 14:15:42,218 GET /api/user/favorite-locations → 404 (7ms)
2026-05-10 14:52:29,363 GET /api/auth/me → 401 (0ms)
2026-05-10 14:52:29,462 POST /api/auth/refresh → 401 (0ms)
2026-05-10 14:52:29,515 POST /api/auth/refresh → 401 (0ms)
2026-05-10 15:59:11,695 GET /api/auth/me → 401 (0ms)
2026-05-10 15:59:11,849 POST /api/auth/refresh → 401 (0ms)
2026-05-10 15:59:11,903 POST /api/auth/refresh → 401 (0ms)
2026-05-10 15:59:12,294 GET /api/group/my-groups → 401 (4ms)
2026-05-10 15:59:12,297 GET /api/taxi/rides/active → 401 (3ms)
2026-05-10 15:59:12,300 GET /api/taxi/saved-places → 401 (2ms)
2026-05-10 15:59:12,307 GET /api/user/favorite-locations → 404 (7ms)
2026-05-10 15:59:12,354 GET /api/auth/me → 401 (0ms)
2026-05-10 15:59:13,076 GET /api/chat/unread-count → 404 (3ms)
2026-05-10 15:59:13,206 GET /api/user/favorite-locations → 404 (11ms)
2026-05-10 16:38:56,646 GET /api/auth/me → 401 (0ms)
2026-05-10 16:38:56,703 POST /api/auth/refresh → 401 (0ms)
2026-05-10 16:38:56,767 POST /api/auth/refresh → 401 (0ms)
2026-05-10 17:46:50,152 GET /api/auth/me → 401 (0ms)
2026-05-10 17:46:50,275 POST /api/auth/refresh → 401 (0ms)
2026-05-10 17:46:50,353 POST /api/auth/refresh → 401 (0ms)
2026-05-10 21:27:27,970 GET /api/pos/sections → 401 (1ms)
2026-05-10 21:28:14,563 GET /api/pos/me/stores → 404 (8ms)
2026-05-10 21:28:45,060 POST /api/pos/waiters/login → 401 (4ms)
2026-05-10 21:28:45,285 POST /api/pos/bonweiterleitung/dispatch → 404 (4ms)
2026-05-10 21:31:39,401 GET /api/auth/me → 401 (0ms)
2026-05-10 21:31:39,494 POST /api/auth/refresh → 401 (0ms)
2026-05-10 21:31:39,549 POST /api/auth/refresh → 401 (0ms)
2026-05-10 22:04:01,519 GET /api/auth/me → 401 (0ms)
2026-05-10 22:04:01,713 POST /api/auth/refresh → 401 (0ms)
2026-05-10 22:04:01,894 POST /api/auth/refresh → 401 (0ms)
2026-05-10 22:04:17,712 GET /api/auth/me → 401 (0ms)
2026-05-10 22:04:17,875 POST /api/auth/refresh → 401 (0ms)
2026-05-10 22:04:18,042 POST /api/auth/refresh → 401 (0ms)
2026-05-10 22:04:40,047 GET /api/notifications → 404 (8ms)
2026-05-10 22:07:12,482 GET /api/auth/me → 401 (0ms)
2026-05-10 22:07:12,535 POST /api/auth/refresh → 401 (0ms)
2026-05-10 22:07:12,585 POST /api/auth/refresh → 401 (0ms)
2026-05-10 22:07:13,184 GET /api/auth/me → 401 (2ms)
2026-05-10 22:07:13,203 GET /api/taxi/saved-places → 401 (18ms)
2026-05-10 22:07:13,203 GET /api/user/favorite-locations → 404 (18ms)
2026-05-10 22:07:13,203 GET /api/group/my-groups → 401 (18ms)
2026-05-10 22:07:13,203 GET /api/taxi/rides/active → 401 (18ms)
2026-05-10 22:07:13,262 GET /api/auth/me → 401 (2ms)
2026-05-10 22:07:14,047 GET /api/chat/unread-count → 404 (5ms)
2026-05-10 22:07:14,184 GET /api/user/favorite-locations → 404 (20ms)
2026-05-10 22:09:41,098 POST /api/pos/bonweiterleitung/auto-dispatch → 404 (4ms)
2026-05-10 22:44:29,098 GET /api/auth/me → 401 (0ms)
2026-05-10 22:44:29,269 POST /api/auth/refresh → 401 (0ms)
2026-05-10 22:44:29,331 POST /api/auth/refresh → 401 (0ms)
2026-05-11 02:56:43,304 GET /api/auth/me → 401 (0ms)
2026-05-11 02:56:43,381 POST /api/auth/refresh → 401 (0ms)
2026-05-11 02:56:43,474 POST /api/auth/refresh → 401 (0ms)
2026-05-11 02:57:21,898 GET /api/auth/me → 401 (0ms)
2026-05-11 02:57:22,046 POST /api/auth/refresh → 401 (0ms)
2026-05-11 02:57:22,096 POST /api/auth/refresh → 401 (0ms)
2026-05-11 02:58:12,723 GET /api/auth/me → 401 (0ms)
2026-05-11 02:58:12,826 POST /api/auth/refresh → 401 (0ms)
2026-05-11 02:58:12,886 POST /api/auth/refresh → 401 (0ms)
2026-05-11 02:58:38,510 GET /api/auth/me → 401 (0ms)
2026-05-11 02:58:38,560 POST /api/auth/refresh → 401 (0ms)
2026-05-11 02:58:38,611 POST /api/auth/refresh → 401 (0ms)
2026-05-11 02:59:18,236 GET /api/auth/me → 401 (0ms)
2026-05-11 02:59:18,290 POST /api/auth/refresh → 401 (0ms)
2026-05-11 02:59:18,350 POST /api/auth/refresh → 401 (0ms)
2026-05-11 03:00:10,788 GET /api/auth/me → 401 (0ms)
2026-05-11 03:00:10,843 POST /api/auth/refresh → 401 (0ms)
2026-05-11 03:00:10,896 POST /api/auth/refresh → 401 (0ms)
2026-05-11 03:00:53,993 GET /api/auth/me → 401 (0ms)
2026-05-11 03:00:54,045 POST /api/auth/refresh → 401 (0ms)
2026-05-11 03:00:54,095 POST /api/auth/refresh → 401 (0ms)
2026-05-11 03:02:21,489 GET /api/auth/me → 401 (3ms)
2026-05-11 03:02:21,613 POST /api/auth/refresh → 401 (0ms)
2026-05-11 03:02:21,664 POST /api/auth/refresh → 401 (0ms)
2026-05-11 03:04:10,722 GET /api/auth/me → 401 (0ms)
2026-05-11 03:04:10,857 POST /api/auth/refresh → 401 (0ms)
2026-05-11 03:04:10,912 POST /api/auth/refresh → 401 (0ms)
2026-05-11 03:04:43,448 GET /api/auth/me → 401 (0ms)
2026-05-11 03:04:43,513 POST /api/auth/refresh → 401 (0ms)
2026-05-11 03:04:43,564 POST /api/auth/refresh → 401 (0ms)
2026-05-11 03:05:40,730 GET /api/auth/me → 401 (0ms)
2026-05-11 03:05:40,786 POST /api/auth/refresh → 401 (0ms)
2026-05-11 03:05:40,847 POST /api/auth/refresh → 401 (0ms)
2026-05-11 03:44:13,061 GET /api/auth/me → 401 (0ms)
2026-05-11 03:44:13,164 POST /api/auth/refresh → 401 (0ms)
2026-05-11 03:44:13,260 POST /api/auth/refresh → 401 (0ms)
2026-05-11 05:52:56,828 GET /api/auth/me → 401 (0ms)
2026-05-11 05:52:57,007 POST /api/auth/refresh → 401 (0ms)
2026-05-11 05:52:57,207 POST /api/auth/refresh → 401 (0ms)
2026-05-11 05:53:54,731 GET /api/auth/me → 401 (0ms)
2026-05-11 05:53:54,937 POST /api/auth/refresh → 401 (0ms)
2026-05-11 05:53:55,119 POST /api/auth/refresh → 401 (0ms)
2026-05-11 06:05:09,771 GET /api/auth/me → 401 (0ms)
2026-05-11 06:05:09,954 POST /api/auth/refresh → 401 (0ms)
2026-05-11 06:05:10,174 POST /api/auth/refresh → 401 (0ms)
2026-05-11 06:26:25,536 GET /api/auth/me → 401 (0ms)
2026-05-11 06:26:25,719 POST /api/auth/refresh → 401 (0ms)
2026-05-11 06:26:25,899 POST /api/auth/refresh → 401 (0ms)
2026-05-11 06:31:54,378 GET /api/auth/me → 401 (0ms)
2026-05-11 06:31:54,481 POST /api/auth/refresh → 401 (0ms)
2026-05-11 06:31:54,654 POST /api/auth/refresh → 401 (0ms)
2026-05-11 06:31:55,520 GET /api/auth/me → 401 (0ms)
2026-05-11 06:31:55,572 POST /api/auth/refresh → 401 (0ms)
2026-05-11 06:31:55,664 POST /api/auth/refresh → 401 (0ms)
2026-05-11 06:32:40,017 GET /api/auth/me → 401 (0ms)
2026-05-11 06:32:40,207 POST /api/auth/refresh → 401 (0ms)
2026-05-11 06:32:40,777 POST /api/auth/refresh → 401 (0ms)
2026-05-11 06:40:47,535 GET /api/auth/me → 401 (0ms)
2026-05-11 06:40:47,718 POST /api/auth/refresh → 401 (0ms)
2026-05-11 06:40:47,900 POST /api/auth/refresh → 401 (0ms)
2026-05-11 06:44:06,812 GET /api/auth/me → 401 (0ms)
2026-05-11 06:44:06,980 POST /api/auth/refresh → 401 (0ms)
2026-05-11 06:44:07,148 POST /api/auth/refresh → 401 (0ms)
2026-05-11 06:44:22,085 GET /api/auth/me → 401 (0ms)
2026-05-11 06:44:22,271 POST /api/auth/refresh → 401 (0ms)
2026-05-11 06:44:22,440 POST /api/auth/refresh → 401 (0ms)
2026-05-11 06:49:56,019 GET /api/auth/me → 401 (0ms)
2026-05-11 06:49:56,185 POST /api/auth/refresh → 401 (0ms)
2026-05-11 06:49:56,355 POST /api/auth/refresh → 401 (0ms)
2026-05-11 06:52:10,674 GET /api/auth/me → 401 (0ms)
2026-05-11 06:52:10,838 POST /api/auth/refresh → 401 (0ms)
2026-05-11 06:52:11,003 POST /api/auth/refresh → 401 (0ms)
2026-05-11 06:52:20,196 GET /api/auth/me → 401 (0ms)
2026-05-11 06:52:20,376 POST /api/auth/refresh → 401 (0ms)
2026-05-11 06:52:20,553 POST /api/auth/refresh → 401 (0ms)
2026-05-11 07:02:54,823 GET /api/auth/me → 401 (0ms)
2026-05-11 07:02:54,999 POST /api/auth/refresh → 401 (0ms)
2026-05-11 07:02:55,537 POST /api/auth/refresh → 401 (0ms)
2026-05-11 07:11:33,890 GET /api/auth/me → 401 (0ms)
2026-05-11 07:11:34,113 POST /api/auth/refresh → 401 (0ms)
2026-05-11 07:11:34,291 POST /api/auth/refresh → 401 (0ms)
2026-05-11 07:15:26,034 GET /api/auth/me → 401 (0ms)
2026-05-11 07:15:26,098 POST /api/auth/refresh → 401 (0ms)
2026-05-11 07:15:26,770 GET /api/auth/me → 401 (0ms)
2026-05-11 07:15:26,833 POST /api/auth/refresh → 401 (0ms)
2026-05-11 07:15:26,894 POST /api/auth/refresh → 401 (0ms)
2026-05-11 07:15:28,778 GET /api/auth/me → 401 (0ms)
2026-05-11 07:15:28,849 POST /api/auth/refresh → 401 (0ms)
2026-05-11 07:15:28,911 POST /api/auth/refresh → 401 (0ms)
2026-05-11 07:15:29,299 GET /api/auth/me → 401 (0ms)
2026-05-11 07:15:29,304 GET /api/group/my-groups → 401 (4ms)
2026-05-11 07:15:29,359 GET /api/taxi/rides/active → 401 (2ms)
2026-05-11 07:15:29,361 GET /api/auth/me → 401 (0ms)
2026-05-11 07:15:29,371 GET /api/taxi/saved-places → 401 (2ms)
2026-05-11 07:15:29,379 GET /api/user/favorite-locations → 404 (7ms)
2026-05-11 07:15:29,381 GET /api/kyc/status → 401 (1ms)
2026-05-11 07:20:54,114 GET /api/auth/me → 401 (0ms)
2026-05-11 07:20:54,710 POST /api/auth/refresh → 401 (0ms)
2026-05-11 07:20:54,967 POST /api/auth/refresh → 401 (0ms)
2026-05-11 07:22:59,556 GET /api/auth/me → 401 (0ms)
2026-05-11 07:22:59,741 POST /api/auth/refresh → 401 (0ms)
2026-05-11 07:22:59,920 POST /api/auth/refresh → 401 (0ms)
2026-05-11 07:25:22,206 GET /api/auth/me → 401 (0ms)
2026-05-11 07:25:22,380 POST /api/auth/refresh → 401 (0ms)
2026-05-11 07:25:22,561 POST /api/auth/refresh → 401 (0ms)
2026-05-11 07:25:53,283 GET /api/auth/me → 401 (0ms)
2026-05-11 07:25:53,358 POST /api/auth/refresh → 401 (0ms)
2026-05-11 07:25:53,432 POST /api/auth/refresh → 401 (0ms)
2026-05-11 07:25:53,884 GET /api/auth/me → 401 (6ms)
2026-05-11 07:25:53,884 GET /api/group/my-groups → 401 (6ms)
2026-05-11 07:25:53,931 GET /api/taxi/saved-places → 401 (10ms)
2026-05-11 07:25:53,931 GET /api/user/favorite-locations → 404 (8ms)
2026-05-11 07:25:53,937 GET /api/taxi/rides/active → 401 (2ms)
2026-05-11 07:25:53,966 GET /api/kyc/status → 401 (2ms)
2026-05-11 07:25:53,967 GET /api/auth/me → 401 (1ms)
2026-05-11 07:26:20,691 GET /api/auth/me → 401 (0ms)
2026-05-11 07:26:20,752 POST /api/auth/refresh → 401 (0ms)
2026-05-11 07:26:20,822 POST /api/auth/refresh → 401 (0ms)
2026-05-11 07:26:46,637 GET /api/auth/me → 401 (0ms)
2026-05-11 07:26:46,701 POST /api/auth/refresh → 401 (1ms)
2026-05-11 07:26:46,772 POST /api/auth/refresh → 401 (0ms)
2026-05-11 07:27:06,829 GET /api/chat/unread-count → 404 (4ms)
2026-05-11 07:27:06,897 GET /api/user/favorite-locations → 404 (16ms)
2026-05-11 07:27:38,109 GET /api/auth/me → 401 (0ms)
2026-05-11 07:27:38,180 POST /api/auth/refresh → 401 (0ms)
2026-05-11 07:27:38,241 POST /api/auth/refresh → 401 (0ms)
2026-05-11 07:27:38,998 GET /api/auth/me → 401 (0ms)
2026-05-11 07:27:39,061 POST /api/auth/refresh → 401 (0ms)
2026-05-11 07:27:39,119 POST /api/auth/refresh → 401 (0ms)
2026-05-11 07:27:53,177 GET /api/chat/unread-count → 404 (26ms)
2026-05-11 07:27:53,218 GET /api/user/favorite-locations → 404 (31ms)
2026-05-11 07:30:11,248 GET /api/auth/me → 401 (0ms)
2026-05-11 07:30:11,409 POST /api/auth/refresh → 401 (0ms)
2026-05-11 07:30:11,590 POST /api/auth/refresh → 401 (0ms)
2026-05-11 07:34:03,637 GET /api/auth/me → 401 (0ms)
2026-05-11 07:34:03,817 POST /api/auth/refresh → 401 (0ms)
2026-05-11 07:34:03,981 POST /api/auth/refresh → 401 (0ms)
2026-05-11 07:38:02,379 GET /api/auth/me → 401 (0ms)
2026-05-11 07:38:02,462 POST /api/auth/refresh → 401 (0ms)
2026-05-11 07:38:02,526 POST /api/auth/refresh → 401 (0ms)
2026-05-11 07:40:01,760 GET /api/auth/me → 401 (0ms)
2026-05-11 07:40:01,828 POST /api/auth/refresh → 401 (0ms)
2026-05-11 07:40:01,879 POST /api/auth/refresh → 401 (0ms)
2026-05-11 07:40:17,039 GET /api/chat/unread-count → 404 (4ms)
2026-05-11 07:40:17,229 GET /api/user/favorite-locations → 404 (13ms)
2026-05-11 07:41:49,119 GET /api/auth/me → 401 (0ms)
2026-05-11 07:41:49,205 POST /api/auth/refresh → 401 (0ms)
2026-05-11 07:41:49,300 POST /api/auth/refresh → 401 (0ms)
2026-05-11 07:41:49,844 GET /api/auth/me → 401 (0ms)
2026-05-11 07:41:49,891 POST /api/auth/refresh → 401 (0ms)
2026-05-11 07:41:49,936 POST /api/auth/refresh → 401 (0ms)
2026-05-11 07:42:03,981 GET /api/chat/unread-count → 404 (5ms)
2026-05-11 07:42:04,118 GET /api/user/favorite-locations → 404 (28ms)
2026-05-11 07:50:47,655 GET /api/auth/me → 401 (0ms)
2026-05-11 07:50:47,824 POST /api/auth/refresh → 401 (0ms)
2026-05-11 07:50:47,992 POST /api/auth/refresh → 401 (0ms)
2026-05-11 08:01:24,583 GET /api/auth/me → 401 (0ms)
2026-05-11 08:01:24,779 POST /api/auth/refresh → 401 (0ms)
2026-05-11 08:01:24,952 POST /api/auth/refresh → 401 (0ms)
2026-05-11 08:09:17,197 GET /api/feature-flags → 404 (4ms)
2026-05-11 08:09:17,203 GET /api/auth/me → 401 (0ms)
2026-05-11 08:09:17,379 POST /api/auth/refresh → 401 (0ms)
2026-05-11 08:09:17,541 POST /api/auth/refresh → 401 (0ms)
2026-05-11 08:09:17,930 GET /api/pro/ads/active → 404 (4ms)
2026-05-11 08:11:29,514 GET /api/auth/me → 401 (0ms)
2026-05-11 08:11:29,534 GET /api/feature-flags → 404 (4ms)
2026-05-11 08:11:29,745 POST /api/auth/refresh → 401 (0ms)
2026-05-11 08:11:30,041 POST /api/auth/refresh → 401 (0ms)
2026-05-11 08:11:30,352 GET /api/pro/ads/active → 404 (4ms)
2026-05-11 08:18:51,997 GET /api/auth/me → 401 (0ms)
2026-05-11 08:18:52,007 GET /api/feature-flags → 404 (4ms)
2026-05-11 08:18:52,196 POST /api/auth/refresh → 401 (0ms)
2026-05-11 08:18:52,383 POST /api/auth/refresh → 401 (0ms)
2026-05-11 08:18:52,785 GET /api/pro/ads/active → 404 (4ms)
2026-05-11 08:23:19,524 GET /api/health → 404 (4ms)
2026-05-11 08:23:19,818 GET /api/ → 404 (4ms)
2026-05-11 08:24:49,956 POST /api/taxi/book → 400 (4ms)
2026-05-11 08:24:59,664 POST /api/taxi/book → 401 (2ms)
2026-05-11 08:29:27,135 GET /api/auth/me → 401 (0ms)
2026-05-11 08:29:27,179 GET /api/feature-flags → 404 (15ms)
2026-05-11 08:29:27,229 POST /api/auth/refresh → 401 (0ms)
2026-05-11 08:29:27,316 POST /api/auth/refresh → 401 (0ms)
2026-05-11 08:29:27,483 GET /api/pro/ads/active → 404 (5ms)
2026-05-11 08:29:36,433 GET /api/pro/ads/active → 404 (7ms)
2026-05-11 08:29:36,490 GET /api/ai/recommendations → 404 (54ms)
2026-05-11 08:29:36,493 GET /api/recommendations/home → 404 (58ms)
2026-05-11 08:29:36,535 GET /api/pro/ads/active → 404 (11ms)
2026-05-11 08:31:01,391 GET /api/feature-flags → 404 (4ms)
2026-05-11 08:31:01,457 GET /api/auth/me → 401 (0ms)
2026-05-11 08:31:01,536 POST /api/auth/refresh → 401 (0ms)
2026-05-11 08:31:01,599 POST /api/auth/refresh → 401 (0ms)
2026-05-11 08:31:02,011 GET /api/group/my-groups → 404 (5ms)
2026-05-11 08:31:02,016 GET /api/taxi/saved-places → 401 (5ms)
2026-05-11 08:31:02,017 GET /api/auth/me → 401 (0ms)
2026-05-11 08:31:02,064 GET /api/taxi/rides/active → 401 (2ms)
2026-05-11 08:31:02,083 GET /api/user/favorite-locations → 404 (4ms)
2026-05-11 08:31:02,087 GET /api/kyc/status → 401 (3ms)
2026-05-11 08:31:02,088 GET /api/auth/me → 401 (0ms)
2026-05-11 08:31:12,006 GET /api/group/my-groups → 404 (4ms)
2026-05-11 08:31:22,006 GET /api/group/my-groups → 404 (4ms)
2026-05-11 08:31:32,004 GET /api/group/my-groups → 404 (4ms)
2026-05-11 08:31:56,549 GET /api/auth/me → 401 (0ms)
2026-05-11 08:31:56,556 GET /api/feature-flags → 404 (4ms)
2026-05-11 08:31:56,707 POST /api/auth/refresh → 401 (0ms)
2026-05-11 08:31:56,912 POST /api/auth/refresh → 401 (0ms)
2026-05-11 08:31:57,147 GET /api/pro/ads/active → 404 (4ms)
2026-05-11 08:33:07,409 GET /api/auth/me → 401 (0ms)
2026-05-11 08:33:07,442 GET /api/feature-flags → 404 (5ms)
2026-05-11 08:33:07,500 POST /api/auth/refresh → 401 (0ms)
2026-05-11 08:33:07,592 POST /api/auth/refresh → 401 (0ms)
2026-05-11 08:33:07,982 GET /api/taxi/saved-places → 401 (9ms)
2026-05-11 08:33:07,982 GET /api/group/my-groups → 404 (5ms)
2026-05-11 08:33:07,983 GET /api/auth/me → 401 (0ms)
2026-05-11 08:33:08,018 GET /api/taxi/rides/active → 401 (19ms)
2026-05-11 08:33:08,028 GET /api/user/favorite-locations → 404 (7ms)
2026-05-11 08:33:08,051 GET /api/auth/me → 401 (0ms)
2026-05-11 08:33:08,056 GET /api/kyc/status → 401 (3ms)
2026-05-11 08:33:17,979 GET /api/group/my-groups → 404 (4ms)
2026-05-11 08:33:27,972 GET /api/group/my-groups → 404 (4ms)
2026-05-11 09:16:14,013 GET /api/feature-flags → 404 (4ms)
2026-05-11 09:16:14,076 GET /api/auth/me → 401 (0ms)
2026-05-11 09:16:14,212 POST /api/auth/refresh → 401 (0ms)
2026-05-11 09:16:14,268 POST /api/auth/refresh → 401 (0ms)
2026-05-11 09:16:14,430 GET /api/pro/ads/active → 404 (4ms)
2026-05-11 09:42:51,284 GET /api/feature-flags → 404 (5ms)
2026-05-11 09:42:51,289 GET /api/auth/me → 401 (0ms)
2026-05-11 09:42:51,478 POST /api/auth/refresh → 401 (0ms)
2026-05-11 09:42:51,671 POST /api/auth/refresh → 401 (0ms)
2026-05-11 09:42:52,032 GET /api/pro/ads/active → 404 (4ms)
2026-05-11 09:43:03,252 GET /api/auth/me → 401 (5ms)
2026-05-11 09:43:03,252 GET /api/feature-flags → 404 (5ms)
2026-05-11 09:43:03,436 POST /api/auth/refresh → 401 (0ms)
2026-05-11 09:43:03,641 POST /api/auth/refresh → 401 (0ms)
2026-05-11 09:43:03,908 GET /api/pro/ads/active → 404 (4ms)
2026-05-11 09:45:19,889 GET /api/feature-flags → 404 (4ms)
2026-05-11 09:45:19,914 GET /api/auth/me → 401 (0ms)
2026-05-11 09:45:20,051 POST /api/auth/refresh → 401 (0ms)
2026-05-11 09:45:20,128 POST /api/auth/refresh → 401 (0ms)
2026-05-11 09:45:20,300 GET /api/pro/ads/active → 404 (5ms)
2026-05-11 09:45:26,523 GET /api/pro/ads/active → 404 (4ms)
2026-05-11 09:45:26,563 GET /api/recommendations/home → 404 (12ms)
2026-05-11 09:45:26,641 GET /api/ai/recommendations → 404 (79ms)
2026-05-11 09:45:26,661 GET /api/pro/ads/active → 404 (7ms)
2026-05-11 09:45:30,663 GET /api/feature-flags → 404 (5ms)
2026-05-11 09:45:30,856 GET /api/recommendations/home → 404 (8ms)
2026-05-11 09:45:30,856 GET /api/ai/recommendations → 404 (8ms)
2026-05-11 09:45:30,861 GET /api/pro/ads/active → 404 (5ms)
2026-05-11 09:45:30,964 GET /api/pro/ads/active → 404 (4ms)
2026-05-11 09:45:38,090 GET /api/feature-flags → 404 (4ms)
2026-05-11 09:45:38,252 GET /api/pro/ads/active → 404 (29ms)
2026-05-11 09:45:38,252 GET /api/recommendations/home → 404 (30ms)
2026-05-11 09:45:38,274 GET /api/ai/recommendations → 404 (13ms)
2026-05-11 09:45:38,321 GET /api/pro/ads/active → 404 (21ms)
2026-05-11 09:45:39,133 GET /api/feature-flags → 404 (4ms)
2026-05-11 09:45:39,294 GET /api/chat/unread-count → 404 (4ms)
2026-05-11 09:45:39,527 GET /api/group/my-groups → 404 (8ms)
2026-05-11 09:45:39,546 GET /api/user/favorite-locations → 404 (7ms)
2026-05-11 09:45:50,266 GET /api/group/my-groups → 404 (5ms)
2026-05-11 09:45:52,934 GET /api/feature-flags → 404 (4ms)
2026-05-11 09:46:00,640 GET /api/feature-flags → 404 (4ms)
2026-05-11 09:46:01,727 GET /api/feature-flags → 404 (5ms)
2026-05-11 09:46:02,140 GET /api/watchlist/ids → 404 (16ms)
2026-05-11 09:46:16,618 GET /api/feature-flags → 404 (4ms)
2026-05-11 09:46:17,371 GET /api/feature-flags → 404 (4ms)
2026-05-11 09:46:17,540 GET /api/ai/recommendations → 404 (18ms)
2026-05-11 09:46:17,557 GET /api/pro/ads/active → 404 (16ms)
2026-05-11 09:46:17,567 GET /api/recommendations/home → 404 (10ms)
2026-05-11 09:46:17,622 GET /api/pro/ads/active → 404 (4ms)
2026-05-11 09:46:24,648 GET /api/feature-flags → 404 (4ms)
2026-05-11 09:46:24,860 GET /api/pro/ads/active → 404 (10ms)
2026-05-11 09:46:24,860 GET /api/recommendations/home → 404 (10ms)
2026-05-11 09:46:24,875 GET /api/ai/recommendations → 404 (10ms)
2026-05-11 09:46:24,959 GET /api/pro/ads/active → 404 (4ms)
2026-05-11 09:46:26,408 GET /api/feature-flags → 404 (4ms)
2026-05-11 09:46:26,429 GET /api/auth/me → 401 (0ms)
2026-05-11 09:46:26,532 POST /api/auth/refresh → 401 (0ms)
2026-05-11 09:46:26,579 POST /api/auth/refresh → 401 (0ms)
2026-05-11 09:46:26,734 GET /api/pro/ads/active → 404 (4ms)
2026-05-11 09:46:33,063 GET /api/pro/ads/active → 404 (6ms)
2026-05-11 09:46:33,076 GET /api/recommendations/home → 404 (10ms)
2026-05-11 09:46:33,122 GET /api/ai/recommendations → 404 (47ms)
2026-05-11 09:46:33,151 GET /api/pro/ads/active → 404 (4ms)
2026-05-11 09:46:37,190 GET /api/feature-flags → 404 (5ms)
2026-05-11 09:46:37,326 GET /api/pro/ads/active → 404 (8ms)
2026-05-11 09:46:37,346 GET /api/recommendations/home → 404 (18ms)
2026-05-11 09:46:37,361 GET /api/ai/recommendations → 404 (16ms)
2026-05-11 09:46:37,446 GET /api/pro/ads/active → 404 (7ms)
2026-05-11 09:46:43,155 GET /api/feature-flags → 404 (5ms)
2026-05-11 09:46:43,319 GET /api/pro/ads/active → 404 (32ms)
2026-05-11 09:46:43,346 GET /api/recommendations/home → 404 (27ms)
2026-05-11 09:46:43,357 GET /api/ai/recommendations → 404 (12ms)
2026-05-11 09:46:43,421 GET /api/pro/ads/active → 404 (25ms)
2026-05-11 09:46:44,411 GET /api/feature-flags → 404 (5ms)
2026-05-11 09:46:44,589 GET /api/chat/unread-count → 404 (3ms)
2026-05-11 09:46:44,827 GET /api/group/my-groups → 404 (9ms)
2026-05-11 09:46:44,841 GET /api/user/favorite-locations → 404 (13ms)
2026-05-11 09:46:54,821 GET /api/group/my-groups → 404 (37ms)
2026-05-11 09:46:57,006 GET /api/feature-flags → 404 (5ms)
2026-05-11 09:47:02,789 GET /api/feature-flags → 404 (5ms)
2026-05-11 09:47:03,793 GET /api/feature-flags → 404 (4ms)
2026-05-11 09:47:04,166 GET /api/watchlist/ids → 404 (5ms)
2026-05-11 09:47:13,145 GET /api/feature-flags → 404 (4ms)
2026-05-11 09:47:13,557 GET /api/watchlist/ids → 404 (14ms)
2026-05-11 09:47:14,654 GET /api/feature-flags → 404 (4ms)
2026-05-11 09:47:14,838 GET /api/pro/ads/active → 404 (48ms)
2026-05-11 09:47:14,838 GET /api/recommendations/home → 404 (48ms)
2026-05-11 09:47:14,852 GET /api/ai/recommendations → 404 (29ms)
2026-05-11 09:47:15,018 GET /api/pro/ads/active → 404 (44ms)
2026-05-11 09:47:26,757 GET /api/auth/me → 401 (0ms)
2026-05-11 09:47:26,850 POST /api/auth/refresh → 401 (0ms)
2026-05-11 09:47:26,894 GET /api/feature-flags → 404 (4ms)
2026-05-11 09:47:26,916 POST /api/auth/refresh → 401 (0ms)
2026-05-11 09:47:27,074 GET /api/pro/ads/active → 404 (4ms)
2026-05-11 09:53:27,206 GET /api/feature-flags → 404 (4ms)
2026-05-11 09:53:27,211 GET /api/auth/me → 401 (0ms)
2026-05-11 09:53:27,372 POST /api/auth/refresh → 401 (0ms)
2026-05-11 09:53:27,545 POST /api/auth/refresh → 401 (0ms)
2026-05-11 09:53:27,930 GET /api/pro/ads/active → 404 (4ms)
2026-05-11 10:07:05,398 GET /api/auth/me → 401 (1ms)
2026-05-11 10:07:05,402 GET /api/feature-flags → 404 (5ms)
2026-05-11 10:07:05,550 POST /api/auth/refresh → 401 (0ms)
2026-05-11 10:07:05,779 POST /api/auth/refresh → 401 (0ms)
2026-05-11 10:07:06,155 GET /api/extras/leaderboard → 404 (5ms)
2026-05-11 10:07:06,559 GET /api/pro/ads/active → 404 (4ms)
2026-05-11 10:07:24,888 GET /api/feature-flags → 404 (4ms)
2026-05-11 10:07:24,889 GET /api/auth/me → 401 (0ms)
2026-05-11 10:07:25,047 POST /api/auth/refresh → 401 (0ms)
2026-05-11 10:07:25,201 POST /api/auth/refresh → 401 (0ms)
2026-05-11 10:07:25,582 GET /api/extras/leaderboard → 404 (4ms)
2026-05-11 10:07:25,905 GET /api/pro/ads/active → 404 (4ms)
2026-05-11 10:09:25,485 GET /api/auth/me → 401 (0ms)
2026-05-11 10:09:25,489 GET /api/feature-flags → 404 (5ms)
2026-05-11 10:09:25,664 POST /api/auth/refresh → 401 (0ms)
2026-05-11 10:09:25,837 POST /api/auth/refresh → 401 (0ms)
2026-05-11 10:09:26,275 GET /api/extras/leaderboard → 404 (4ms)
2026-05-11 10:09:26,570 GET /api/pro/ads/active → 404 (4ms)
2026-05-11 10:13:44,964 GET /api/feature-flags → 404 (4ms)
2026-05-11 10:13:44,965 GET /api/auth/me → 401 (0ms)
2026-05-11 10:13:45,124 POST /api/auth/refresh → 401 (0ms)
2026-05-11 10:13:45,292 POST /api/auth/refresh → 401 (0ms)
2026-05-11 10:13:45,645 GET /api/pro/ads/active → 404 (4ms)
2026-05-11 10:13:45,657 GET /api/extras/leaderboard → 404 (4ms)
2026-05-11 10:13:48,137 GET /api/auth/me → 401 (0ms)
2026-05-11 10:13:48,147 GET /api/feature-flags → 404 (4ms)
2026-05-11 10:13:48,324 POST /api/auth/refresh → 401 (0ms)
2026-05-11 10:13:48,483 POST /api/auth/refresh → 401 (0ms)
2026-05-11 10:13:48,915 GET /api/extras/leaderboard → 404 (4ms)
2026-05-11 10:13:49,248 GET /api/pro/ads/active → 404 (4ms)
2026-05-11 10:44:25,995 GET /api/feature-flags → 404 (4ms)
2026-05-11 10:44:25,999 GET /api/auth/me → 401 (0ms)
2026-05-11 10:44:26,173 POST /api/auth/refresh → 401 (0ms)
2026-05-11 10:44:26,344 POST /api/auth/refresh → 401 (0ms)
2026-05-11 10:44:26,795 GET /api/extras/leaderboard → 404 (5ms)
2026-05-11 10:44:27,182 GET /api/pro/ads/active → 404 (4ms)
2026-05-11 10:51:37,802 GET /api/auth/me → 401 (0ms)
2026-05-11 10:51:37,836 GET /api/feature-flags → 404 (8ms)
2026-05-11 10:51:37,915 POST /api/auth/refresh → 401 (0ms)
2026-05-11 10:51:37,985 POST /api/auth/refresh → 401 (0ms)
2026-05-11 10:51:38,252 GET /api/extras/leaderboard → 404 (4ms)
2026-05-11 10:51:38,541 GET /api/pro/ads/active → 404 (5ms)
2026-05-11 13:18:40,014 GET /api/feature-flags → 404 (5ms)
2026-05-11 13:18:40,079 GET /api/auth/me → 401 (0ms)
2026-05-11 13:18:40,591 GET /api/auth/me → 401 (0ms)
2026-05-11 13:18:40,596 GET /api/feature-flags → 404 (4ms)
2026-05-11 13:18:40,654 POST /api/auth/refresh → 401 (0ms)
2026-05-11 13:18:40,716 POST /api/auth/refresh → 401 (0ms)
2026-05-11 13:18:40,966 GET /api/extras/leaderboard → 404 (4ms)
2026-05-11 13:18:41,257 GET /api/auth/me → 401 (5ms)
2026-05-11 13:18:41,258 GET /api/group/my-groups → 404 (5ms)
2026-05-11 13:18:41,275 GET /api/user/favorite-locations → 404 (7ms)
2026-05-11 13:18:41,275 GET /api/taxi/saved-places → 401 (7ms)
2026-05-11 13:18:41,275 GET /api/taxi/rides/active → 401 (7ms)
2026-05-11 13:18:41,324 GET /api/auth/me → 401 (0ms)
2026-05-11 13:18:41,332 GET /api/kyc/status → 401 (2ms)
2026-05-11 13:19:03,445 GET /api/feature-flags → 404 (4ms)
2026-05-11 13:19:03,514 GET /api/auth/me → 401 (0ms)
2026-05-11 13:19:03,867 GET /api/feature-flags → 404 (5ms)
2026-05-11 13:19:03,867 GET /api/auth/me → 401 (0ms)
2026-05-11 13:19:03,932 POST /api/auth/refresh → 401 (0ms)
2026-05-11 13:19:04,018 POST /api/auth/refresh → 401 (0ms)
2026-05-11 13:19:04,272 GET /api/extras/leaderboard → 404 (4ms)
2026-05-11 13:19:04,551 GET /api/auth/me → 401 (0ms)
2026-05-11 13:19:04,556 GET /api/taxi/saved-places → 401 (2ms)
2026-05-11 13:19:04,558 GET /api/taxi/rides/active → 401 (2ms)
2026-05-11 13:19:04,564 GET /api/group/my-groups → 404 (6ms)
2026-05-11 13:19:04,610 GET /api/user/favorite-locations → 404 (4ms)
2026-05-11 13:19:04,625 GET /api/kyc/status → 401 (2ms)
2026-05-11 13:19:04,626 GET /api/auth/me → 401 (0ms)
2026-05-11 13:37:39,765 GET /api/auth/me → 401 (0ms)
2026-05-11 13:37:39,770 GET /api/feature-flags → 404 (4ms)
2026-05-11 13:37:39,970 POST /api/auth/refresh → 401 (0ms)
2026-05-11 13:37:40,146 POST /api/auth/refresh → 401 (0ms)
2026-05-11 13:37:40,579 GET /api/extras/leaderboard → 404 (4ms)
2026-05-11 13:37:40,979 GET /api/pro/ads/active → 404 (4ms)
2026-05-11 13:40:35,800 GET /api/feature-flags → 404 (4ms)
2026-05-11 13:40:35,858 GET /api/auth/me → 401 (0ms)
2026-05-11 13:40:35,949 POST /api/auth/refresh → 401 (0ms)
2026-05-11 13:40:36,284 GET /api/auth/me → 401 (0ms)
2026-05-11 13:40:36,290 GET /api/feature-flags → 404 (4ms)
2026-05-11 13:40:36,349 POST /api/auth/refresh → 401 (1ms)
2026-05-11 13:40:36,450 POST /api/auth/refresh → 401 (0ms)
2026-05-11 13:40:36,688 GET /api/extras/leaderboard → 404 (4ms)
2026-05-11 13:40:36,967 GET /api/auth/me → 401 (0ms)
2026-05-11 13:40:36,979 GET /api/group/my-groups → 404 (7ms)
2026-05-11 13:40:36,979 GET /api/taxi/rides/active → 401 (7ms)
2026-05-11 13:40:36,984 GET /api/user/favorite-locations → 404 (4ms)
2026-05-11 13:40:37,027 GET /api/auth/me → 401 (0ms)
2026-05-11 13:40:37,031 GET /api/kyc/status → 401 (2ms)
2026-05-11 13:40:37,039 GET /api/taxi/saved-places → 401 (2ms)
2026-05-11 13:40:39,168 GET /api/group/my-groups → 404 (4ms)
2026-05-11 13:40:39,905 GET /api/taxi/rides/history → 401 (2ms)
2026-05-11 13:49:31,891 GET /api/auth/me → 401 (0ms)
2026-05-11 13:49:31,901 GET /api/feature-flags → 404 (4ms)
2026-05-11 13:49:32,077 POST /api/auth/refresh → 401 (0ms)
2026-05-11 13:49:32,252 POST /api/auth/refresh → 401 (0ms)
2026-05-11 13:49:32,705 GET /api/extras/leaderboard → 404 (4ms)
2026-05-11 13:49:33,184 GET /api/pro/ads/active → 404 (4ms)
2026-05-11 13:53:49,687 GET /api/feature-flags → 404 (4ms)
2026-05-11 13:53:49,794 GET /api/auth/me → 401 (0ms)
2026-05-11 13:53:49,866 POST /api/auth/refresh → 401 (0ms)
2026-05-11 13:53:50,169 GET /api/feature-flags → 404 (4ms)
2026-05-11 13:53:50,170 GET /api/auth/me → 401 (0ms)
2026-05-11 13:53:50,241 POST /api/auth/refresh → 401 (0ms)
2026-05-11 13:53:50,314 POST /api/auth/refresh → 401 (0ms)
2026-05-11 13:53:50,581 GET /api/extras/leaderboard → 404 (9ms)
2026-05-11 13:53:50,851 GET /api/auth/me → 401 (0ms)
2026-05-11 13:53:50,860 GET /api/group/my-groups → 404 (8ms)
2026-05-11 13:53:50,867 GET /api/taxi/rides/active → 401 (7ms)
2026-05-11 13:53:50,913 GET /api/user/favorite-locations → 404 (4ms)
2026-05-11 13:53:50,924 GET /api/auth/me → 401 (0ms)
2026-05-11 13:53:50,926 GET /api/kyc/status → 401 (2ms)
2026-05-11 14:09:20,237 GET /api/auth/me → 401 (0ms)
2026-05-11 14:09:20,319 GET /api/feature-flags → 404 (4ms)
2026-05-11 14:09:20,320 POST /api/auth/refresh → 401 (0ms)
2026-05-11 14:09:20,387 POST /api/auth/refresh → 401 (0ms)
2026-05-11 14:09:20,811 GET /api/feature-flags → 404 (4ms)
2026-05-11 14:09:20,812 GET /api/auth/me → 401 (1ms)
2026-05-11 14:09:20,873 POST /api/auth/refresh → 401 (0ms)
2026-05-11 14:09:20,935 POST /api/auth/refresh → 401 (0ms)
2026-05-11 14:09:21,100 GET /api/extras/leaderboard → 404 (7ms)
2026-05-11 14:09:21,395 GET /api/taxi/rides/active → 401 (4ms)
2026-05-11 14:09:21,396 GET /api/auth/me → 401 (1ms)
2026-05-11 14:09:21,436 GET /api/group/my-groups → 404 (23ms)
2026-05-11 14:09:21,439 GET /api/user/favorite-locations → 404 (10ms)
2026-05-11 14:09:21,469 GET /api/auth/me → 401 (0ms)
2026-05-11 14:09:21,482 GET /api/taxi/saved-places → 401 (2ms)
2026-05-11 14:09:21,510 GET /api/kyc/status → 401 (3ms)
2026-05-11 14:09:31,396 GET /api/group/my-groups → 404 (4ms)
2026-05-11 14:09:31,744 GET /api/group/my-groups → 404 (4ms)
2026-05-11 14:09:32,246 GET /api/taxi/rides/history → 401 (2ms)
2026-05-11 14:11:11,469 GET /api/feature-flags → 404 (10ms)
2026-05-11 14:11:11,515 GET /api/auth/me → 401 (0ms)
2026-05-11 14:11:11,577 POST /api/auth/refresh → 401 (0ms)
2026-05-11 14:11:11,912 GET /api/feature-flags → 404 (4ms)
2026-05-11 14:11:11,913 GET /api/auth/me → 401 (0ms)
2026-05-11 14:11:11,975 POST /api/auth/refresh → 401 (0ms)
2026-05-11 14:11:12,035 POST /api/auth/refresh → 401 (0ms)
2026-05-11 14:11:12,269 GET /api/extras/leaderboard → 404 (4ms)
2026-05-11 14:11:12,550 GET /api/auth/me → 401 (0ms)
2026-05-11 14:11:12,557 GET /api/group/my-groups → 404 (4ms)
2026-05-11 14:11:12,569 GET /api/taxi/rides/active → 401 (2ms)
2026-05-11 14:11:12,615 GET /api/taxi/saved-places → 401 (2ms)
2026-05-11 14:11:12,616 GET /api/auth/me → 401 (1ms)
2026-05-11 14:11:12,620 GET /api/kyc/status → 401 (2ms)
2026-05-11 14:11:12,638 GET /api/user/favorite-locations → 404 (4ms)
2026-05-11 14:46:19,292 GET /api/feature-flags → 404 (4ms)
2026-05-11 14:46:19,343 GET /api/auth/me → 401 (0ms)
2026-05-11 14:46:19,450 POST /api/auth/refresh → 401 (0ms)
2026-05-11 14:46:19,541 POST /api/auth/refresh → 401 (0ms)
2026-05-11 14:46:19,905 GET /api/pro/ads/active → 404 (4ms)
2026-05-11 14:46:19,910 GET /api/extras/leaderboard → 404 (4ms)
2026-05-11 18:13:46,203 GET /api/feature-flags → 404 (9ms)
2026-05-11 18:13:46,238 GET /api/auth/me → 401 (0ms)
2026-05-11 18:13:46,367 POST /api/auth/refresh → 401 (0ms)
2026-05-11 18:13:46,773 GET /api/feature-flags → 404 (4ms)
2026-05-11 18:13:46,775 GET /api/auth/me → 401 (0ms)
2026-05-11 18:13:46,835 POST /api/auth/refresh → 401 (0ms)
2026-05-11 18:13:46,906 POST /api/auth/refresh → 401 (0ms)
2026-05-11 18:13:47,176 GET /api/extras/leaderboard → 404 (4ms)
2026-05-11 18:13:47,462 GET /api/user/favorite-locations → 404 (7ms)
2026-05-11 18:13:47,469 GET /api/group/my-groups → 404 (6ms)
2026-05-11 18:13:47,492 GET /api/taxi/rides/active → 401 (30ms)
2026-05-11 18:13:47,500 GET /api/auth/me → 401 (7ms)
2026-05-11 18:13:47,500 GET /api/taxi/saved-places → 401 (7ms)
2026-05-11 18:13:47,577 GET /api/kyc/status → 401 (2ms)
2026-05-11 18:13:47,579 GET /api/auth/me → 401 (0ms)
2026-05-11 18:52:55,534 GET /api/feature-flags → 404 (4ms)
2026-05-11 18:52:55,560 GET /api/auth/me → 401 (0ms)
2026-05-11 18:52:55,626 POST /api/auth/refresh → 401 (0ms)
2026-05-11 18:52:55,677 POST /api/auth/refresh → 401 (0ms)
2026-05-11 18:52:55,885 GET /api/extras/leaderboard → 404 (5ms)
2026-05-11 18:52:56,179 GET /api/pro/ads/active → 404 (4ms)
2026-05-11 20:30:04,083 GET /api/auth/me → 401 (1ms)
2026-05-11 20:30:04,119 GET /api/feature-flags → 404 (5ms)
2026-05-11 20:30:04,154 POST /api/auth/refresh → 401 (0ms)
2026-05-11 20:30:04,294 POST /api/auth/refresh → 401 (0ms)
2026-05-11 20:30:04,550 GET /api/extras/leaderboard → 404 (23ms)
2026-05-11 20:30:04,819 GET /api/pro/ads/active → 404 (4ms)
2026-05-12 06:06:36,469 GET /api/feature-flags → 404 (4ms)
2026-05-12 06:06:36,488 GET /api/auth/me → 401 (0ms)
2026-05-12 06:06:36,612 POST /api/auth/refresh → 401 (0ms)
2026-05-12 06:06:37,070 GET /api/feature-flags → 404 (4ms)
2026-05-12 06:06:37,071 GET /api/auth/me → 401 (0ms)
2026-05-12 06:06:37,119 POST /api/auth/refresh → 401 (0ms)
2026-05-12 06:06:37,166 POST /api/auth/refresh → 401 (0ms)
2026-05-12 06:06:37,350 GET /api/extras/leaderboard → 404 (4ms)
2026-05-12 06:06:37,638 GET /api/auth/me → 401 (3ms)
2026-05-12 06:06:37,651 GET /api/taxi/rides/active → 401 (11ms)
2026-05-12 06:06:37,651 GET /api/taxi/saved-places → 401 (12ms)
2026-05-12 06:06:37,656 GET /api/user/favorite-locations → 404 (5ms)
2026-05-12 06:06:37,681 GET /api/group/my-groups → 404 (14ms)
2026-05-12 06:06:37,687 GET /api/auth/me → 401 (0ms)
2026-05-12 06:06:37,694 GET /api/kyc/status → 401 (2ms)
2026-05-12 06:09:50,764 GET /api/auth/me → 401 (5ms)
2026-05-12 06:09:50,764 GET /api/feature-flags → 404 (5ms)
2026-05-12 06:09:50,945 POST /api/auth/refresh → 401 (0ms)
2026-05-12 06:09:51,124 POST /api/auth/refresh → 401 (0ms)
2026-05-12 06:09:51,616 GET /api/extras/leaderboard → 404 (4ms)
2026-05-12 06:09:51,994 GET /api/pro/ads/active → 404 (4ms)
2026-05-12 06:15:10,752 GET /api/auth/me → 401 (0ms)
2026-05-12 06:15:10,769 GET /api/feature-flags → 404 (4ms)
2026-05-12 06:15:11,298 POST /api/auth/refresh → 401 (0ms)
2026-05-12 06:15:11,477 POST /api/auth/refresh → 401 (0ms)
2026-05-12 06:15:11,912 GET /api/extras/leaderboard → 404 (4ms)
2026-05-12 06:15:12,299 GET /api/pro/ads/active → 404 (4ms)
2026-05-12 06:16:04,084 GET /api/feature-flags → 404 (4ms)
2026-05-12 06:16:04,085 GET /api/auth/me → 401 (0ms)
2026-05-12 06:16:04,247 POST /api/auth/refresh → 401 (0ms)
2026-05-12 06:16:04,427 POST /api/auth/refresh → 401 (0ms)
2026-05-12 06:16:04,956 GET /api/pro/ads/active → 404 (4ms)
2026-05-12 06:16:04,960 GET /api/extras/leaderboard → 404 (4ms)
2026-05-12 06:16:05,085 GET /api/feature-flags → 404 (4ms)
2026-05-12 06:16:05,086 GET /api/auth/me → 401 (0ms)
2026-05-12 06:16:05,273 POST /api/auth/refresh → 401 (0ms)
2026-05-12 06:16:05,436 POST /api/auth/refresh → 401 (0ms)
2026-05-12 06:16:05,894 GET /api/extras/leaderboard → 404 (4ms)
2026-05-12 06:16:06,193 GET /api/pro/ads/active → 404 (4ms)
2026-05-12 06:16:21,724 GET /api/ai/recommendations → 404 (5ms)
2026-05-12 06:16:21,750 GET /api/pro/ads/active → 404 (5ms)
2026-05-12 06:16:21,763 GET /api/recommendations/home → 404 (8ms)
2026-05-12 06:16:22,174 GET /api/pro/ads/active → 404 (4ms)
2026-05-12 06:16:31,214 GET /api/hotels/properties → 404 (4ms)
2026-05-12 06:16:31,226 GET /api/hotels/my-bookings → 404 (4ms)
2026-05-12 06:16:38,319 GET /api/hotels/my-bookings → 404 (4ms)
2026-05-12 06:16:38,336 GET /api/hotels/properties → 404 (4ms)
2026-05-12 06:16:38,952 GET /api/hotels/properties → 404 (4ms)
2026-05-12 06:16:38,965 GET /api/hotels/my-bookings → 404 (4ms)
2026-05-12 06:16:39,132 GET /api/geo/cities → 404 (4ms)
2026-05-12 06:16:40,228 GET /api/hotels/properties → 404 (4ms)
2026-05-12 06:16:40,240 GET /api/hotels/my-bookings → 404 (4ms)
2026-05-12 06:16:40,399 GET /api/geo/cities → 404 (4ms)
2026-05-12 06:16:41,005 GET /api/hotels/properties → 404 (4ms)
2026-05-12 06:16:41,010 GET /api/hotels/my-bookings → 404 (4ms)
2026-05-12 06:16:41,183 GET /api/geo/cities → 404 (4ms)
2026-05-12 06:16:41,477 GET /api/hotels/my-bookings → 404 (4ms)
2026-05-12 06:16:41,481 GET /api/hotels/properties → 404 (4ms)
2026-05-12 06:16:42,076 GET /api/geo/cities → 404 (4ms)
2026-05-12 06:16:47,435 GET /api/feature-flags → 404 (4ms)
2026-05-12 06:16:47,458 GET /api/auth/me → 401 (0ms)
2026-05-12 06:16:47,560 POST /api/auth/refresh → 401 (0ms)
2026-05-12 06:16:47,611 POST /api/auth/refresh → 401 (0ms)
2026-05-12 06:16:48,047 GET /api/feature-flags → 404 (4ms)
2026-05-12 06:16:48,048 GET /api/auth/me → 401 (0ms)
2026-05-12 06:16:48,097 POST /api/auth/refresh → 401 (0ms)
2026-05-12 06:16:48,145 POST /api/auth/refresh → 401 (0ms)
2026-05-12 06:16:48,281 GET /api/extras/leaderboard → 404 (4ms)
2026-05-12 06:16:48,582 GET /api/group/my-groups → 404 (5ms)
2026-05-12 06:16:48,583 GET /api/auth/me → 401 (1ms)
2026-05-12 06:16:48,591 GET /api/taxi/saved-places → 401 (7ms)
2026-05-12 06:16:48,591 GET /api/taxi/rides/active → 401 (7ms)
2026-05-12 06:16:48,596 GET /api/user/favorite-locations → 404 (4ms)
2026-05-12 06:16:48,631 GET /api/auth/me → 401 (0ms)
2026-05-12 06:16:48,648 GET /api/kyc/status → 401 (2ms)
2026-05-12 06:17:00,026 GET /api/geo/cities → 404 (4ms)
2026-05-12 06:17:01,724 GET /api/notifications → 404 (4ms)
2026-05-12 06:17:01,736 GET /api/driver-dashboard/eligibility → 404 (4ms)
2026-05-12 06:17:31,113 GET /api/notifications → 404 (4ms)
2026-05-12 06:17:31,128 GET /api/driver-dashboard/eligibility → 404 (4ms)
2026-05-12 06:17:34,987 GET /api/recommendations/home → 404 (9ms)
2026-05-12 06:17:34,987 GET /api/pro/ads/active → 404 (10ms)
2026-05-12 06:17:34,998 GET /api/pro/ads/active → 404 (11ms)
2026-05-12 06:17:34,998 GET /api/ai/recommendations → 404 (11ms)
2026-05-12 06:17:37,953 GET /api/chat/unread-count → 404 (3ms)
2026-05-12 06:17:38,101 GET /api/group/my-groups → 404 (5ms)
2026-05-12 06:17:38,109 GET /api/user/favorite-locations → 404 (4ms)
2026-05-12 06:17:50,188 GET /api/feature-flags → 404 (4ms)
2026-05-12 06:17:51,137 GET /api/ai/recommendations → 404 (5ms)
2026-05-12 06:17:51,143 GET /api/recommendations/home → 404 (4ms)
2026-05-12 06:17:51,149 GET /api/pro/ads/active → 404 (6ms)
2026-05-12 06:17:51,156 GET /api/pro/ads/active → 404 (5ms)
2026-05-12 06:17:58,202 GET /api/chat/unread-count → 404 (3ms)
2026-05-12 06:17:59,804 GET /api/group/my-groups → 404 (12ms)
2026-05-12 06:17:59,805 GET /api/user/favorite-locations → 404 (12ms)
2026-05-12 06:18:13,195 GET /api/chat/unread-count → 404 (3ms)
2026-05-12 06:18:22,579 GET /api/user/favorite-locations → 404 (6ms)
2026-05-12 06:18:28,332 GET /api/chat/unread-count → 404 (3ms)
2026-05-12 06:18:42,969 GET /api/feature-flags → 404 (4ms)
2026-05-12 06:18:42,989 GET /api/auth/me → 401 (0ms)
2026-05-12 06:18:43,249 GET /api/chat/unread-count → 404 (30ms)
2026-05-12 06:18:43,622 GET /api/feature-flags → 404 (4ms)
2026-05-12 06:18:43,622 GET /api/auth/me → 401 (0ms)
2026-05-12 06:18:43,672 POST /api/auth/refresh → 401 (0ms)
2026-05-12 06:18:43,718 POST /api/auth/refresh → 401 (0ms)
2026-05-12 06:18:43,896 GET /api/extras/leaderboard → 404 (4ms)
2026-05-12 06:18:44,186 GET /api/auth/me → 401 (0ms)
2026-05-12 06:18:44,194 GET /api/taxi/saved-places → 401 (3ms)
2026-05-12 06:18:44,202 GET /api/group/my-groups → 404 (8ms)
2026-05-12 06:18:44,205 GET /api/taxi/rides/active → 401 (3ms)
2026-05-12 06:18:44,226 GET /api/user/favorite-locations → 404 (6ms)
2026-05-12 06:18:44,247 GET /api/auth/me → 401 (0ms)
2026-05-12 06:18:44,271 GET /api/kyc/status → 401 (3ms)
2026-05-12 06:18:44,661 POST /api/taxi/estimate → 422 (4ms)
2026-05-12 06:18:50,004 POST /api/taxi/estimate → 422 (3ms)
2026-05-12 06:18:58,172 GET /api/chat/unread-count → 404 (3ms)
2026-05-12 06:19:03,890 GET /api/auth/me → 401 (0ms)
2026-05-12 06:19:03,897 GET /api/feature-flags → 404 (4ms)
2026-05-12 06:19:03,970 POST /api/auth/refresh → 401 (0ms)
2026-05-12 06:19:04,045 POST /api/auth/refresh → 401 (0ms)
2026-05-12 06:19:04,380 GET /api/feature-flags → 404 (4ms)
2026-05-12 06:19:04,384 GET /api/auth/me → 401 (0ms)
2026-05-12 06:19:04,480 POST /api/auth/refresh → 401 (0ms)
2026-05-12 06:19:04,533 POST /api/auth/refresh → 401 (0ms)
2026-05-12 06:19:04,698 GET /api/extras/leaderboard → 404 (5ms)
2026-05-12 06:19:04,982 GET /api/auth/me → 401 (0ms)
2026-05-12 06:19:04,996 GET /api/group/my-groups → 404 (5ms)
2026-05-12 06:19:05,001 GET /api/taxi/rides/active → 401 (4ms)
2026-05-12 06:19:05,010 GET /api/taxi/saved-places → 401 (6ms)
2026-05-12 06:19:05,011 GET /api/user/favorite-locations → 404 (6ms)
2026-05-12 06:19:05,035 GET /api/auth/me → 401 (0ms)
2026-05-12 06:19:05,049 GET /api/kyc/status → 401 (3ms)
2026-05-12 06:19:13,269 GET /api/chat/unread-count → 404 (3ms)
2026-05-12 06:19:28,305 GET /api/chat/unread-count → 404 (3ms)
2026-05-12 06:19:46,686 GET /api/feature-flags → 404 (4ms)
2026-05-12 06:19:47,315 GET /api/pro/ads/active → 404 (6ms)
2026-05-12 06:19:47,324 GET /api/pro/ads/active → 404 (8ms)
2026-05-12 06:19:47,324 GET /api/ai/recommendations → 404 (8ms)
2026-05-12 06:19:47,338 GET /api/recommendations/home → 404 (4ms)
2026-05-12 06:20:51,284 GET /api/feature-flags → 404 (5ms)
2026-05-12 06:20:51,285 GET /api/auth/me → 401 (0ms)
2026-05-12 06:20:51,353 POST /api/auth/refresh → 401 (0ms)
2026-05-12 06:20:51,438 POST /api/auth/refresh → 401 (0ms)
2026-05-12 06:20:51,736 GET /api/feature-flags → 404 (5ms)
2026-05-12 06:20:51,737 GET /api/auth/me → 401 (0ms)
2026-05-12 06:20:51,786 POST /api/auth/refresh → 401 (0ms)
2026-05-12 06:20:51,834 POST /api/auth/refresh → 401 (0ms)
2026-05-12 06:20:51,972 GET /api/extras/leaderboard → 404 (4ms)
2026-05-12 06:20:52,264 GET /api/auth/me → 401 (0ms)
2026-05-12 06:20:52,273 GET /api/group/my-groups → 404 (5ms)
2026-05-12 06:20:52,283 GET /api/taxi/saved-places → 401 (11ms)
2026-05-12 06:20:52,290 GET /api/user/favorite-locations → 404 (6ms)
2026-05-12 06:20:52,291 GET /api/taxi/rides/active → 401 (6ms)
2026-05-12 06:20:52,316 GET /api/auth/me → 401 (0ms)
2026-05-12 06:20:52,347 GET /api/kyc/status → 401 (30ms)
2026-05-12 06:23:55,316 GET /api/feature-flags → 404 (4ms)
2026-05-12 06:23:55,320 GET /api/auth/me → 401 (0ms)
2026-05-12 06:23:55,435 POST /api/auth/refresh → 401 (0ms)
2026-05-12 06:23:55,489 POST /api/auth/refresh → 401 (0ms)
2026-05-12 06:23:55,908 GET /api/auth/me → 401 (0ms)
2026-05-12 06:23:55,919 GET /api/user/favorite-locations → 404 (5ms)
2026-05-12 06:23:55,924 GET /api/group/my-groups → 404 (5ms)
2026-05-12 06:23:55,928 GET /api/taxi/rides/active → 401 (3ms)
2026-05-12 06:23:55,947 GET /api/taxi/saved-places → 401 (20ms)
2026-05-12 06:23:55,947 GET /api/extras/leaderboard → 404 (20ms)
2026-05-12 06:23:55,979 GET /api/auth/me → 401 (1ms)
2026-05-12 06:23:56,047 GET /api/kyc/status → 401 (24ms)
2026-05-12 06:23:56,365 GET /api/auth/me → 401 (0ms)
2026-05-12 06:23:56,369 GET /api/feature-flags → 404 (5ms)
2026-05-12 06:23:56,416 POST /api/auth/refresh → 401 (0ms)
2026-05-12 06:23:56,462 POST /api/auth/refresh → 401 (0ms)
2026-05-12 06:23:56,630 GET /api/extras/leaderboard → 404 (4ms)
2026-05-12 06:23:56,914 GET /api/auth/me → 401 (0ms)
2026-05-12 06:23:56,920 GET /api/group/my-groups → 404 (5ms)
2026-05-12 06:23:56,925 GET /api/taxi/rides/active → 401 (5ms)
2026-05-12 06:23:56,933 GET /api/user/favorite-locations → 404 (8ms)
2026-05-12 06:23:56,933 GET /api/taxi/saved-places → 401 (8ms)
2026-05-12 06:23:56,982 GET /api/kyc/status → 401 (3ms)
2026-05-12 06:23:56,982 GET /api/auth/me → 401 (1ms)
2026-05-12 06:24:20,954 GET /api/feature-flags → 404 (4ms)
2026-05-12 06:24:20,980 GET /api/auth/me → 401 (0ms)
2026-05-12 06:24:21,110 POST /api/auth/refresh → 401 (0ms)
2026-05-12 06:24:21,416 GET /api/feature-flags → 404 (4ms)
2026-05-12 06:24:21,417 GET /api/auth/me → 401 (0ms)
2026-05-12 06:24:21,466 POST /api/auth/refresh → 401 (0ms)
2026-05-12 06:24:21,514 POST /api/auth/refresh → 401 (0ms)
2026-05-12 06:24:21,700 GET /api/extras/leaderboard → 404 (4ms)
2026-05-12 06:24:21,988 GET /api/pro/ads/active → 404 (4ms)
2026-05-12 06:25:25,024 GET /api/feature-flags → 404 (4ms)
2026-05-12 06:25:25,047 GET /api/auth/me → 401 (0ms)
2026-05-12 06:25:25,169 POST /api/auth/refresh → 401 (0ms)
2026-05-12 06:25:25,476 GET /api/auth/me → 401 (0ms)
2026-05-12 06:25:25,482 GET /api/feature-flags → 404 (4ms)
2026-05-12 06:25:25,526 POST /api/auth/refresh → 401 (0ms)
2026-05-12 06:25:25,575 POST /api/auth/refresh → 401 (0ms)
2026-05-12 06:25:25,762 GET /api/extras/leaderboard → 404 (4ms)
2026-05-12 06:25:26,042 GET /api/auth/me → 401 (0ms)
2026-05-12 06:25:26,050 GET /api/taxi/saved-places → 401 (4ms)
2026-05-12 06:25:26,050 GET /api/taxi/rides/active → 401 (4ms)
2026-05-12 06:25:26,057 GET /api/user/favorite-locations → 404 (6ms)
2026-05-12 06:25:26,083 GET /api/group/my-groups → 404 (4ms)
2026-05-12 06:25:26,092 GET /api/auth/me → 401 (0ms)
2026-05-12 06:25:26,095 GET /api/kyc/status → 401 (2ms)
2026-05-12 06:47:14,350 GET /api/auth/me → 401 (0ms)
2026-05-12 06:47:14,355 GET /api/feature-flags → 404 (4ms)
2026-05-12 06:47:14,559 POST /api/auth/refresh → 401 (0ms)
2026-05-12 06:47:14,744 POST /api/auth/refresh → 401 (0ms)
2026-05-12 06:47:15,191 GET /api/extras/leaderboard → 404 (4ms)
2026-05-12 06:47:15,585 GET /api/pro/ads/active → 404 (4ms)
2026-05-12 06:50:08,531 GET /api/auth/me → 401 (1ms)
2026-05-12 06:50:08,564 GET /api/feature-flags → 404 (4ms)
2026-05-12 06:50:08,614 POST /api/auth/refresh → 401 (0ms)
2026-05-12 06:50:08,664 POST /api/auth/refresh → 401 (0ms)
2026-05-12 06:50:09,124 GET /api/auth/me → 401 (0ms)
2026-05-12 06:50:09,130 GET /api/feature-flags → 404 (4ms)
2026-05-12 06:50:09,172 POST /api/auth/refresh → 401 (0ms)
2026-05-12 06:50:09,261 POST /api/auth/refresh → 401 (0ms)
2026-05-12 06:50:09,406 GET /api/extras/leaderboard → 404 (4ms)
2026-05-12 06:50:09,697 GET /api/group/my-groups → 404 (5ms)
2026-05-12 06:50:09,700 GET /api/auth/me → 401 (3ms)
2026-05-12 06:50:09,701 GET /api/taxi/saved-places → 401 (3ms)
2026-05-12 06:50:09,711 GET /api/taxi/rides/active → 401 (10ms)
2026-05-12 06:50:09,711 GET /api/user/favorite-locations → 404 (11ms)
2026-05-12 06:50:09,712 GET /api/taxi/recent-addresses → 401 (11ms)
2026-05-12 06:50:09,779 GET /api/auth/me → 401 (0ms)
2026-05-12 06:50:09,784 GET /api/kyc/status → 401 (3ms)
2026-05-12 06:51:49,738 GET /api/auth/me → 401 (0ms)
2026-05-12 06:51:49,742 GET /api/feature-flags → 404 (5ms)
2026-05-12 06:51:49,933 POST /api/auth/refresh → 401 (0ms)
2026-05-12 06:51:50,111 POST /api/auth/refresh → 401 (0ms)
2026-05-12 06:51:50,918 GET /api/extras/leaderboard → 404 (4ms)
2026-05-12 06:51:50,929 GET /api/pro/ads/active → 404 (4ms)
2026-05-12 07:25:02,982 GET /api/feature-flags → 404 (4ms)
2026-05-12 07:25:03,019 GET /api/auth/me → 401 (0ms)
2026-05-12 07:25:03,139 POST /api/auth/refresh → 401 (0ms)
2026-05-12 07:25:03,217 POST /api/auth/refresh → 401 (0ms)
2026-05-12 07:25:03,411 GET /api/extras/leaderboard → 404 (4ms)
2026-05-12 07:25:03,698 GET /api/pro/ads/active → 404 (4ms)
2026-05-12 10:26:02,046 GET /api/auth/me → 401 (1ms)
2026-05-12 10:26:02,077 GET /api/feature-flags → 404 (6ms)
2026-05-12 10:26:02,184 POST /api/auth/refresh → 401 (0ms)
2026-05-12 10:26:02,239 POST /api/auth/refresh → 401 (0ms)
2026-05-12 10:26:02,480 GET /api/extras/leaderboard → 404 (4ms)
2026-05-12 10:26:02,878 GET /api/feature-flags → 404 (4ms)
2026-05-12 10:26:02,879 GET /api/auth/me → 401 (0ms)
2026-05-12 10:26:02,926 POST /api/auth/refresh → 401 (0ms)
2026-05-12 10:26:02,972 POST /api/auth/refresh → 401 (0ms)
2026-05-12 10:26:03,107 GET /api/extras/leaderboard → 404 (4ms)
2026-05-12 10:26:03,399 GET /api/group/my-groups → 404 (5ms)
2026-05-12 10:26:03,401 GET /api/auth/me → 401 (3ms)
2026-05-12 10:26:03,402 GET /api/taxi/rides/active → 401 (3ms)
2026-05-12 10:26:03,410 GET /api/user/favorite-locations → 404 (8ms)
2026-05-12 10:26:03,410 GET /api/taxi/saved-places → 401 (8ms)
2026-05-12 10:26:03,449 GET /api/taxi/recent-addresses → 401 (4ms)
2026-05-12 10:26:03,450 GET /api/auth/me → 401 (1ms)
2026-05-12 10:26:03,476 GET /api/kyc/status → 401 (24ms)
2026-05-12 10:46:37,916 GET /api/feature-flags → 404 (4ms)
2026-05-12 10:46:37,917 GET /api/auth/me → 401 (0ms)
2026-05-12 10:46:38,127 POST /api/auth/refresh → 401 (0ms)
2026-05-12 10:46:38,290 POST /api/auth/refresh → 401 (0ms)
2026-05-12 10:46:38,747 GET /api/extras/leaderboard → 404 (4ms)
2026-05-12 10:46:39,139 GET /api/pro/ads/active → 404 (4ms)
2026-05-12 10:48:20,615 GET /api/feature-flags → 404 (4ms)
2026-05-12 10:48:20,618 GET /api/auth/me → 401 (0ms)
2026-05-12 10:48:20,818 POST /api/auth/refresh → 401 (0ms)
2026-05-12 10:48:20,991 POST /api/auth/refresh → 401 (0ms)
2026-05-12 10:48:21,476 GET /api/extras/leaderboard → 404 (4ms)
2026-05-12 10:48:21,878 GET /api/pro/ads/active → 404 (4ms)
2026-05-12 10:51:56,342 GET /api/feature-flags → 404 (4ms)
2026-05-12 10:51:56,371 GET /api/auth/me → 401 (0ms)
2026-05-12 10:51:56,427 POST /api/auth/refresh → 401 (0ms)
2026-05-12 10:51:56,476 POST /api/auth/refresh → 401 (0ms)
2026-05-12 10:51:56,679 GET /api/extras/leaderboard → 404 (4ms)
2026-05-12 10:51:57,088 GET /api/feature-flags → 404 (5ms)
2026-05-12 10:51:57,089 GET /api/auth/me → 401 (1ms)
2026-05-12 10:51:57,135 POST /api/auth/refresh → 401 (0ms)
2026-05-12 10:51:57,184 POST /api/auth/refresh → 401 (0ms)
2026-05-12 10:51:57,344 GET /api/extras/leaderboard → 404 (4ms)
2026-05-12 10:51:57,624 GET /api/auth/me → 401 (0ms)
2026-05-12 10:51:57,630 GET /api/taxi/recent-addresses → 401 (2ms)
2026-05-12 10:51:57,638 GET /api/group/my-groups → 404 (8ms)
2026-05-12 10:51:57,638 GET /api/user/favorite-locations → 404 (8ms)
2026-05-12 10:51:57,645 GET /api/taxi/rides/active → 401 (6ms)
2026-05-12 10:51:57,655 GET /api/taxi/saved-places → 401 (2ms)
2026-05-12 10:51:57,678 GET /api/auth/me → 401 (0ms)
2026-05-12 10:51:57,684 GET /api/kyc/status → 401 (6ms)
2026-05-12 10:52:07,018 GET /api/taxi/city-defaults/Berlin → 401 (2ms)
2026-05-12 11:05:21,121 GET /api/auth/me → 401 (0ms)
2026-05-12 11:05:21,130 GET /api/feature-flags → 404 (4ms)
2026-05-12 11:05:21,338 POST /api/auth/refresh → 401 (0ms)
2026-05-12 11:05:21,516 POST /api/auth/refresh → 401 (0ms)
2026-05-12 11:05:22,011 GET /api/extras/leaderboard → 404 (4ms)
2026-05-12 11:05:22,383 GET /api/pro/ads/active → 404 (4ms)
2026-05-12 11:38:48,065 GET /api/feature-flags → 404 (5ms)
2026-05-12 11:38:48,066 GET /api/auth/me → 401 (0ms)
2026-05-12 11:38:48,249 POST /api/auth/refresh → 401 (0ms)
2026-05-12 11:38:48,428 POST /api/auth/refresh → 401 (0ms)
2026-05-12 11:38:48,952 GET /api/extras/leaderboard → 404 (4ms)
2026-05-12 11:38:49,350 GET /api/pro/ads/active → 404 (4ms)
2026-05-12 11:45:26,541 GET /api/feature-flags → 404 (4ms)
2026-05-12 11:45:26,566 GET /api/auth/me → 401 (0ms)
2026-05-12 11:45:26,635 POST /api/auth/refresh → 401 (0ms)
2026-05-12 11:45:26,768 POST /api/auth/refresh → 401 (0ms)
2026-05-12 11:45:26,979 GET /api/extras/leaderboard → 404 (4ms)
2026-05-12 11:45:27,295 GET /api/pro/ads/active → 404 (4ms)
2026-05-12 11:56:27,161 GET /api/auth/me → 401 (1ms)
2026-05-12 11:56:27,172 GET /api/feature-flags → 404 (9ms)
2026-05-12 11:56:27,334 POST /api/auth/refresh → 401 (0ms)
2026-05-12 11:56:27,499 POST /api/auth/refresh → 401 (0ms)
2026-05-12 11:56:27,776 GET /api/extras/leaderboard → 404 (4ms)
2026-05-12 11:56:27,780 GET /api/pro/ads/active → 404 (4ms)
2026-05-12 11:57:28,284 GET /api/feature-flags → 404 (5ms)
2026-05-12 11:57:28,285 GET /api/auth/me → 401 (0ms)
2026-05-12 11:57:28,457 POST /api/auth/refresh → 401 (0ms)
2026-05-12 11:57:28,624 POST /api/auth/refresh → 401 (0ms)
2026-05-12 11:57:28,887 GET /api/extras/leaderboard → 404 (4ms)
2026-05-12 11:57:28,892 GET /api/pro/ads/active → 404 (4ms)
2026-05-12 12:21:59,784 GET /api/feature-flags → 404 (4ms)
2026-05-12 12:21:59,785 GET /api/auth/me → 401 (0ms)
2026-05-12 12:21:59,959 POST /api/auth/refresh → 401 (0ms)
2026-05-12 12:22:00,113 POST /api/auth/refresh → 401 (0ms)
2026-05-12 12:22:01,187 GET /api/pro/ads/active → 404 (4ms)
2026-05-12 12:22:01,192 GET /api/extras/leaderboard → 404 (4ms)
2026-05-12 12:22:05,016 GET /api/feature-flags → 404 (4ms)
2026-05-12 12:22:05,019 GET /api/auth/me → 401 (0ms)
2026-05-12 12:22:05,171 POST /api/auth/refresh → 401 (0ms)
2026-05-12 12:22:05,336 POST /api/auth/refresh → 401 (0ms)
2026-05-12 12:22:05,565 GET /api/pro/ads/active → 404 (4ms)
2026-05-12 12:22:05,570 GET /api/extras/leaderboard → 404 (4ms)
2026-05-12 12:28:19,838 GET /api/qr/menu/test → 404 (6ms)
2026-05-12 12:28:55,294 GET /api/qr/menu/69d0126144299a2e0d94c788 → 404 (3ms)
2026-05-12 12:30:11,886 GET /api/feature-flags → 404 (4ms)
2026-05-12 12:30:11,941 GET /api/auth/me → 401 (0ms)
2026-05-12 12:30:12,021 POST /api/auth/refresh → 401 (0ms)
2026-05-12 12:30:28,345 GET /api/qr/resolve/cVVnkJqxkNkOB0Wl3EK1YxcNEAg → 410 (2ms)
2026-05-12 12:31:42,373 POST /api/merchant/qr-tables → 401 (2ms)
2026-05-12 12:31:43,172 GET /api/qr/resolve/invalid_xyz_token_xx → 410 (2ms)
2026-05-12 12:31:44,606 POST /api/qr/order → 401 (2ms)
2026-05-12 12:32:08,764 GET /api/feature-flags → 404 (4ms)
2026-05-12 12:32:08,787 GET /api/auth/me → 401 (0ms)
2026-05-12 12:32:08,925 POST /api/auth/refresh → 401 (0ms)
2026-05-12 12:32:08,978 POST /api/auth/refresh → 401 (0ms)
2026-05-12 12:32:09,281 GET /api/extras/leaderboard → 404 (5ms)
2026-05-12 12:32:09,449 GET /api/pro/ads/active → 404 (4ms)
2026-05-12 12:32:09,800 GET /api/feature-flags → 404 (5ms)
2026-05-12 12:32:09,801 GET /api/auth/me → 401 (1ms)
2026-05-12 12:32:09,853 POST /api/auth/refresh → 401 (0ms)
2026-05-12 12:32:09,900 POST /api/auth/refresh → 401 (0ms)
2026-05-12 12:32:10,024 GET /api/extras/leaderboard → 404 (5ms)
2026-05-12 12:32:41,706 GET /api/feature-flags → 404 (4ms)
2026-05-12 12:32:41,757 GET /api/auth/me → 401 (0ms)
2026-05-12 12:32:41,819 POST /api/auth/refresh → 401 (0ms)
2026-05-12 12:32:42,097 POST /api/auth/refresh → 401 (0ms)
2026-05-12 12:32:42,494 GET /api/extras/leaderboard → 404 (5ms)
2026-05-12 12:32:42,657 GET /api/pro/ads/active → 404 (5ms)
2026-05-12 12:32:43,666 GET /api/feature-flags → 404 (4ms)
2026-05-12 12:32:52,817 GET /api/feature-flags → 404 (4ms)
2026-05-12 12:56:35,921 GET /api/feature-flags → 404 (5ms)
2026-05-12 12:56:35,924 GET /api/auth/me → 401 (0ms)
2026-05-12 12:56:36,119 POST /api/auth/refresh → 401 (0ms)
2026-05-12 12:56:36,290 POST /api/auth/refresh → 401 (0ms)
2026-05-12 12:56:37,463 GET /api/pro/ads/active → 404 (5ms)
2026-05-12 12:56:37,469 GET /api/extras/leaderboard → 404 (5ms)
2026-05-12 12:56:49,193 GET /api/feature-flags → 404 (4ms)
2026-05-12 12:56:49,194 GET /api/auth/me → 401 (0ms)
2026-05-12 12:56:49,358 POST /api/auth/refresh → 401 (0ms)
2026-05-12 12:56:49,528 POST /api/auth/refresh → 401 (0ms)
2026-05-12 12:56:49,777 GET /api/pro/ads/active → 404 (4ms)
2026-05-12 12:56:49,782 GET /api/extras/leaderboard → 404 (4ms)
2026-05-12 13:01:56,659 GET /api/auth/me → 401 (0ms)
2026-05-12 13:01:56,729 GET /api/feature-flags → 404 (10ms)
2026-05-12 13:01:56,779 POST /api/auth/refresh → 401 (0ms)
2026-05-12 13:01:56,849 POST /api/auth/refresh → 401 (0ms)
2026-05-12 13:01:57,097 GET /api/extras/leaderboard → 404 (4ms)
2026-05-12 13:02:15,312 GET /api/feature-flags → 404 (8ms)
2026-05-12 13:02:15,313 GET /api/auth/me → 401 (0ms)
2026-05-12 13:02:15,455 POST /api/auth/refresh → 401 (0ms)
2026-05-12 13:02:53,175 GET /api/feature-flags → 404 (14ms)
2026-05-12 13:02:53,223 GET /api/auth/me → 401 (0ms)
2026-05-12 13:02:53,323 POST /api/auth/refresh → 401 (0ms)
2026-05-12 13:02:53,424 POST /api/auth/refresh → 401 (0ms)
2026-05-12 13:02:53,836 GET /api/auth/me → 401 (0ms)
2026-05-12 13:02:53,841 GET /api/feature-flags → 404 (4ms)
2026-05-12 13:02:53,899 POST /api/auth/refresh → 401 (0ms)
2026-05-12 13:02:53,959 POST /api/auth/refresh → 401 (0ms)
2026-05-12 13:02:54,100 GET /api/extras/leaderboard → 404 (4ms)
2026-05-12 13:02:54,397 GET /api/qr/resolve/iiMNsOKRRYlo52aSQtRqLPoMMec → 410 (2ms)
2026-05-12 13:03:30,857 GET /api/feature-flags → 404 (4ms)
2026-05-12 13:03:30,926 GET /api/auth/me → 401 (0ms)
2026-05-12 13:03:30,991 POST /api/auth/refresh → 401 (0ms)
2026-05-12 13:03:31,372 GET /api/feature-flags → 404 (6ms)
2026-05-12 13:03:31,375 GET /api/auth/me → 401 (0ms)
2026-05-12 13:03:31,486 POST /api/auth/refresh → 401 (0ms)
2026-05-12 13:03:31,549 POST /api/auth/refresh → 401 (0ms)
2026-05-12 13:03:31,803 GET /api/extras/leaderboard → 404 (4ms)
2026-05-12 13:03:32,099 GET /api/pro/ads/active → 404 (4ms)
2026-05-12 13:03:34,149 GET /api/feature-flags → 404 (5ms)
2026-05-12 13:03:58,035 GET /api/feature-flags → 404 (4ms)
2026-05-12 13:03:58,340 GET /api/auth/me → 401 (0ms)
2026-05-12 13:03:58,345 GET /api/feature-flags → 404 (4ms)
2026-05-12 13:03:58,401 POST /api/auth/refresh → 401 (0ms)
2026-05-12 13:03:58,473 POST /api/auth/refresh → 401 (0ms)
2026-05-12 13:03:58,727 GET /api/extras/leaderboard → 404 (21ms)
2026-05-12 13:03:59,011 GET /api/pro/ads/active → 404 (4ms)
2026-05-12 13:04:01,063 GET /api/feature-flags → 404 (4ms)
2026-05-12 13:04:15,793 GET /api/auth/me → 401 (0ms)
2026-05-12 13:04:15,799 GET /api/feature-flags → 404 (4ms)
2026-05-12 13:04:15,963 POST /api/auth/refresh → 401 (0ms)
2026-05-12 13:04:16,138 POST /api/auth/refresh → 401 (0ms)
2026-05-12 13:04:16,462 GET /api/extras/leaderboard → 404 (4ms)
2026-05-12 13:04:16,783 GET /api/pro/ads/active → 404 (4ms)
2026-05-12 13:04:31,619 GET /api/feature-flags → 404 (4ms)
2026-05-12 13:04:31,624 GET /api/auth/me → 401 (0ms)
2026-05-12 13:04:31,839 POST /api/auth/refresh → 401 (0ms)
2026-05-12 13:04:32,018 POST /api/auth/refresh → 401 (0ms)
2026-05-12 13:04:32,332 GET /api/extras/leaderboard → 404 (4ms)
2026-05-12 13:04:32,336 GET /api/pro/ads/active → 404 (4ms)
2026-05-12 13:04:37,026 GET /api/auth/me → 401 (0ms)
2026-05-12 13:04:37,032 GET /api/feature-flags → 404 (4ms)
2026-05-12 13:04:37,197 POST /api/auth/refresh → 401 (0ms)
2026-05-12 13:04:37,378 POST /api/auth/refresh → 401 (0ms)
2026-05-12 13:04:37,726 GET /api/extras/leaderboard → 404 (4ms)
2026-05-12 13:04:37,731 GET /api/pro/ads/active → 404 (4ms)
2026-05-12 13:06:14,696 GET /api/auth/me → 401 (0ms)
2026-05-12 13:06:14,868 POST /api/auth/refresh → 401 (0ms)
2026-05-12 13:06:15,041 GET /api/feature-flags → 404 (5ms)
2026-05-12 13:06:15,042 POST /api/auth/refresh → 401 (1ms)
2026-05-12 13:06:15,321 GET /api/pro/ads/active → 404 (4ms)
2026-05-12 13:06:15,328 GET /api/extras/leaderboard → 404 (4ms)
2026-05-12 13:17:59,270 GET /api/feature-flags → 404 (4ms)
2026-05-12 13:17:59,336 GET /api/auth/me → 401 (0ms)
2026-05-12 13:17:59,409 POST /api/auth/refresh → 401 (0ms)
2026-05-12 13:17:59,487 POST /api/auth/refresh → 401 (0ms)
2026-05-12 13:17:59,889 GET /api/feature-flags → 404 (4ms)
2026-05-12 13:17:59,890 GET /api/auth/me → 401 (0ms)
2026-05-12 13:17:59,970 POST /api/auth/refresh → 401 (0ms)
2026-05-12 13:18:00,039 POST /api/auth/refresh → 401 (0ms)
2026-05-12 13:18:00,337 GET /api/extras/leaderboard → 404 (5ms)
2026-05-12 13:18:00,632 GET /api/pro/ads/active → 404 (5ms)
2026-05-12 13:18:03,041 GET /api/feature-flags → 404 (4ms)
2026-05-12 13:18:38,149 GET /api/feature-flags → 404 (4ms)
2026-05-12 13:18:38,204 GET /api/auth/me → 401 (0ms)
2026-05-12 13:18:38,318 POST /api/auth/refresh → 401 (0ms)
2026-05-12 13:18:38,405 POST /api/auth/refresh → 401 (0ms)
2026-05-12 13:18:38,762 GET /api/feature-flags → 404 (4ms)
2026-05-12 13:18:38,763 GET /api/auth/me → 401 (0ms)
2026-05-12 13:18:38,837 POST /api/auth/refresh → 401 (0ms)
2026-05-12 13:18:38,909 POST /api/auth/refresh → 401 (0ms)
2026-05-12 13:18:39,232 GET /api/extras/leaderboard → 404 (31ms)
2026-05-12 13:18:39,499 GET /api/pro/ads/active → 404 (4ms)
2026-05-12 13:18:41,451 GET /api/feature-flags → 404 (4ms)
2026-05-12 13:18:41,842 GET /api/qr/resolve/Pj8_TAoCWBFQ_ImV1XwlRcJRnuQ → 410 (2ms)
2026-05-12 13:20:47,779 GET /api/auth/me → 401 (0ms)
2026-05-12 13:20:47,803 GET /api/feature-flags → 404 (4ms)
2026-05-12 13:20:48,144 GET /api/auth/me → 401 (0ms)
2026-05-12 13:20:48,156 GET /api/feature-flags → 404 (4ms)
2026-05-12 13:20:48,211 POST /api/auth/refresh → 401 (0ms)
2026-05-12 13:20:48,313 POST /api/auth/refresh → 401 (0ms)
2026-05-12 13:20:48,673 GET /api/extras/leaderboard → 404 (5ms)
2026-05-12 13:20:48,678 GET /api/pro/ads/active → 404 (4ms)
2026-05-12 13:20:50,289 GET /api/feature-flags → 404 (4ms)
2026-05-12 13:37:38,035 POST /api/qr/order/tip → 409 (3ms)
2026-05-12 13:38:04,608 GET /api/auth/me → 401 (0ms)
2026-05-12 13:38:04,671 GET /api/feature-flags → 404 (15ms)
2026-05-12 13:38:04,760 POST /api/auth/refresh → 401 (0ms)
2026-05-12 13:38:05,082 GET /api/feature-flags → 404 (5ms)
2026-05-12 13:38:05,083 GET /api/auth/me → 401 (0ms)
2026-05-12 13:38:05,148 POST /api/auth/refresh → 401 (0ms)
2026-05-12 13:38:05,210 POST /api/auth/refresh → 401 (0ms)
2026-05-12 13:38:05,473 GET /api/extras/leaderboard → 404 (4ms)
2026-05-12 13:38:05,744 GET /api/pro/ads/active → 404 (4ms)
2026-05-12 13:38:07,272 GET /api/feature-flags → 404 (5ms)
2026-05-12 13:38:46,778 GET /api/feature-flags → 404 (4ms)
2026-05-12 13:38:46,826 GET /api/auth/me → 401 (0ms)
2026-05-12 13:38:46,909 POST /api/auth/refresh → 401 (0ms)
2026-05-12 13:38:47,324 GET /api/auth/me → 401 (0ms)
2026-05-12 13:38:47,330 GET /api/feature-flags → 404 (4ms)
2026-05-12 13:38:47,397 POST /api/auth/refresh → 401 (0ms)
2026-05-12 13:38:47,463 POST /api/auth/refresh → 401 (0ms)
2026-05-12 13:38:47,719 GET /api/extras/leaderboard → 404 (4ms)
2026-05-12 13:38:48,013 GET /api/pro/ads/active → 404 (5ms)
2026-05-12 13:38:50,280 GET /api/feature-flags → 404 (5ms)
2026-05-12 13:59:15,855 GET /api/auth/me → 401 (0ms)
2026-05-12 13:59:15,931 GET /api/feature-flags → 404 (5ms)
2026-05-12 13:59:16,610 GET /api/feature-flags → 404 (4ms)
2026-05-12 13:59:16,611 GET /api/auth/me → 401 (0ms)
2026-05-12 13:59:16,674 POST /api/auth/refresh → 401 (0ms)
2026-05-12 13:59:16,735 POST /api/auth/refresh → 401 (0ms)
2026-05-12 13:59:16,978 GET /api/extras/leaderboard → 404 (4ms)
2026-05-12 13:59:17,273 GET /api/pro/ads/active → 404 (4ms)
2026-05-12 13:59:18,742 GET /api/feature-flags → 404 (4ms)
2026-05-12 14:01:57,149 GET /api/qr/menu/image/000000000000000000000000 → 404 (2ms)
2026-05-12 14:01:57,273 GET /api/qr/table-history/69d0126144299a2e0d94c788/tbl_705aaa1575 → 401 (2ms)
2026-05-12 14:01:58,311 POST /api/merchant/combos → 401 (2ms)
2026-05-12 14:02:24,471 GET /api/qr/menu/image/000000000000000000000000 → 404 (2ms)
2026-05-12 14:02:24,614 GET /api/qr/table-history/69d0126144299a2e0d94c788/tbl_705aaa1575 → 401 (1ms)
2026-05-12 14:02:25,712 POST /api/merchant/combos → 401 (2ms)
2026-05-12 14:02:40,813 GET /api/qr/menu/image/000000000000000000000000 → 404 (2ms)
2026-05-12 14:02:40,946 GET /api/qr/table-history/69d0126144299a2e0d94c788/tbl_705aaa1575 → 401 (1ms)
2026-05-12 14:02:41,983 POST /api/qr/order → 400 (5ms)
2026-05-12 14:02:42,107 POST /api/qr/order → 400 (5ms)
2026-05-12 14:02:42,322 POST /api/merchant/combos → 401 (2ms)
2026-05-12 14:03:07,535 GET /api/qr/menu/image/000000000000000000000000 → 404 (2ms)
2026-05-12 14:03:07,683 GET /api/qr/table-history/69d0126144299a2e0d94c788/tbl_705aaa1575 → 401 (1ms)
2026-05-12 14:03:08,911 GET /api/qr/order-status/qro_90aa8bb5bf13 → 401 (1ms)
2026-05-12 14:03:09,104 POST /api/qr/order/tip → 401 (2ms)
2026-05-12 14:03:09,363 POST /api/qr/order/tip → 409 (3ms)
2026-05-12 14:03:09,500 POST /api/qr/order/review → 401 (2ms)
2026-05-12 14:03:09,707 POST /api/qr/order/review → 409 (3ms)
2026-05-12 14:03:09,775 POST /api/qr/order → 400 (5ms)
2026-05-12 14:03:09,911 POST /api/merchant/combos → 401 (2ms)
2026-05-12 14:04:29,874 GET /api/auth/me → 401 (0ms)
2026-05-12 14:04:29,881 GET /api/feature-flags → 404 (4ms)
2026-05-12 14:04:30,042 POST /api/auth/refresh → 401 (0ms)
2026-05-12 14:04:30,549 POST /api/auth/refresh → 401 (0ms)
2026-05-12 14:04:30,991 GET /api/extras/leaderboard → 404 (5ms)
2026-05-12 14:04:31,342 GET /api/pro/ads/active → 404 (4ms)
2026-05-12 14:04:55,101 GET /api/feature-flags → 404 (4ms)
2026-05-12 14:04:55,102 GET /api/auth/me → 401 (0ms)
2026-05-12 14:04:55,268 POST /api/auth/refresh → 401 (0ms)
2026-05-12 14:04:55,437 POST /api/auth/refresh → 401 (0ms)
2026-05-12 14:04:55,817 GET /api/extras/leaderboard → 404 (4ms)
2026-05-12 14:04:56,293 GET /api/pro/ads/active → 404 (4ms)
2026-05-12 14:05:01,667 GET /api/feature-flags → 404 (4ms)
2026-05-12 14:05:01,667 GET /api/auth/me → 401 (5ms)
2026-05-12 14:05:01,838 POST /api/auth/refresh → 401 (0ms)
2026-05-12 14:05:02,011 POST /api/auth/refresh → 401 (0ms)
2026-05-12 14:05:02,455 GET /api/pro/ads/active → 404 (5ms)
2026-05-12 14:05:02,460 GET /api/extras/leaderboard → 404 (4ms)
2026-05-12 14:05:03,328 GET /api/feature-flags → 404 (4ms)
2026-05-12 14:05:29,945 GET /api/feature-flags → 404 (4ms)
2026-05-12 14:07:08,810 GET /api/feature-flags → 404 (4ms)
2026-05-12 14:07:08,811 GET /api/auth/me → 401 (0ms)
2026-05-12 14:07:09,243 GET /api/auth/me → 401 (0ms)
2026-05-12 14:07:09,254 GET /api/feature-flags → 404 (4ms)
2026-05-12 14:07:09,309 POST /api/auth/refresh → 401 (0ms)
2026-05-12 14:07:09,379 POST /api/auth/refresh → 401 (0ms)
2026-05-12 14:07:09,559 GET /api/extras/leaderboard → 404 (5ms)
2026-05-12 14:07:09,850 GET /api/pro/ads/active → 404 (6ms)
2026-05-12 14:07:11,776 GET /api/feature-flags → 404 (4ms)
2026-05-12 14:08:55,333 GET /api/auth/me → 401 (0ms)
2026-05-12 14:08:55,338 GET /api/feature-flags → 404 (4ms)
2026-05-12 14:08:55,493 POST /api/auth/refresh → 401 (0ms)
2026-05-12 14:08:55,989 POST /api/auth/refresh → 401 (0ms)
2026-05-12 14:08:56,408 GET /api/extras/leaderboard → 404 (4ms)
2026-05-12 14:08:56,800 GET /api/pro/ads/active → 404 (4ms)
2026-05-12 14:11:04,693 GET /api/auth/me → 401 (0ms)
2026-05-12 14:11:04,699 GET /api/feature-flags → 404 (4ms)
2026-05-12 14:11:04,873 POST /api/auth/refresh → 401 (0ms)
2026-05-12 14:11:05,040 POST /api/auth/refresh → 401 (0ms)
2026-05-12 14:11:05,473 GET /api/extras/leaderboard → 404 (4ms)
2026-05-12 14:11:05,795 GET /api/pro/ads/active → 404 (4ms)
2026-05-12 14:11:38,556 GET /api/auth/me → 401 (0ms)
2026-05-12 14:11:38,562 GET /api/feature-flags → 404 (4ms)
2026-05-12 14:11:38,720 POST /api/auth/refresh → 401 (0ms)
2026-05-12 14:11:38,889 POST /api/auth/refresh → 401 (0ms)
2026-05-12 14:11:39,307 GET /api/extras/leaderboard → 404 (4ms)
2026-05-12 14:11:39,627 GET /api/pro/ads/active → 404 (5ms)
2026-05-12 14:14:02,750 GET /api/auth/me → 401 (5ms)
2026-05-12 14:14:02,750 GET /api/feature-flags → 404 (5ms)
2026-05-12 14:14:02,919 POST /api/auth/refresh → 401 (0ms)
2026-05-12 14:14:03,091 POST /api/auth/refresh → 401 (0ms)
2026-05-12 14:14:03,495 GET /api/extras/leaderboard → 404 (4ms)
2026-05-12 14:14:03,889 GET /api/pro/ads/active → 404 (4ms)
2026-05-12 14:37:47,764 GET /api/admin/merchants → 401 (1ms)
2026-05-12 14:38:04,491 GET /api/feature-flags → 404 (4ms)
2026-05-12 14:38:04,566 GET /api/auth/me → 401 (0ms)
2026-05-12 14:38:04,651 POST /api/auth/refresh → 401 (0ms)
2026-05-12 14:38:04,715 POST /api/auth/refresh → 401 (0ms)
2026-05-12 14:38:04,964 GET /api/extras/leaderboard → 404 (5ms)
2026-05-12 14:38:05,270 GET /api/pro/ads/active → 404 (4ms)
2026-05-12 14:38:09,402 GET /api/pro/ads/active → 404 (22ms)
2026-05-12 14:38:09,448 GET /api/ai/recommendations → 404 (9ms)
2026-05-12 14:38:09,448 GET /api/recommendations/home → 404 (9ms)
2026-05-12 14:38:09,542 GET /api/pro/ads/active → 404 (38ms)
2026-05-12 14:38:40,229 GET /api/feature-flags → 404 (4ms)
2026-05-12 14:38:40,299 GET /api/auth/me → 401 (0ms)
2026-05-12 14:38:40,404 POST /api/auth/refresh → 401 (0ms)
2026-05-12 14:38:40,485 POST /api/auth/refresh → 401 (0ms)
2026-05-12 14:38:40,749 GET /api/extras/leaderboard → 404 (5ms)
2026-05-12 14:38:41,043 GET /api/pro/ads/active → 404 (6ms)
2026-05-12 14:38:43,908 GET /api/pro/ads/active → 404 (7ms)
2026-05-12 14:38:43,915 GET /api/ai/recommendations → 404 (5ms)
2026-05-12 14:38:43,963 GET /api/recommendations/home → 404 (5ms)
2026-05-12 14:38:44,019 GET /api/pro/ads/active → 404 (9ms)
2026-05-12 14:38:50,103 GET /api/feature-flags → 404 (24ms)
2026-05-12 14:39:57,790 GET /api/auth/me → 401 (0ms)
2026-05-12 14:39:57,814 GET /api/feature-flags → 404 (16ms)
2026-05-12 14:39:57,895 POST /api/auth/refresh → 401 (0ms)
2026-05-12 14:39:57,989 POST /api/auth/refresh → 401 (0ms)
2026-05-12 14:39:58,213 GET /api/extras/leaderboard → 404 (4ms)
2026-05-12 14:39:58,495 GET /api/pro/ads/active → 404 (5ms)
2026-05-12 14:40:01,641 GET /api/pro/ads/active → 404 (35ms)
2026-05-12 14:40:01,646 GET /api/recommendations/home → 404 (40ms)
2026-05-12 14:40:01,704 GET /api/ai/recommendations → 404 (57ms)
2026-05-12 14:40:01,903 GET /api/pro/ads/active → 404 (5ms)
2026-05-12 14:40:04,611 GET /api/feature-flags → 404 (4ms)
2026-05-12 15:00:45,730 GET /api/auth/me → 401 (0ms)
2026-05-12 15:00:45,811 GET /api/feature-flags → 404 (7ms)
2026-05-12 15:00:45,826 POST /api/auth/refresh → 401 (0ms)
2026-05-12 15:00:45,899 POST /api/auth/refresh → 401 (0ms)
2026-05-12 15:00:46,263 GET /api/extras/leaderboard → 404 (5ms)
2026-05-12 15:00:46,268 GET /api/pro/ads/active → 404 (4ms)
2026-05-12 15:00:49,358 POST /api/auth/login → 401 (253ms)
2026-05-12 15:00:52,554 GET /api/feature-flags → 404 (5ms)
2026-05-12 15:00:52,554 GET /api/auth/me → 401 (1ms)
2026-05-12 15:00:52,615 POST /api/auth/refresh → 401 (0ms)
2026-05-12 15:00:52,692 POST /api/auth/refresh → 401 (0ms)
2026-05-12 15:00:52,869 GET /api/extras/leaderboard → 404 (7ms)
2026-05-12 15:00:53,160 GET /api/taxi/favorite-routes → 401 (2ms)
2026-05-12 15:00:53,161 GET /api/auth/me → 401 (1ms)
2026-05-12 15:00:53,169 GET /api/user/favorite-locations → 404 (7ms)
2026-05-12 15:00:53,169 GET /api/taxi/recent-addresses → 401 (7ms)
2026-05-12 15:00:53,224 GET /api/group/my-groups → 404 (5ms)
2026-05-12 15:00:53,241 GET /api/taxi/rides/active → 401 (16ms)
2026-05-12 15:00:53,244 GET /api/kyc/status → 401 (3ms)
2026-05-12 15:00:53,244 GET /api/auth/me → 401 (3ms)
2026-05-12 15:00:53,247 GET /api/taxi/saved-places → 401 (2ms)
2026-05-12 15:01:10,895 GET /api/feature-flags → 404 (4ms)
2026-05-12 15:01:10,956 GET /api/auth/me → 401 (0ms)
2026-05-12 15:01:11,022 POST /api/auth/refresh → 401 (0ms)
2026-05-12 15:01:11,109 POST /api/auth/refresh → 401 (0ms)
2026-05-12 15:01:11,365 GET /api/extras/leaderboard → 404 (4ms)
2026-05-12 15:01:11,646 GET /api/auth/me → 401 (0ms)
2026-05-12 15:01:11,652 GET /api/group/my-groups → 404 (4ms)
2026-05-12 15:01:11,657 GET /api/taxi/saved-places → 401 (4ms)
2026-05-12 15:01:11,662 GET /api/taxi/rides/active → 401 (2ms)
2026-05-12 15:01:11,714 GET /api/user/favorite-locations → 404 (5ms)
2026-05-12 15:01:11,716 GET /api/taxi/favorite-routes → 401 (2ms)
2026-05-12 15:01:11,716 GET /api/auth/me → 401 (2ms)
2026-05-12 15:01:11,740 GET /api/kyc/status → 401 (15ms)
2026-05-12 15:01:11,743 GET /api/taxi/recent-addresses → 401 (2ms)
2026-05-12 15:04:22,960 GET /api/auth/me → 401 (0ms)
2026-05-12 15:04:22,967 GET /api/feature-flags → 404 (4ms)
2026-05-12 15:04:23,120 POST /api/auth/refresh → 401 (0ms)
2026-05-12 15:04:23,300 POST /api/auth/refresh → 401 (0ms)
2026-05-12 15:04:23,724 GET /api/extras/leaderboard → 404 (4ms)
2026-05-12 15:04:24,101 GET /api/pro/ads/active → 404 (4ms)
2026-05-12 15:20:36,869 GET /api/feature-flags → 404 (4ms)
2026-05-12 15:20:36,872 GET /api/auth/me → 401 (0ms)
2026-05-12 15:20:37,038 POST /api/auth/refresh → 401 (0ms)
2026-05-12 15:20:37,200 POST /api/auth/refresh → 401 (0ms)
2026-05-12 15:20:37,435 GET /api/extras/leaderboard → 404 (4ms)
2026-05-12 15:20:37,757 GET /api/pro/ads/active → 404 (4ms)
2026-05-12 15:21:50,191 GET /api/auth/me → 401 (0ms)
2026-05-12 15:21:50,196 GET /api/feature-flags → 404 (4ms)
2026-05-12 15:21:50,354 POST /api/auth/refresh → 401 (0ms)
2026-05-12 15:21:50,511 POST /api/auth/refresh → 401 (0ms)
2026-05-12 15:21:50,800 GET /api/extras/leaderboard → 404 (4ms)
2026-05-12 15:21:51,133 GET /api/pro/ads/active → 404 (5ms)
2026-05-12 15:30:03,859 GET /api/feature-flags → 404 (5ms)
2026-05-12 15:30:03,915 GET /api/auth/me → 401 (0ms)
2026-05-12 15:30:04,021 POST /api/auth/refresh → 401 (0ms)
2026-05-12 15:30:04,105 POST /api/auth/refresh → 401 (0ms)
2026-05-12 15:30:04,440 GET /api/extras/leaderboard → 404 (33ms)
2026-05-12 15:30:04,703 GET /api/pro/ads/active → 404 (14ms)
2026-05-12 15:30:07,599 GET /api/pro/ads/active → 404 (36ms)
2026-05-12 15:30:07,617 GET /api/ai/recommendations → 404 (6ms)
2026-05-12 15:30:07,703 GET /api/recommendations/home → 404 (63ms)
2026-05-12 15:30:07,742 GET /api/pro/ads/active → 404 (35ms)
2026-05-12 15:30:10,665 GET /api/feature-flags → 404 (5ms)
2026-05-12 15:51:51,464 GET /api/feature-flags → 404 (4ms)
2026-05-12 15:51:51,470 GET /api/auth/me → 401 (0ms)
2026-05-12 15:51:51,647 POST /api/auth/refresh → 401 (0ms)
2026-05-12 15:51:52,025 POST /api/auth/refresh → 401 (0ms)
2026-05-12 15:51:52,468 GET /api/extras/leaderboard → 404 (4ms)
2026-05-12 15:51:53,090 GET /api/pro/ads/active → 404 (4ms)
2026-05-12 15:52:14,542 GET /api/feature-flags → 404 (4ms)
2026-05-12 15:52:14,851 GET /api/auth/me → 401 (0ms)
2026-05-12 15:52:15,042 POST /api/auth/refresh → 401 (0ms)
2026-05-12 15:52:15,211 POST /api/auth/refresh → 401 (0ms)
2026-05-12 15:52:15,418 GET /api/extras/leaderboard → 404 (4ms)
2026-05-12 15:52:16,046 GET /api/pro/ads/active → 404 (4ms)
2026-05-12 15:58:36,105 GET /api/feature-flags → 404 (5ms)
2026-05-12 15:58:36,106 GET /api/auth/me → 401 (1ms)
2026-05-12 15:58:36,272 POST /api/auth/refresh → 401 (0ms)
2026-05-12 15:58:36,430 POST /api/auth/refresh → 401 (0ms)
2026-05-12 15:58:36,872 GET /api/extras/leaderboard → 404 (4ms)
2026-05-12 15:58:37,236 GET /api/pro/ads/active → 404 (4ms)
2026-05-12 15:58:46,114 GET /api/pro/ads/active → 404 (4ms)
2026-05-12 15:58:46,121 GET /api/extras/leaderboard → 404 (4ms)
2026-05-12 16:00:17,620 GET /api/driver-dashboard/eligibility → 404 (5ms)
2026-05-12 16:00:17,624 GET /api/notifications → 404 (4ms)
2026-05-12 16:01:27,534 GET /api/auth/me → 401 (0ms)
2026-05-12 16:01:27,699 POST /api/auth/refresh → 401 (0ms)
2026-05-12 16:01:27,864 GET /api/feature-flags → 404 (4ms)
2026-05-12 16:01:27,865 POST /api/auth/refresh → 401 (0ms)
2026-05-12 16:01:28,184 GET /api/extras/leaderboard → 404 (4ms)
2026-05-12 16:01:28,191 GET /api/pro/ads/active → 404 (4ms)
2026-05-12 16:06:56,504 GET /api/feature-flags → 404 (5ms)
2026-05-12 16:06:56,570 GET /api/auth/me → 401 (0ms)
2026-05-12 16:06:56,660 POST /api/auth/refresh → 401 (0ms)
2026-05-12 16:06:56,759 POST /api/auth/refresh → 401 (0ms)
2026-05-12 16:06:57,002 GET /api/extras/leaderboard → 404 (18ms)
2026-05-12 16:06:59,280 POST /api/staff/auth/login → 401 (5ms)
2026-05-12 16:07:19,157 POST /api/staff/auth/login → 401 (5ms)
2026-05-12 16:07:35,153 POST /api/staff/auth/login → 401 (3ms)
2026-05-12 16:08:46,378 GET /api/feature-flags → 404 (4ms)
2026-05-12 16:08:59,010 GET /api/feature-flags → 404 (4ms)
2026-05-12 16:59:58,075 GET /api/auth/me → 401 (0ms)
2026-05-12 16:59:58,125 GET /api/feature-flags → 404 (8ms)
2026-05-12 16:59:58,257 POST /api/auth/refresh → 401 (0ms)
2026-05-12 16:59:58,351 POST /api/auth/refresh → 401 (0ms)
2026-05-12 16:59:58,640 GET /api/extras/leaderboard → 404 (8ms)
2026-05-12 16:59:58,915 GET /api/pro/ads/active → 404 (5ms)
2026-05-12 17:15:42,800 GET /api/feature-flags → 404 (5ms)
2026-05-12 17:15:42,803 GET /api/auth/me → 401 (0ms)
2026-05-12 17:15:42,978 POST /api/auth/refresh → 401 (0ms)
2026-05-12 17:15:43,148 POST /api/auth/refresh → 401 (0ms)
2026-05-12 17:15:43,581 GET /api/extras/leaderboard → 404 (5ms)
2026-05-12 17:15:43,903 GET /api/pro/ads/active → 404 (4ms)
2026-05-12 17:18:24,394 POST /api/p2p/handle/claim → 404 (4ms)
2026-05-12 17:21:59,128 GET /api/feature-flags → 404 (5ms)
2026-05-12 17:21:59,129 GET /api/auth/me → 401 (0ms)
2026-05-12 17:21:59,308 POST /api/auth/refresh → 401 (0ms)
2026-05-12 17:21:59,489 POST /api/auth/refresh → 401 (0ms)
2026-05-12 17:21:59,778 GET /api/pro/ads/active → 404 (5ms)
2026-05-12 17:21:59,783 GET /api/extras/leaderboard → 404 (4ms)
2026-05-12 17:23:02,467 POST /api/p2p/handle/claim → 404 (4ms)
2026-05-12 17:23:14,506 POST /api/p2p/handle/claim → 401 (3ms)
