2026-04-05 11:43:19,911 [ERROR] bidblitz: Unhandled error: GET /api/merchant-hierarchy/reports/daily | string indices must be integers, not 'str'
  + Exception Group Traceback (most recent call last):
  |   File "/root/.venv/lib/python3.11/site-packages/starlette/_utils.py", line 87, in collapse_excgroups
  |     yield
  |   File "/root/.venv/lib/python3.11/site-packages/starlette/middleware/base.py", line 190, in __call__
  |     async with anyio.create_task_group() as task_group:
  |   File "/root/.venv/lib/python3.11/site-packages/anyio/_backends/_asyncio.py", line 799, in __aexit__
  |     raise BaseExceptionGroup(
  | ExceptionGroup: unhandled errors in a TaskGroup (1 sub-exception)
  +-+---------------- 1 ----------------
    | Traceback (most recent call last):
    |   File "/root/.venv/lib/python3.11/site-packages/starlette/middleware/errors.py", line 164, in __call__
    |     await self.app(scope, receive, _send)
    |   File "/root/.venv/lib/python3.11/site-packages/starlette/middleware/cors.py", line 85, in __call__
    |     await self.app(scope, receive, send)
    |   File "/root/.venv/lib/python3.11/site-packages/starlette/middleware/base.py", line 189, in __call__
    |     with collapse_excgroups():
    |   File "/usr/local/lib/python3.11/contextlib.py", line 158, in __exit__
    |     self.gen.throw(typ, value, traceback)
    |   File "/root/.venv/lib/python3.11/site-packages/starlette/_utils.py", line 93, in collapse_excgroups
    |     raise exc
    |   File "/root/.venv/lib/python3.11/site-packages/starlette/middleware/base.py", line 191, in __call__
    |     response = await self.dispatch_func(request, call_next)
    |                ^^^^^^^^^^^^^^^^^^^^^^^^^^^^^^^^^^^^^^^^^^^^
    |   File "/app/backend/server.py", line 100, in log_requests
    |     response = await call_next(request)
    |                ^^^^^^^^^^^^^^^^^^^^^^^^
    |   File "/root/.venv/lib/python3.11/site-packages/starlette/middleware/base.py", line 165, in call_next
    |     raise app_exc
    |   File "/root/.venv/lib/python3.11/site-packages/starlette/middleware/base.py", line 151, in coro
    |     await self.app(scope, receive_or_disconnect, send_no_error)
    |   File "/root/.venv/lib/python3.11/site-packages/starlette/middleware/exceptions.py", line 65, in __call__
    |     await wrap_app_handling_exceptions(self.app, conn)(scope, receive, send)
    |   File "/root/.venv/lib/python3.11/site-packages/starlette/_exception_handler.py", line 64, in wrapped_app
    |     raise exc
    |   File "/root/.venv/lib/python3.11/site-packages/starlette/_exception_handler.py", line 53, in wrapped_app
    |     await app(scope, receive, sender)
    |   File "/root/.venv/lib/python3.11/site-packages/starlette/routing.py", line 756, in __call__
    |     await self.middleware_stack(scope, receive, send)
    |   File "/root/.venv/lib/python3.11/site-packages/starlette/routing.py", line 776, in app
    |     await route.handle(scope, receive, send)
    |   File "/root/.venv/lib/python3.11/site-packages/starlette/routing.py", line 297, in handle
    |     await self.app(scope, receive, send)
    |   File "/root/.venv/lib/python3.11/site-packages/starlette/routing.py", line 77, in app
    |     await wrap_app_handling_exceptions(app, request)(scope, receive, send)
    |   File "/root/.venv/lib/python3.11/site-packages/starlette/_exception_handler.py", line 64, in wrapped_app
    |     raise exc
    |   File "/root/.venv/lib/python3.11/site-packages/starlette/_exception_handler.py", line 53, in wrapped_app
    |     await app(scope, receive, sender)
    |   File "/root/.venv/lib/python3.11/site-packages/starlette/routing.py", line 72, in app
    |     response = await func(request)
    |                ^^^^^^^^^^^^^^^^^^^
    |   File "/root/.venv/lib/python3.11/site-packages/fastapi/routing.py", line 278, in app
    |     raw_response = await run_endpoint_function(
    |                    ^^^^^^^^^^^^^^^^^^^^^^^^^^^^
    |   File "/root/.venv/lib/python3.11/site-packages/fastapi/routing.py", line 191, in run_endpoint_function
    |     return await dependant.call(**values)
    |            ^^^^^^^^^^^^^^^^^^^^^^^^^^^^^^
    |   File "/app/backend/routes/merchant_hierarchy.py", line 794, in get_daily_report
    |     mp = await get_merchant_profile(uid)
    |          ^^^^^^^^^^^^^^^^^^^^^^^^^^^^^^^
    |   File "/app/backend/routes/merchant_hierarchy.py", line 125, in get_merchant_profile
    |     uid = str(user["_id"])
    |               ~~~~^^^^^^^
    | TypeError: string indices must be integers, not 'str'
    +------------------------------------

During handling of the above exception, another exception occurred:

Traceback (most recent call last):
  File "/root/.venv/lib/python3.11/site-packages/starlette/middleware/errors.py", line 164, in __call__
    await self.app(scope, receive, _send)
  File "/root/.venv/lib/python3.11/site-packages/starlette/middleware/cors.py", line 85, in __call__
    await self.app(scope, receive, send)
  File "/root/.venv/lib/python3.11/site-packages/starlette/middleware/base.py", line 189, in __call__
    with collapse_excgroups():
  File "/usr/local/lib/python3.11/contextlib.py", line 158, in __exit__
    self.gen.throw(typ, value, traceback)
  File "/root/.venv/lib/python3.11/site-packages/starlette/_utils.py", line 93, in collapse_excgroups
    raise exc
  File "/root/.venv/lib/python3.11/site-packages/starlette/middleware/base.py", line 191, in __call__
    response = await self.dispatch_func(request, call_next)
               ^^^^^^^^^^^^^^^^^^^^^^^^^^^^^^^^^^^^^^^^^^^^
  File "/app/backend/server.py", line 100, in log_requests
    response = await call_next(request)
               ^^^^^^^^^^^^^^^^^^^^^^^^
  File "/root/.venv/lib/python3.11/site-packages/starlette/middleware/base.py", line 165, in call_next
    raise app_exc
  File "/root/.venv/lib/python3.11/site-packages/starlette/middleware/base.py", line 151, in coro
    await self.app(scope, receive_or_disconnect, send_no_error)
  File "/root/.venv/lib/python3.11/site-packages/starlette/middleware/exceptions.py", line 65, in __call__
    await wrap_app_handling_exceptions(self.app, conn)(scope, receive, send)
  File "/root/.venv/lib/python3.11/site-packages/starlette/_exception_handler.py", line 64, in wrapped_app
    raise exc
  File "/root/.venv/lib/python3.11/site-packages/starlette/_exception_handler.py", line 53, in wrapped_app
    await app(scope, receive, sender)
  File "/root/.venv/lib/python3.11/site-packages/starlette/routing.py", line 756, in __call__
    await self.middleware_stack(scope, receive, send)
  File "/root/.venv/lib/python3.11/site-packages/starlette/routing.py", line 776, in app
    await route.handle(scope, receive, send)
  File "/root/.venv/lib/python3.11/site-packages/starlette/routing.py", line 297, in handle
    await self.app(scope, receive, send)
  File "/root/.venv/lib/python3.11/site-packages/starlette/routing.py", line 77, in app
    await wrap_app_handling_exceptions(app, request)(scope, receive, send)
  File "/root/.venv/lib/python3.11/site-packages/starlette/_exception_handler.py", line 64, in wrapped_app
    raise exc
  File "/root/.venv/lib/python3.11/site-packages/starlette/_exception_handler.py", line 53, in wrapped_app
    await app(scope, receive, sender)
  File "/root/.venv/lib/python3.11/site-packages/starlette/routing.py", line 72, in app
    response = await func(request)
               ^^^^^^^^^^^^^^^^^^^
  File "/root/.venv/lib/python3.11/site-packages/fastapi/routing.py", line 278, in app
    raw_response = await run_endpoint_function(
                   ^^^^^^^^^^^^^^^^^^^^^^^^^^^^
  File "/root/.venv/lib/python3.11/site-packages/fastapi/routing.py", line 191, in run_endpoint_function
    return await dependant.call(**values)
           ^^^^^^^^^^^^^^^^^^^^^^^^^^^^^^
  File "/app/backend/routes/merchant_hierarchy.py", line 794, in get_daily_report
    mp = await get_merchant_profile(uid)
         ^^^^^^^^^^^^^^^^^^^^^^^^^^^^^^^
  File "/app/backend/routes/merchant_hierarchy.py", line 125, in get_merchant_profile
    uid = str(user["_id"])
              ~~~~^^^^^^^
TypeError: string indices must be integers, not 'str'

2026-04-05 11:43:20,047 [ERROR] bidblitz: Unhandled error: GET /api/merchant-hierarchy/reports/monthly | string indices must be integers, not 'str'
  + Exception Group Traceback (most recent call last):
  |   File "/root/.venv/lib/python3.11/site-packages/starlette/_utils.py", line 87, in collapse_excgroups
  |     yield
  |   File "/root/.venv/lib/python3.11/site-packages/starlette/middleware/base.py", line 190, in __call__
  |     async with anyio.create_task_group() as task_group:
  |   File "/root/.venv/lib/python3.11/site-packages/anyio/_backends/_asyncio.py", line 799, in __aexit__
  |     raise BaseExceptionGroup(
  | ExceptionGroup: unhandled errors in a TaskGroup (1 sub-exception)
  +-+---------------- 1 ----------------
    | Traceback (most recent call last):
    |   File "/root/.venv/lib/python3.11/site-packages/starlette/middleware/errors.py", line 164, in __call__
    |     await self.app(scope, receive, _send)
    |   File "/root/.venv/lib/python3.11/site-packages/starlette/middleware/cors.py", line 85, in __call__
    |     await self.app(scope, receive, send)
    |   File "/root/.venv/lib/python3.11/site-packages/starlette/middleware/base.py", line 189, in __call__
    |     with collapse_excgroups():
    |   File "/usr/local/lib/python3.11/contextlib.py", line 158, in __exit__
    |     self.gen.throw(typ, value, traceback)
    |   File "/root/.venv/lib/python3.11/site-packages/starlette/_utils.py", line 93, in collapse_excgroups
    |     raise exc
    |   File "/root/.venv/lib/python3.11/site-packages/starlette/middleware/base.py", line 191, in __call__
    |     response = await self.dispatch_func(request, call_next)
    |                ^^^^^^^^^^^^^^^^^^^^^^^^^^^^^^^^^^^^^^^^^^^^
    |   File "/app/backend/server.py", line 100, in log_requests
    |     response = await call_next(request)
    |                ^^^^^^^^^^^^^^^^^^^^^^^^
    |   File "/root/.venv/lib/python3.11/site-packages/starlette/middleware/base.py", line 165, in call_next
    |     raise app_exc
    |   File "/root/.venv/lib/python3.11/site-packages/starlette/middleware/base.py", line 151, in coro
    |     await self.app(scope, receive_or_disconnect, send_no_error)
    |   File "/root/.venv/lib/python3.11/site-packages/starlette/middleware/exceptions.py", line 65, in __call__
    |     await wrap_app_handling_exceptions(self.app, conn)(scope, receive, send)
    |   File "/root/.venv/lib/python3.11/site-packages/starlette/_exception_handler.py", line 64, in wrapped_app
    |     raise exc
    |   File "/root/.venv/lib/python3.11/site-packages/starlette/_exception_handler.py", line 53, in wrapped_app
    |     await app(scope, receive, sender)
    |   File "/root/.venv/lib/python3.11/site-packages/starlette/routing.py", line 756, in __call__
    |     await self.middleware_stack(scope, receive, send)
    |   File "/root/.venv/lib/python3.11/site-packages/starlette/routing.py", line 776, in app
    |     await route.handle(scope, receive, send)
    |   File "/root/.venv/lib/python3.11/site-packages/starlette/routing.py", line 297, in handle
    |     await self.app(scope, receive, send)
    |   File "/root/.venv/lib/python3.11/site-packages/starlette/routing.py", line 77, in app
    |     await wrap_app_handling_exceptions(app, request)(scope, receive, send)
    |   File "/root/.venv/lib/python3.11/site-packages/starlette/_exception_handler.py", line 64, in wrapped_app
    |     raise exc
    |   File "/root/.venv/lib/python3.11/site-packages/starlette/_exception_handler.py", line 53, in wrapped_app
    |     await app(scope, receive, sender)
    |   File "/root/.venv/lib/python3.11/site-packages/starlette/routing.py", line 72, in app
    |     response = await func(request)
    |                ^^^^^^^^^^^^^^^^^^^
    |   File "/root/.venv/lib/python3.11/site-packages/fastapi/routing.py", line 278, in app
    |     raw_response = await run_endpoint_function(
    |                    ^^^^^^^^^^^^^^^^^^^^^^^^^^^^
    |   File "/root/.venv/lib/python3.11/site-packages/fastapi/routing.py", line 191, in run_endpoint_function
    |     return await dependant.call(**values)
    |            ^^^^^^^^^^^^^^^^^^^^^^^^^^^^^^
    |   File "/app/backend/routes/merchant_hierarchy.py", line 855, in get_monthly_report
    |     mp = await get_merchant_profile(uid)
    |          ^^^^^^^^^^^^^^^^^^^^^^^^^^^^^^^
    |   File "/app/backend/routes/merchant_hierarchy.py", line 125, in get_merchant_profile
    |     uid = str(user["_id"])
    |               ~~~~^^^^^^^
    | TypeError: string indices must be integers, not 'str'
    +------------------------------------

During handling of the above exception, another exception occurred:

Traceback (most recent call last):
  File "/root/.venv/lib/python3.11/site-packages/starlette/middleware/errors.py", line 164, in __call__
    await self.app(scope, receive, _send)
  File "/root/.venv/lib/python3.11/site-packages/starlette/middleware/cors.py", line 85, in __call__
    await self.app(scope, receive, send)
  File "/root/.venv/lib/python3.11/site-packages/starlette/middleware/base.py", line 189, in __call__
    with collapse_excgroups():
  File "/usr/local/lib/python3.11/contextlib.py", line 158, in __exit__
    self.gen.throw(typ, value, traceback)
  File "/root/.venv/lib/python3.11/site-packages/starlette/_utils.py", line 93, in collapse_excgroups
    raise exc
  File "/root/.venv/lib/python3.11/site-packages/starlette/middleware/base.py", line 191, in __call__
    response = await self.dispatch_func(request, call_next)
               ^^^^^^^^^^^^^^^^^^^^^^^^^^^^^^^^^^^^^^^^^^^^
  File "/app/backend/server.py", line 100, in log_requests
    response = await call_next(request)
               ^^^^^^^^^^^^^^^^^^^^^^^^
  File "/root/.venv/lib/python3.11/site-packages/starlette/middleware/base.py", line 165, in call_next
    raise app_exc
  File "/root/.venv/lib/python3.11/site-packages/starlette/middleware/base.py", line 151, in coro
    await self.app(scope, receive_or_disconnect, send_no_error)
  File "/root/.venv/lib/python3.11/site-packages/starlette/middleware/exceptions.py", line 65, in __call__
    await wrap_app_handling_exceptions(self.app, conn)(scope, receive, send)
  File "/root/.venv/lib/python3.11/site-packages/starlette/_exception_handler.py", line 64, in wrapped_app
    raise exc
  File "/root/.venv/lib/python3.11/site-packages/starlette/_exception_handler.py", line 53, in wrapped_app
    await app(scope, receive, sender)
  File "/root/.venv/lib/python3.11/site-packages/starlette/routing.py", line 756, in __call__
    await self.middleware_stack(scope, receive, send)
  File "/root/.venv/lib/python3.11/site-packages/starlette/routing.py", line 776, in app
    await route.handle(scope, receive, send)
  File "/root/.venv/lib/python3.11/site-packages/starlette/routing.py", line 297, in handle
    await self.app(scope, receive, send)
  File "/root/.venv/lib/python3.11/site-packages/starlette/routing.py", line 77, in app
    await wrap_app_handling_exceptions(app, request)(scope, receive, send)
  File "/root/.venv/lib/python3.11/site-packages/starlette/_exception_handler.py", line 64, in wrapped_app
    raise exc
  File "/root/.venv/lib/python3.11/site-packages/starlette/_exception_handler.py", line 53, in wrapped_app
    await app(scope, receive, sender)
  File "/root/.venv/lib/python3.11/site-packages/starlette/routing.py", line 72, in app
    response = await func(request)
               ^^^^^^^^^^^^^^^^^^^
  File "/root/.venv/lib/python3.11/site-packages/fastapi/routing.py", line 278, in app
    raw_response = await run_endpoint_function(
                   ^^^^^^^^^^^^^^^^^^^^^^^^^^^^
  File "/root/.venv/lib/python3.11/site-packages/fastapi/routing.py", line 191, in run_endpoint_function
    return await dependant.call(**values)
           ^^^^^^^^^^^^^^^^^^^^^^^^^^^^^^
  File "/app/backend/routes/merchant_hierarchy.py", line 855, in get_monthly_report
    mp = await get_merchant_profile(uid)
         ^^^^^^^^^^^^^^^^^^^^^^^^^^^^^^^
  File "/app/backend/routes/merchant_hierarchy.py", line 125, in get_merchant_profile
    uid = str(user["_id"])
              ~~~~^^^^^^^
TypeError: string indices must be integers, not 'str'

2026-04-05 11:43:20,193 [ERROR] bidblitz: Unhandled error: GET /api/merchant-hierarchy/shifts/active | string indices must be integers, not 'str'
  + Exception Group Traceback (most recent call last):
  |   File "/root/.venv/lib/python3.11/site-packages/starlette/_utils.py", line 87, in collapse_excgroups
  |     yield
  |   File "/root/.venv/lib/python3.11/site-packages/starlette/middleware/base.py", line 190, in __call__
  |     async with anyio.create_task_group() as task_group:
  |   File "/root/.venv/lib/python3.11/site-packages/anyio/_backends/_asyncio.py", line 799, in __aexit__
  |     raise BaseExceptionGroup(
  | ExceptionGroup: unhandled errors in a TaskGroup (1 sub-exception)
  +-+---------------- 1 ----------------
    | Traceback (most recent call last):
    |   File "/root/.venv/lib/python3.11/site-packages/starlette/middleware/errors.py", line 164, in __call__
    |     await self.app(scope, receive, _send)
    |   File "/root/.venv/lib/python3.11/site-packages/starlette/middleware/cors.py", line 85, in __call__
    |     await self.app(scope, receive, send)
    |   File "/root/.venv/lib/python3.11/site-packages/starlette/middleware/base.py", line 189, in __call__
    |     with collapse_excgroups():
    |   File "/usr/local/lib/python3.11/contextlib.py", line 158, in __exit__
    |     self.gen.throw(typ, value, traceback)
    |   File "/root/.venv/lib/python3.11/site-packages/starlette/_utils.py", line 93, in collapse_excgroups
    |     raise exc
    |   File "/root/.venv/lib/python3.11/site-packages/starlette/middleware/base.py", line 191, in __call__
    |     response = await self.dispatch_func(request, call_next)
    |                ^^^^^^^^^^^^^^^^^^^^^^^^^^^^^^^^^^^^^^^^^^^^
    |   File "/app/backend/server.py", line 100, in log_requests
    |     response = await call_next(request)
    |                ^^^^^^^^^^^^^^^^^^^^^^^^
    |   File "/root/.venv/lib/python3.11/site-packages/starlette/middleware/base.py", line 165, in call_next
    |     raise app_exc
    |   File "/root/.venv/lib/python3.11/site-packages/starlette/middleware/base.py", line 151, in coro
    |     await self.app(scope, receive_or_disconnect, send_no_error)
    |   File "/root/.venv/lib/python3.11/site-packages/starlette/middleware/exceptions.py", line 65, in __call__
    |     await wrap_app_handling_exceptions(self.app, conn)(scope, receive, send)
    |   File "/root/.venv/lib/python3.11/site-packages/starlette/_exception_handler.py", line 64, in wrapped_app
    |     raise exc
    |   File "/root/.venv/lib/python3.11/site-packages/starlette/_exception_handler.py", line 53, in wrapped_app
    |     await app(scope, receive, sender)
    |   File "/root/.venv/lib/python3.11/site-packages/starlette/routing.py", line 756, in __call__
    |     await self.middleware_stack(scope, receive, send)
    |   File "/root/.venv/lib/python3.11/site-packages/starlette/routing.py", line 776, in app
    |     await route.handle(scope, receive, send)
    |   File "/root/.venv/lib/python3.11/site-packages/starlette/routing.py", line 297, in handle
    |     await self.app(scope, receive, send)
    |   File "/root/.venv/lib/python3.11/site-packages/starlette/routing.py", line 77, in app
    |     await wrap_app_handling_exceptions(app, request)(scope, receive, send)
    |   File "/root/.venv/lib/python3.11/site-packages/starlette/_exception_handler.py", line 64, in wrapped_app
    |     raise exc
    |   File "/root/.venv/lib/python3.11/site-packages/starlette/_exception_handler.py", line 53, in wrapped_app
    |     await app(scope, receive, sender)
    |   File "/root/.venv/lib/python3.11/site-packages/starlette/routing.py", line 72, in app
    |     response = await func(request)
    |                ^^^^^^^^^^^^^^^^^^^
    |   File "/root/.venv/lib/python3.11/site-packages/fastapi/routing.py", line 278, in app
    |     raw_response = await run_endpoint_function(
    |                    ^^^^^^^^^^^^^^^^^^^^^^^^^^^^
    |   File "/root/.venv/lib/python3.11/site-packages/fastapi/routing.py", line 191, in run_endpoint_function
    |     return await dependant.call(**values)
    |            ^^^^^^^^^^^^^^^^^^^^^^^^^^^^^^
    |   File "/app/backend/routes/merchant_hierarchy.py", line 778, in get_active_shift
    |     mp = await get_merchant_profile(uid)
    |          ^^^^^^^^^^^^^^^^^^^^^^^^^^^^^^^
    |   File "/app/backend/routes/merchant_hierarchy.py", line 125, in get_merchant_profile
    |     uid = str(user["_id"])
    |               ~~~~^^^^^^^
    | TypeError: string indices must be integers, not 'str'
    +------------------------------------

During handling of the above exception, another exception occurred:

Traceback (most recent call last):
  File "/root/.venv/lib/python3.11/site-packages/starlette/middleware/errors.py", line 164, in __call__
    await self.app(scope, receive, _send)
  File "/root/.venv/lib/python3.11/site-packages/starlette/middleware/cors.py", line 85, in __call__
    await self.app(scope, receive, send)
  File "/root/.venv/lib/python3.11/site-packages/starlette/middleware/base.py", line 189, in __call__
    with collapse_excgroups():
  File "/usr/local/lib/python3.11/contextlib.py", line 158, in __exit__
    self.gen.throw(typ, value, traceback)
  File "/root/.venv/lib/python3.11/site-packages/starlette/_utils.py", line 93, in collapse_excgroups
    raise exc
  File "/root/.venv/lib/python3.11/site-packages/starlette/middleware/base.py", line 191, in __call__
    response = await self.dispatch_func(request, call_next)
               ^^^^^^^^^^^^^^^^^^^^^^^^^^^^^^^^^^^^^^^^^^^^
  File "/app/backend/server.py", line 100, in log_requests
    response = await call_next(request)
               ^^^^^^^^^^^^^^^^^^^^^^^^
  File "/root/.venv/lib/python3.11/site-packages/starlette/middleware/base.py", line 165, in call_next
    raise app_exc
  File "/root/.venv/lib/python3.11/site-packages/starlette/middleware/base.py", line 151, in coro
    await self.app(scope, receive_or_disconnect, send_no_error)
  File "/root/.venv/lib/python3.11/site-packages/starlette/middleware/exceptions.py", line 65, in __call__
    await wrap_app_handling_exceptions(self.app, conn)(scope, receive, send)
  File "/root/.venv/lib/python3.11/site-packages/starlette/_exception_handler.py", line 64, in wrapped_app
    raise exc
  File "/root/.venv/lib/python3.11/site-packages/starlette/_exception_handler.py", line 53, in wrapped_app
    await app(scope, receive, sender)
  File "/root/.venv/lib/python3.11/site-packages/starlette/routing.py", line 756, in __call__
    await self.middleware_stack(scope, receive, send)
  File "/root/.venv/lib/python3.11/site-packages/starlette/routing.py", line 776, in app
    await route.handle(scope, receive, send)
  File "/root/.venv/lib/python3.11/site-packages/starlette/routing.py", line 297, in handle
    await self.app(scope, receive, send)
  File "/root/.venv/lib/python3.11/site-packages/starlette/routing.py", line 77, in app
    await wrap_app_handling_exceptions(app, request)(scope, receive, send)
  File "/root/.venv/lib/python3.11/site-packages/starlette/_exception_handler.py", line 64, in wrapped_app
    raise exc
  File "/root/.venv/lib/python3.11/site-packages/starlette/_exception_handler.py", line 53, in wrapped_app
    await app(scope, receive, sender)
  File "/root/.venv/lib/python3.11/site-packages/starlette/routing.py", line 72, in app
    response = await func(request)
               ^^^^^^^^^^^^^^^^^^^
  File "/root/.venv/lib/python3.11/site-packages/fastapi/routing.py", line 278, in app
    raw_response = await run_endpoint_function(
                   ^^^^^^^^^^^^^^^^^^^^^^^^^^^^
  File "/root/.venv/lib/python3.11/site-packages/fastapi/routing.py", line 191, in run_endpoint_function
    return await dependant.call(**values)
           ^^^^^^^^^^^^^^^^^^^^^^^^^^^^^^
  File "/app/backend/routes/merchant_hierarchy.py", line 778, in get_active_shift
    mp = await get_merchant_profile(uid)
         ^^^^^^^^^^^^^^^^^^^^^^^^^^^^^^^
  File "/app/backend/routes/merchant_hierarchy.py", line 125, in get_merchant_profile
    uid = str(user["_id"])
              ~~~~^^^^^^^
TypeError: string indices must be integers, not 'str'

2026-04-05 11:45:18,960 [ERROR] bidblitz.merchant_connect: Stripe Connect account creation failed: Invalid API Key provided: sk_test_****gent
2026-04-05 11:45:18,961 [ERROR] bidblitz: 5xx: POST /api/merchant-connect/create-account → 500 (439ms)
2026-04-05 11:45:22,792 [ERROR] bidblitz.merchant_connect: Stripe Connect account creation failed: Invalid API Key provided: sk_test_****gent
2026-04-05 11:45:22,792 [ERROR] bidblitz: 5xx: POST /api/merchant-connect/create-account → 500 (31ms)
2026-04-07 18:30:26,377 [ERROR] bidblitz.compliance: Compliance check failed: id must be an instance of (bytes, str, ObjectId), not <class 'dict'>
2026-04-07 18:30:26,779 [ERROR] bidblitz: 5xx: POST /api/stripe/quick-topup → 500 (404ms)
2026-04-07 18:36:34,019 [ERROR] bidblitz: Unhandled error: POST /api/stripe/checkout | Request req_3pqjn1qg7CoiEs: No such customer: 'cus_test123'
  + Exception Group Traceback (most recent call last):
  |   File "/root/.venv/lib/python3.11/site-packages/starlette/_utils.py", line 87, in collapse_excgroups
  |     yield
  |   File "/root/.venv/lib/python3.11/site-packages/starlette/middleware/base.py", line 190, in __call__
  |     async with anyio.create_task_group() as task_group:
  |   File "/root/.venv/lib/python3.11/site-packages/anyio/_backends/_asyncio.py", line 799, in __aexit__
  |     raise BaseExceptionGroup(
  | ExceptionGroup: unhandled errors in a TaskGroup (1 sub-exception)
  +-+---------------- 1 ----------------
    | Traceback (most recent call last):
    |   File "/root/.venv/lib/python3.11/site-packages/starlette/middleware/errors.py", line 164, in __call__
    |     await self.app(scope, receive, _send)
    |   File "/root/.venv/lib/python3.11/site-packages/starlette/middleware/cors.py", line 85, in __call__
    |     await self.app(scope, receive, send)
    |   File "/root/.venv/lib/python3.11/site-packages/starlette/middleware/base.py", line 189, in __call__
    |     with collapse_excgroups():
    |   File "/usr/local/lib/python3.11/contextlib.py", line 158, in __exit__
    |     self.gen.throw(typ, value, traceback)
    |   File "/root/.venv/lib/python3.11/site-packages/starlette/_utils.py", line 93, in collapse_excgroups
    |     raise exc
    |   File "/root/.venv/lib/python3.11/site-packages/starlette/middleware/base.py", line 191, in __call__
    |     response = await self.dispatch_func(request, call_next)
    |                ^^^^^^^^^^^^^^^^^^^^^^^^^^^^^^^^^^^^^^^^^^^^
    |   File "/app/backend/server.py", line 100, in log_requests
    |     response = await call_next(request)
    |                ^^^^^^^^^^^^^^^^^^^^^^^^
    |   File "/root/.venv/lib/python3.11/site-packages/starlette/middleware/base.py", line 165, in call_next
    |     raise app_exc
    |   File "/root/.venv/lib/python3.11/site-packages/starlette/middleware/base.py", line 151, in coro
    |     await self.app(scope, receive_or_disconnect, send_no_error)
    |   File "/root/.venv/lib/python3.11/site-packages/starlette/middleware/exceptions.py", line 65, in __call__
    |     await wrap_app_handling_exceptions(self.app, conn)(scope, receive, send)
    |   File "/root/.venv/lib/python3.11/site-packages/starlette/_exception_handler.py", line 64, in wrapped_app
    |     raise exc
    |   File "/root/.venv/lib/python3.11/site-packages/starlette/_exception_handler.py", line 53, in wrapped_app
    |     await app(scope, receive, sender)
    |   File "/root/.venv/lib/python3.11/site-packages/starlette/routing.py", line 756, in __call__
    |     await self.middleware_stack(scope, receive, send)
    |   File "/root/.venv/lib/python3.11/site-packages/starlette/routing.py", line 776, in app
    |     await route.handle(scope, receive, send)
    |   File "/root/.venv/lib/python3.11/site-packages/starlette/routing.py", line 297, in handle
    |     await self.app(scope, receive, send)
    |   File "/root/.venv/lib/python3.11/site-packages/starlette/routing.py", line 77, in app
    |     await wrap_app_handling_exceptions(app, request)(scope, receive, send)
    |   File "/root/.venv/lib/python3.11/site-packages/starlette/_exception_handler.py", line 64, in wrapped_app
    |     raise exc
    |   File "/root/.venv/lib/python3.11/site-packages/starlette/_exception_handler.py", line 53, in wrapped_app
    |     await app(scope, receive, sender)
    |   File "/root/.venv/lib/python3.11/site-packages/starlette/routing.py", line 72, in app
    |     response = await func(request)
    |                ^^^^^^^^^^^^^^^^^^^
    |   File "/root/.venv/lib/python3.11/site-packages/fastapi/routing.py", line 278, in app
    |     raw_response = await run_endpoint_function(
    |                    ^^^^^^^^^^^^^^^^^^^^^^^^^^^^
    |   File "/root/.venv/lib/python3.11/site-packages/fastapi/routing.py", line 191, in run_endpoint_function
    |     return await dependant.call(**values)
    |            ^^^^^^^^^^^^^^^^^^^^^^^^^^^^^^
    |   File "/root/.venv/lib/python3.11/site-packages/slowapi/extension.py", line 734, in async_wrapper
    |     response = await func(*args, **kwargs)  # type: ignore
    |                ^^^^^^^^^^^^^^^^^^^^^^^^^^^
    |   File "/app/backend/routes/stripe.py", line 128, in create_checkout
    |     session = stripe.checkout.Session.create(**session_params)
    |               ^^^^^^^^^^^^^^^^^^^^^^^^^^^^^^^^^^^^^^^^^^^^^^^^
    |   File "/root/.venv/lib/python3.11/site-packages/stripe/checkout/_session.py", line 2471, in create
    |     cls._static_request(
    |   File "/root/.venv/lib/python3.11/site-packages/stripe/_api_resource.py", line 172, in _static_request
    |     return _APIRequestor._global_instance().request(
    |            ^^^^^^^^^^^^^^^^^^^^^^^^^^^^^^^^^^^^^^^^^
    |   File "/root/.venv/lib/python3.11/site-packages/stripe/_api_requestor.py", line 211, in request
    |     resp = requestor._interpret_response(rbody, rcode, rheaders, api_mode)
    |            ^^^^^^^^^^^^^^^^^^^^^^^^^^^^^^^^^^^^^^^^^^^^^^^^^^^^^^^^^^^^^^^
    |   File "/root/.venv/lib/python3.11/site-packages/stripe/_api_requestor.py", line 897, in _interpret_response
    |     self.handle_error_response(
    |   File "/root/.venv/lib/python3.11/site-packages/stripe/_api_requestor.py", line 352, in handle_error_response
    |     raise err
    | stripe._error.InvalidRequestError: Request req_3pqjn1qg7CoiEs: No such customer: 'cus_test123'
    +------------------------------------

During handling of the above exception, another exception occurred:

Traceback (most recent call last):
  File "/root/.venv/lib/python3.11/site-packages/starlette/middleware/errors.py", line 164, in __call__
    await self.app(scope, receive, _send)
  File "/root/.venv/lib/python3.11/site-packages/starlette/middleware/cors.py", line 85, in __call__
    await self.app(scope, receive, send)
  File "/root/.venv/lib/python3.11/site-packages/starlette/middleware/base.py", line 189, in __call__
    with collapse_excgroups():
  File "/usr/local/lib/python3.11/contextlib.py", line 158, in __exit__
    self.gen.throw(typ, value, traceback)
  File "/root/.venv/lib/python3.11/site-packages/starlette/_utils.py", line 93, in collapse_excgroups
    raise exc
  File "/root/.venv/lib/python3.11/site-packages/starlette/middleware/base.py", line 191, in __call__
    response = await self.dispatch_func(request, call_next)
               ^^^^^^^^^^^^^^^^^^^^^^^^^^^^^^^^^^^^^^^^^^^^
  File "/app/backend/server.py", line 100, in log_requests
    response = await call_next(request)
               ^^^^^^^^^^^^^^^^^^^^^^^^
  File "/root/.venv/lib/python3.11/site-packages/starlette/middleware/base.py", line 165, in call_next
    raise app_exc
  File "/root/.venv/lib/python3.11/site-packages/starlette/middleware/base.py", line 151, in coro
    await self.app(scope, receive_or_disconnect, send_no_error)
  File "/root/.venv/lib/python3.11/site-packages/starlette/middleware/exceptions.py", line 65, in __call__
    await wrap_app_handling_exceptions(self.app, conn)(scope, receive, send)
  File "/root/.venv/lib/python3.11/site-packages/starlette/_exception_handler.py", line 64, in wrapped_app
    raise exc
  File "/root/.venv/lib/python3.11/site-packages/starlette/_exception_handler.py", line 53, in wrapped_app
    await app(scope, receive, sender)
  File "/root/.venv/lib/python3.11/site-packages/starlette/routing.py", line 756, in __call__
    await self.middleware_stack(scope, receive, send)
  File "/root/.venv/lib/python3.11/site-packages/starlette/routing.py", line 776, in app
    await route.handle(scope, receive, send)
  File "/root/.venv/lib/python3.11/site-packages/starlette/routing.py", line 297, in handle
    await self.app(scope, receive, send)
  File "/root/.venv/lib/python3.11/site-packages/starlette/routing.py", line 77, in app
    await wrap_app_handling_exceptions(app, request)(scope, receive, send)
  File "/root/.venv/lib/python3.11/site-packages/starlette/_exception_handler.py", line 64, in wrapped_app
    raise exc
  File "/root/.venv/lib/python3.11/site-packages/starlette/_exception_handler.py", line 53, in wrapped_app
    await app(scope, receive, sender)
  File "/root/.venv/lib/python3.11/site-packages/starlette/routing.py", line 72, in app
    response = await func(request)
               ^^^^^^^^^^^^^^^^^^^
  File "/root/.venv/lib/python3.11/site-packages/fastapi/routing.py", line 278, in app
    raw_response = await run_endpoint_function(
                   ^^^^^^^^^^^^^^^^^^^^^^^^^^^^
  File "/root/.venv/lib/python3.11/site-packages/fastapi/routing.py", line 191, in run_endpoint_function
    return await dependant.call(**values)
           ^^^^^^^^^^^^^^^^^^^^^^^^^^^^^^
  File "/root/.venv/lib/python3.11/site-packages/slowapi/extension.py", line 734, in async_wrapper
    response = await func(*args, **kwargs)  # type: ignore
               ^^^^^^^^^^^^^^^^^^^^^^^^^^^
  File "/app/backend/routes/stripe.py", line 128, in create_checkout
    session = stripe.checkout.Session.create(**session_params)
              ^^^^^^^^^^^^^^^^^^^^^^^^^^^^^^^^^^^^^^^^^^^^^^^^
  File "/root/.venv/lib/python3.11/site-packages/stripe/checkout/_session.py", line 2471, in create
    cls._static_request(
  File "/root/.venv/lib/python3.11/site-packages/stripe/_api_resource.py", line 172, in _static_request
    return _APIRequestor._global_instance().request(
           ^^^^^^^^^^^^^^^^^^^^^^^^^^^^^^^^^^^^^^^^^
  File "/root/.venv/lib/python3.11/site-packages/stripe/_api_requestor.py", line 211, in request
    resp = requestor._interpret_response(rbody, rcode, rheaders, api_mode)
           ^^^^^^^^^^^^^^^^^^^^^^^^^^^^^^^^^^^^^^^^^^^^^^^^^^^^^^^^^^^^^^^
  File "/root/.venv/lib/python3.11/site-packages/stripe/_api_requestor.py", line 897, in _interpret_response
    self.handle_error_response(
  File "/root/.venv/lib/python3.11/site-packages/stripe/_api_requestor.py", line 352, in handle_error_response
    raise err
stripe._error.InvalidRequestError: Request req_3pqjn1qg7CoiEs: No such customer: 'cus_test123'

2026-04-07 18:50:41,393 [ERROR] bidblitz: Unhandled error: GET /api/payments/receipt/f099ddf4aee9a067 | 'f099ddf4aee9a067' is not a valid ObjectId, it must be a 12-byte input or a 24-character hex string
  + Exception Group Traceback (most recent call last):
  |   File "/root/.venv/lib/python3.11/site-packages/starlette/_utils.py", line 87, in collapse_excgroups
  |     yield
  |   File "/root/.venv/lib/python3.11/site-packages/starlette/middleware/base.py", line 190, in __call__
  |     async with anyio.create_task_group() as task_group:
  |   File "/root/.venv/lib/python3.11/site-packages/anyio/_backends/_asyncio.py", line 799, in __aexit__
  |     raise BaseExceptionGroup(
  | ExceptionGroup: unhandled errors in a TaskGroup (1 sub-exception)
  +-+---------------- 1 ----------------
    | Traceback (most recent call last):
    |   File "/root/.venv/lib/python3.11/site-packages/starlette/middleware/errors.py", line 164, in __call__
    |     await self.app(scope, receive, _send)
    |   File "/root/.venv/lib/python3.11/site-packages/starlette/middleware/cors.py", line 85, in __call__
    |     await self.app(scope, receive, send)
    |   File "/root/.venv/lib/python3.11/site-packages/starlette/middleware/base.py", line 189, in __call__
    |     with collapse_excgroups():
    |   File "/usr/local/lib/python3.11/contextlib.py", line 158, in __exit__
    |     self.gen.throw(typ, value, traceback)
    |   File "/root/.venv/lib/python3.11/site-packages/starlette/_utils.py", line 93, in collapse_excgroups
    |     raise exc
    |   File "/root/.venv/lib/python3.11/site-packages/starlette/middleware/base.py", line 191, in __call__
    |     response = await self.dispatch_func(request, call_next)
    |                ^^^^^^^^^^^^^^^^^^^^^^^^^^^^^^^^^^^^^^^^^^^^
    |   File "/app/backend/server.py", line 100, in log_requests
    |     response = await call_next(request)
    |                ^^^^^^^^^^^^^^^^^^^^^^^^
    |   File "/root/.venv/lib/python3.11/site-packages/starlette/middleware/base.py", line 165, in call_next
    |     raise app_exc
    |   File "/root/.venv/lib/python3.11/site-packages/starlette/middleware/base.py", line 151, in coro
    |     await self.app(scope, receive_or_disconnect, send_no_error)
    |   File "/root/.venv/lib/python3.11/site-packages/starlette/middleware/exceptions.py", line 65, in __call__
    |     await wrap_app_handling_exceptions(self.app, conn)(scope, receive, send)
    |   File "/root/.venv/lib/python3.11/site-packages/starlette/_exception_handler.py", line 64, in wrapped_app
    |     raise exc
    |   File "/root/.venv/lib/python3.11/site-packages/starlette/_exception_handler.py", line 53, in wrapped_app
    |     await app(scope, receive, sender)
    |   File "/root/.venv/lib/python3.11/site-packages/starlette/routing.py", line 756, in __call__
    |     await self.middleware_stack(scope, receive, send)
    |   File "/root/.venv/lib/python3.11/site-packages/starlette/routing.py", line 776, in app
    |     await route.handle(scope, receive, send)
    |   File "/root/.venv/lib/python3.11/site-packages/starlette/routing.py", line 297, in handle
    |     await self.app(scope, receive, send)
    |   File "/root/.venv/lib/python3.11/site-packages/starlette/routing.py", line 77, in app
    |     await wrap_app_handling_exceptions(app, request)(scope, receive, send)
    |   File "/root/.venv/lib/python3.11/site-packages/starlette/_exception_handler.py", line 64, in wrapped_app
    |     raise exc
    |   File "/root/.venv/lib/python3.11/site-packages/starlette/_exception_handler.py", line 53, in wrapped_app
    |     await app(scope, receive, sender)
    |   File "/root/.venv/lib/python3.11/site-packages/starlette/routing.py", line 72, in app
    |     response = await func(request)
    |                ^^^^^^^^^^^^^^^^^^^
    |   File "/root/.venv/lib/python3.11/site-packages/fastapi/routing.py", line 278, in app
    |     raw_response = await run_endpoint_function(
    |                    ^^^^^^^^^^^^^^^^^^^^^^^^^^^^
    |   File "/root/.venv/lib/python3.11/site-packages/fastapi/routing.py", line 191, in run_endpoint_function
    |     return await dependant.call(**values)
    |            ^^^^^^^^^^^^^^^^^^^^^^^^^^^^^^
    |   File "/app/backend/routes/pos_payments.py", line 504, in get_receipt
    |     txn = await db.merchant_transactions.find_one({"_id": ObjectId(txn_id)}, {"_id": 0})
    |                                                           ^^^^^^^^^^^^^^^^
    |   File "/root/.venv/lib/python3.11/site-packages/bson/objectid.py", line 102, in __init__
    |     self.__validate(oid)
    |   File "/root/.venv/lib/python3.11/site-packages/bson/objectid.py", line 200, in __validate
    |     _raise_invalid_id(oid)
    |   File "/root/.venv/lib/python3.11/site-packages/bson/objectid.py", line 34, in _raise_invalid_id
    |     raise InvalidId(
    | bson.errors.InvalidId: 'f099ddf4aee9a067' is not a valid ObjectId, it must be a 12-byte input or a 24-character hex string
    +------------------------------------

During handling of the above exception, another exception occurred:

Traceback (most recent call last):
  File "/root/.venv/lib/python3.11/site-packages/starlette/middleware/errors.py", line 164, in __call__
    await self.app(scope, receive, _send)
  File "/root/.venv/lib/python3.11/site-packages/starlette/middleware/cors.py", line 85, in __call__
    await self.app(scope, receive, send)
  File "/root/.venv/lib/python3.11/site-packages/starlette/middleware/base.py", line 189, in __call__
    with collapse_excgroups():
  File "/usr/local/lib/python3.11/contextlib.py", line 158, in __exit__
    self.gen.throw(typ, value, traceback)
  File "/root/.venv/lib/python3.11/site-packages/starlette/_utils.py", line 93, in collapse_excgroups
    raise exc
  File "/root/.venv/lib/python3.11/site-packages/starlette/middleware/base.py", line 191, in __call__
    response = await self.dispatch_func(request, call_next)
               ^^^^^^^^^^^^^^^^^^^^^^^^^^^^^^^^^^^^^^^^^^^^
  File "/app/backend/server.py", line 100, in log_requests
    response = await call_next(request)
               ^^^^^^^^^^^^^^^^^^^^^^^^
  File "/root/.venv/lib/python3.11/site-packages/starlette/middleware/base.py", line 165, in call_next
    raise app_exc
  File "/root/.venv/lib/python3.11/site-packages/starlette/middleware/base.py", line 151, in coro
    await self.app(scope, receive_or_disconnect, send_no_error)
  File "/root/.venv/lib/python3.11/site-packages/starlette/middleware/exceptions.py", line 65, in __call__
    await wrap_app_handling_exceptions(self.app, conn)(scope, receive, send)
  File "/root/.venv/lib/python3.11/site-packages/starlette/_exception_handler.py", line 64, in wrapped_app
    raise exc
  File "/root/.venv/lib/python3.11/site-packages/starlette/_exception_handler.py", line 53, in wrapped_app
    await app(scope, receive, sender)
  File "/root/.venv/lib/python3.11/site-packages/starlette/routing.py", line 756, in __call__
    await self.middleware_stack(scope, receive, send)
  File "/root/.venv/lib/python3.11/site-packages/starlette/routing.py", line 776, in app
    await route.handle(scope, receive, send)
  File "/root/.venv/lib/python3.11/site-packages/starlette/routing.py", line 297, in handle
    await self.app(scope, receive, send)
  File "/root/.venv/lib/python3.11/site-packages/starlette/routing.py", line 77, in app
    await wrap_app_handling_exceptions(app, request)(scope, receive, send)
  File "/root/.venv/lib/python3.11/site-packages/starlette/_exception_handler.py", line 64, in wrapped_app
    raise exc
  File "/root/.venv/lib/python3.11/site-packages/starlette/_exception_handler.py", line 53, in wrapped_app
    await app(scope, receive, sender)
  File "/root/.venv/lib/python3.11/site-packages/starlette/routing.py", line 72, in app
    response = await func(request)
               ^^^^^^^^^^^^^^^^^^^
  File "/root/.venv/lib/python3.11/site-packages/fastapi/routing.py", line 278, in app
    raw_response = await run_endpoint_function(
                   ^^^^^^^^^^^^^^^^^^^^^^^^^^^^
  File "/root/.venv/lib/python3.11/site-packages/fastapi/routing.py", line 191, in run_endpoint_function
    return await dependant.call(**values)
           ^^^^^^^^^^^^^^^^^^^^^^^^^^^^^^
  File "/app/backend/routes/pos_payments.py", line 504, in get_receipt
    txn = await db.merchant_transactions.find_one({"_id": ObjectId(txn_id)}, {"_id": 0})
                                                          ^^^^^^^^^^^^^^^^
  File "/root/.venv/lib/python3.11/site-packages/bson/objectid.py", line 102, in __init__
    self.__validate(oid)
  File "/root/.venv/lib/python3.11/site-packages/bson/objectid.py", line 200, in __validate
    _raise_invalid_id(oid)
  File "/root/.venv/lib/python3.11/site-packages/bson/objectid.py", line 34, in _raise_invalid_id
    raise InvalidId(
bson.errors.InvalidId: 'f099ddf4aee9a067' is not a valid ObjectId, it must be a 12-byte input or a 24-character hex string

2026-04-07 18:51:01,917 [ERROR] bidblitz: Unhandled error: GET /api/payments/receipt/652f6c69de7299a4 | '652f6c69de7299a4' is not a valid ObjectId, it must be a 12-byte input or a 24-character hex string
  + Exception Group Traceback (most recent call last):
  |   File "/root/.venv/lib/python3.11/site-packages/starlette/_utils.py", line 87, in collapse_excgroups
  |     yield
  |   File "/root/.venv/lib/python3.11/site-packages/starlette/middleware/base.py", line 190, in __call__
  |     async with anyio.create_task_group() as task_group:
  |   File "/root/.venv/lib/python3.11/site-packages/anyio/_backends/_asyncio.py", line 799, in __aexit__
  |     raise BaseExceptionGroup(
  | ExceptionGroup: unhandled errors in a TaskGroup (1 sub-exception)
  +-+---------------- 1 ----------------
    | Traceback (most recent call last):
    |   File "/root/.venv/lib/python3.11/site-packages/starlette/middleware/errors.py", line 164, in __call__
    |     await self.app(scope, receive, _send)
    |   File "/root/.venv/lib/python3.11/site-packages/starlette/middleware/cors.py", line 85, in __call__
    |     await self.app(scope, receive, send)
    |   File "/root/.venv/lib/python3.11/site-packages/starlette/middleware/base.py", line 189, in __call__
    |     with collapse_excgroups():
    |   File "/usr/local/lib/python3.11/contextlib.py", line 158, in __exit__
    |     self.gen.throw(typ, value, traceback)
    |   File "/root/.venv/lib/python3.11/site-packages/starlette/_utils.py", line 93, in collapse_excgroups
    |     raise exc
    |   File "/root/.venv/lib/python3.11/site-packages/starlette/middleware/base.py", line 191, in __call__
    |     response = await self.dispatch_func(request, call_next)
    |                ^^^^^^^^^^^^^^^^^^^^^^^^^^^^^^^^^^^^^^^^^^^^
    |   File "/app/backend/server.py", line 100, in log_requests
    |     response = await call_next(request)
    |                ^^^^^^^^^^^^^^^^^^^^^^^^
    |   File "/root/.venv/lib/python3.11/site-packages/starlette/middleware/base.py", line 165, in call_next
    |     raise app_exc
    |   File "/root/.venv/lib/python3.11/site-packages/starlette/middleware/base.py", line 151, in coro
    |     await self.app(scope, receive_or_disconnect, send_no_error)
    |   File "/root/.venv/lib/python3.11/site-packages/starlette/middleware/exceptions.py", line 65, in __call__
    |     await wrap_app_handling_exceptions(self.app, conn)(scope, receive, send)
    |   File "/root/.venv/lib/python3.11/site-packages/starlette/_exception_handler.py", line 64, in wrapped_app
    |     raise exc
    |   File "/root/.venv/lib/python3.11/site-packages/starlette/_exception_handler.py", line 53, in wrapped_app
    |     await app(scope, receive, sender)
    |   File "/root/.venv/lib/python3.11/site-packages/starlette/routing.py", line 756, in __call__
    |     await self.middleware_stack(scope, receive, send)
    |   File "/root/.venv/lib/python3.11/site-packages/starlette/routing.py", line 776, in app
    |     await route.handle(scope, receive, send)
    |   File "/root/.venv/lib/python3.11/site-packages/starlette/routing.py", line 297, in handle
    |     await self.app(scope, receive, send)
    |   File "/root/.venv/lib/python3.11/site-packages/starlette/routing.py", line 77, in app
    |     await wrap_app_handling_exceptions(app, request)(scope, receive, send)
    |   File "/root/.venv/lib/python3.11/site-packages/starlette/_exception_handler.py", line 64, in wrapped_app
    |     raise exc
    |   File "/root/.venv/lib/python3.11/site-packages/starlette/_exception_handler.py", line 53, in wrapped_app
    |     await app(scope, receive, sender)
    |   File "/root/.venv/lib/python3.11/site-packages/starlette/routing.py", line 72, in app
    |     response = await func(request)
    |                ^^^^^^^^^^^^^^^^^^^
    |   File "/root/.venv/lib/python3.11/site-packages/fastapi/routing.py", line 278, in app
    |     raw_response = await run_endpoint_function(
    |                    ^^^^^^^^^^^^^^^^^^^^^^^^^^^^
    |   File "/root/.venv/lib/python3.11/site-packages/fastapi/routing.py", line 191, in run_endpoint_function
    |     return await dependant.call(**values)
    |            ^^^^^^^^^^^^^^^^^^^^^^^^^^^^^^
    |   File "/app/backend/routes/pos_payments.py", line 504, in get_receipt
    |     txn = await db.merchant_transactions.find_one({"_id": ObjectId(txn_id)}, {"_id": 0})
    |                                                           ^^^^^^^^^^^^^^^^
    |   File "/root/.venv/lib/python3.11/site-packages/bson/objectid.py", line 102, in __init__
    |     self.__validate(oid)
    |   File "/root/.venv/lib/python3.11/site-packages/bson/objectid.py", line 200, in __validate
    |     _raise_invalid_id(oid)
    |   File "/root/.venv/lib/python3.11/site-packages/bson/objectid.py", line 34, in _raise_invalid_id
    |     raise InvalidId(
    | bson.errors.InvalidId: '652f6c69de7299a4' is not a valid ObjectId, it must be a 12-byte input or a 24-character hex string
    +------------------------------------

During handling of the above exception, another exception occurred:

Traceback (most recent call last):
  File "/root/.venv/lib/python3.11/site-packages/starlette/middleware/errors.py", line 164, in __call__
    await self.app(scope, receive, _send)
  File "/root/.venv/lib/python3.11/site-packages/starlette/middleware/cors.py", line 85, in __call__
    await self.app(scope, receive, send)
  File "/root/.venv/lib/python3.11/site-packages/starlette/middleware/base.py", line 189, in __call__
    with collapse_excgroups():
  File "/usr/local/lib/python3.11/contextlib.py", line 158, in __exit__
    self.gen.throw(typ, value, traceback)
  File "/root/.venv/lib/python3.11/site-packages/starlette/_utils.py", line 93, in collapse_excgroups
    raise exc
  File "/root/.venv/lib/python3.11/site-packages/starlette/middleware/base.py", line 191, in __call__
    response = await self.dispatch_func(request, call_next)
               ^^^^^^^^^^^^^^^^^^^^^^^^^^^^^^^^^^^^^^^^^^^^
  File "/app/backend/server.py", line 100, in log_requests
    response = await call_next(request)
               ^^^^^^^^^^^^^^^^^^^^^^^^
  File "/root/.venv/lib/python3.11/site-packages/starlette/middleware/base.py", line 165, in call_next
    raise app_exc
  File "/root/.venv/lib/python3.11/site-packages/starlette/middleware/base.py", line 151, in coro
    await self.app(scope, receive_or_disconnect, send_no_error)
  File "/root/.venv/lib/python3.11/site-packages/starlette/middleware/exceptions.py", line 65, in __call__
    await wrap_app_handling_exceptions(self.app, conn)(scope, receive, send)
  File "/root/.venv/lib/python3.11/site-packages/starlette/_exception_handler.py", line 64, in wrapped_app
    raise exc
  File "/root/.venv/lib/python3.11/site-packages/starlette/_exception_handler.py", line 53, in wrapped_app
    await app(scope, receive, sender)
  File "/root/.venv/lib/python3.11/site-packages/starlette/routing.py", line 756, in __call__
    await self.middleware_stack(scope, receive, send)
  File "/root/.venv/lib/python3.11/site-packages/starlette/routing.py", line 776, in app
    await route.handle(scope, receive, send)
  File "/root/.venv/lib/python3.11/site-packages/starlette/routing.py", line 297, in handle
    await self.app(scope, receive, send)
  File "/root/.venv/lib/python3.11/site-packages/starlette/routing.py", line 77, in app
    await wrap_app_handling_exceptions(app, request)(scope, receive, send)
  File "/root/.venv/lib/python3.11/site-packages/starlette/_exception_handler.py", line 64, in wrapped_app
    raise exc
  File "/root/.venv/lib/python3.11/site-packages/starlette/_exception_handler.py", line 53, in wrapped_app
    await app(scope, receive, sender)
  File "/root/.venv/lib/python3.11/site-packages/starlette/routing.py", line 72, in app
    response = await func(request)
               ^^^^^^^^^^^^^^^^^^^
  File "/root/.venv/lib/python3.11/site-packages/fastapi/routing.py", line 278, in app
    raw_response = await run_endpoint_function(
                   ^^^^^^^^^^^^^^^^^^^^^^^^^^^^
  File "/root/.venv/lib/python3.11/site-packages/fastapi/routing.py", line 191, in run_endpoint_function
    return await dependant.call(**values)
           ^^^^^^^^^^^^^^^^^^^^^^^^^^^^^^
  File "/app/backend/routes/pos_payments.py", line 504, in get_receipt
    txn = await db.merchant_transactions.find_one({"_id": ObjectId(txn_id)}, {"_id": 0})
                                                          ^^^^^^^^^^^^^^^^
  File "/root/.venv/lib/python3.11/site-packages/bson/objectid.py", line 102, in __init__
    self.__validate(oid)
  File "/root/.venv/lib/python3.11/site-packages/bson/objectid.py", line 200, in __validate
    _raise_invalid_id(oid)
  File "/root/.venv/lib/python3.11/site-packages/bson/objectid.py", line 34, in _raise_invalid_id
    raise InvalidId(
bson.errors.InvalidId: '652f6c69de7299a4' is not a valid ObjectId, it must be a 12-byte input or a 24-character hex string

2026-04-07 18:53:12,978 [ERROR] bidblitz: Unhandled error: GET /api/payments/receipt/652f6c69de7299a4 | '652f6c69de7299a4' is not a valid ObjectId, it must be a 12-byte input or a 24-character hex string
  + Exception Group Traceback (most recent call last):
  |   File "/root/.venv/lib/python3.11/site-packages/starlette/_utils.py", line 87, in collapse_excgroups
  |     yield
  |   File "/root/.venv/lib/python3.11/site-packages/starlette/middleware/base.py", line 190, in __call__
  |     async with anyio.create_task_group() as task_group:
  |   File "/root/.venv/lib/python3.11/site-packages/anyio/_backends/_asyncio.py", line 799, in __aexit__
  |     raise BaseExceptionGroup(
  | ExceptionGroup: unhandled errors in a TaskGroup (1 sub-exception)
  +-+---------------- 1 ----------------
    | Traceback (most recent call last):
    |   File "/root/.venv/lib/python3.11/site-packages/starlette/middleware/errors.py", line 164, in __call__
    |     await self.app(scope, receive, _send)
    |   File "/root/.venv/lib/python3.11/site-packages/starlette/middleware/cors.py", line 85, in __call__
    |     await self.app(scope, receive, send)
    |   File "/root/.venv/lib/python3.11/site-packages/starlette/middleware/base.py", line 189, in __call__
    |     with collapse_excgroups():
    |   File "/usr/local/lib/python3.11/contextlib.py", line 158, in __exit__
    |     self.gen.throw(typ, value, traceback)
    |   File "/root/.venv/lib/python3.11/site-packages/starlette/_utils.py", line 93, in collapse_excgroups
    |     raise exc
    |   File "/root/.venv/lib/python3.11/site-packages/starlette/middleware/base.py", line 191, in __call__
    |     response = await self.dispatch_func(request, call_next)
    |                ^^^^^^^^^^^^^^^^^^^^^^^^^^^^^^^^^^^^^^^^^^^^
    |   File "/app/backend/server.py", line 100, in log_requests
    |     response = await call_next(request)
    |                ^^^^^^^^^^^^^^^^^^^^^^^^
    |   File "/root/.venv/lib/python3.11/site-packages/starlette/middleware/base.py", line 165, in call_next
    |     raise app_exc
    |   File "/root/.venv/lib/python3.11/site-packages/starlette/middleware/base.py", line 151, in coro
    |     await self.app(scope, receive_or_disconnect, send_no_error)
    |   File "/root/.venv/lib/python3.11/site-packages/starlette/middleware/exceptions.py", line 65, in __call__
    |     await wrap_app_handling_exceptions(self.app, conn)(scope, receive, send)
    |   File "/root/.venv/lib/python3.11/site-packages/starlette/_exception_handler.py", line 64, in wrapped_app
    |     raise exc
    |   File "/root/.venv/lib/python3.11/site-packages/starlette/_exception_handler.py", line 53, in wrapped_app
    |     await app(scope, receive, sender)
    |   File "/root/.venv/lib/python3.11/site-packages/starlette/routing.py", line 756, in __call__
    |     await self.middleware_stack(scope, receive, send)
    |   File "/root/.venv/lib/python3.11/site-packages/starlette/routing.py", line 776, in app
    |     await route.handle(scope, receive, send)
    |   File "/root/.venv/lib/python3.11/site-packages/starlette/routing.py", line 297, in handle
    |     await self.app(scope, receive, send)
    |   File "/root/.venv/lib/python3.11/site-packages/starlette/routing.py", line 77, in app
    |     await wrap_app_handling_exceptions(app, request)(scope, receive, send)
    |   File "/root/.venv/lib/python3.11/site-packages/starlette/_exception_handler.py", line 64, in wrapped_app
    |     raise exc
    |   File "/root/.venv/lib/python3.11/site-packages/starlette/_exception_handler.py", line 53, in wrapped_app
    |     await app(scope, receive, sender)
    |   File "/root/.venv/lib/python3.11/site-packages/starlette/routing.py", line 72, in app
    |     response = await func(request)
    |                ^^^^^^^^^^^^^^^^^^^
    |   File "/root/.venv/lib/python3.11/site-packages/fastapi/routing.py", line 278, in app
    |     raw_response = await run_endpoint_function(
    |                    ^^^^^^^^^^^^^^^^^^^^^^^^^^^^
    |   File "/root/.venv/lib/python3.11/site-packages/fastapi/routing.py", line 191, in run_endpoint_function
    |     return await dependant.call(**values)
    |            ^^^^^^^^^^^^^^^^^^^^^^^^^^^^^^
    |   File "/app/backend/routes/pos_payments.py", line 504, in get_receipt
    |     txn = await db.merchant_transactions.find_one({"_id": ObjectId(txn_id)}, {"_id": 0})
    |                                                           ^^^^^^^^^^^^^^^^
    |   File "/root/.venv/lib/python3.11/site-packages/bson/objectid.py", line 102, in __init__
    |     self.__validate(oid)
    |   File "/root/.venv/lib/python3.11/site-packages/bson/objectid.py", line 200, in __validate
    |     _raise_invalid_id(oid)
    |   File "/root/.venv/lib/python3.11/site-packages/bson/objectid.py", line 34, in _raise_invalid_id
    |     raise InvalidId(
    | bson.errors.InvalidId: '652f6c69de7299a4' is not a valid ObjectId, it must be a 12-byte input or a 24-character hex string
    +------------------------------------

During handling of the above exception, another exception occurred:

Traceback (most recent call last):
  File "/root/.venv/lib/python3.11/site-packages/starlette/middleware/errors.py", line 164, in __call__
    await self.app(scope, receive, _send)
  File "/root/.venv/lib/python3.11/site-packages/starlette/middleware/cors.py", line 85, in __call__
    await self.app(scope, receive, send)
  File "/root/.venv/lib/python3.11/site-packages/starlette/middleware/base.py", line 189, in __call__
    with collapse_excgroups():
  File "/usr/local/lib/python3.11/contextlib.py", line 158, in __exit__
    self.gen.throw(typ, value, traceback)
  File "/root/.venv/lib/python3.11/site-packages/starlette/_utils.py", line 93, in collapse_excgroups
    raise exc
  File "/root/.venv/lib/python3.11/site-packages/starlette/middleware/base.py", line 191, in __call__
    response = await self.dispatch_func(request, call_next)
               ^^^^^^^^^^^^^^^^^^^^^^^^^^^^^^^^^^^^^^^^^^^^
  File "/app/backend/server.py", line 100, in log_requests
    response = await call_next(request)
               ^^^^^^^^^^^^^^^^^^^^^^^^
  File "/root/.venv/lib/python3.11/site-packages/starlette/middleware/base.py", line 165, in call_next
    raise app_exc
  File "/root/.venv/lib/python3.11/site-packages/starlette/middleware/base.py", line 151, in coro
    await self.app(scope, receive_or_disconnect, send_no_error)
  File "/root/.venv/lib/python3.11/site-packages/starlette/middleware/exceptions.py", line 65, in __call__
    await wrap_app_handling_exceptions(self.app, conn)(scope, receive, send)
  File "/root/.venv/lib/python3.11/site-packages/starlette/_exception_handler.py", line 64, in wrapped_app
    raise exc
  File "/root/.venv/lib/python3.11/site-packages/starlette/_exception_handler.py", line 53, in wrapped_app
    await app(scope, receive, sender)
  File "/root/.venv/lib/python3.11/site-packages/starlette/routing.py", line 756, in __call__
    await self.middleware_stack(scope, receive, send)
  File "/root/.venv/lib/python3.11/site-packages/starlette/routing.py", line 776, in app
    await route.handle(scope, receive, send)
  File "/root/.venv/lib/python3.11/site-packages/starlette/routing.py", line 297, in handle
    await self.app(scope, receive, send)
  File "/root/.venv/lib/python3.11/site-packages/starlette/routing.py", line 77, in app
    await wrap_app_handling_exceptions(app, request)(scope, receive, send)
  File "/root/.venv/lib/python3.11/site-packages/starlette/_exception_handler.py", line 64, in wrapped_app
    raise exc
  File "/root/.venv/lib/python3.11/site-packages/starlette/_exception_handler.py", line 53, in wrapped_app
    await app(scope, receive, sender)
  File "/root/.venv/lib/python3.11/site-packages/starlette/routing.py", line 72, in app
    response = await func(request)
               ^^^^^^^^^^^^^^^^^^^
  File "/root/.venv/lib/python3.11/site-packages/fastapi/routing.py", line 278, in app
    raw_response = await run_endpoint_function(
                   ^^^^^^^^^^^^^^^^^^^^^^^^^^^^
  File "/root/.venv/lib/python3.11/site-packages/fastapi/routing.py", line 191, in run_endpoint_function
    return await dependant.call(**values)
           ^^^^^^^^^^^^^^^^^^^^^^^^^^^^^^
  File "/app/backend/routes/pos_payments.py", line 504, in get_receipt
    txn = await db.merchant_transactions.find_one({"_id": ObjectId(txn_id)}, {"_id": 0})
                                                          ^^^^^^^^^^^^^^^^
  File "/root/.venv/lib/python3.11/site-packages/bson/objectid.py", line 102, in __init__
    self.__validate(oid)
  File "/root/.venv/lib/python3.11/site-packages/bson/objectid.py", line 200, in __validate
    _raise_invalid_id(oid)
  File "/root/.venv/lib/python3.11/site-packages/bson/objectid.py", line 34, in _raise_invalid_id
    raise InvalidId(
bson.errors.InvalidId: '652f6c69de7299a4' is not a valid ObjectId, it must be a 12-byte input or a 24-character hex string

2026-04-07 18:53:35,883 [ERROR] bidblitz: Unhandled error: GET /api/payments/receipt/MINE-E40B232D | 'MINE-E40B232D' is not a valid ObjectId, it must be a 12-byte input or a 24-character hex string
  + Exception Group Traceback (most recent call last):
  |   File "/root/.venv/lib/python3.11/site-packages/starlette/_utils.py", line 87, in collapse_excgroups
  |     yield
  |   File "/root/.venv/lib/python3.11/site-packages/starlette/middleware/base.py", line 190, in __call__
  |     async with anyio.create_task_group() as task_group:
  |   File "/root/.venv/lib/python3.11/site-packages/anyio/_backends/_asyncio.py", line 799, in __aexit__
  |     raise BaseExceptionGroup(
  | ExceptionGroup: unhandled errors in a TaskGroup (1 sub-exception)
  +-+---------------- 1 ----------------
    | Traceback (most recent call last):
    |   File "/root/.venv/lib/python3.11/site-packages/starlette/middleware/errors.py", line 164, in __call__
    |     await self.app(scope, receive, _send)
    |   File "/root/.venv/lib/python3.11/site-packages/starlette/middleware/cors.py", line 85, in __call__
    |     await self.app(scope, receive, send)
    |   File "/root/.venv/lib/python3.11/site-packages/starlette/middleware/base.py", line 189, in __call__
    |     with collapse_excgroups():
    |   File "/usr/local/lib/python3.11/contextlib.py", line 158, in __exit__
    |     self.gen.throw(typ, value, traceback)
    |   File "/root/.venv/lib/python3.11/site-packages/starlette/_utils.py", line 93, in collapse_excgroups
    |     raise exc
    |   File "/root/.venv/lib/python3.11/site-packages/starlette/middleware/base.py", line 191, in __call__
    |     response = await self.dispatch_func(request, call_next)
    |                ^^^^^^^^^^^^^^^^^^^^^^^^^^^^^^^^^^^^^^^^^^^^
    |   File "/app/backend/server.py", line 100, in log_requests
    |     response = await call_next(request)
    |                ^^^^^^^^^^^^^^^^^^^^^^^^
    |   File "/root/.venv/lib/python3.11/site-packages/starlette/middleware/base.py", line 165, in call_next
    |     raise app_exc
    |   File "/root/.venv/lib/python3.11/site-packages/starlette/middleware/base.py", line 151, in coro
    |     await self.app(scope, receive_or_disconnect, send_no_error)
    |   File "/root/.venv/lib/python3.11/site-packages/starlette/middleware/exceptions.py", line 65, in __call__
    |     await wrap_app_handling_exceptions(self.app, conn)(scope, receive, send)
    |   File "/root/.venv/lib/python3.11/site-packages/starlette/_exception_handler.py", line 64, in wrapped_app
    |     raise exc
    |   File "/root/.venv/lib/python3.11/site-packages/starlette/_exception_handler.py", line 53, in wrapped_app
    |     await app(scope, receive, sender)
    |   File "/root/.venv/lib/python3.11/site-packages/starlette/routing.py", line 756, in __call__
    |     await self.middleware_stack(scope, receive, send)
    |   File "/root/.venv/lib/python3.11/site-packages/starlette/routing.py", line 776, in app
    |     await route.handle(scope, receive, send)
    |   File "/root/.venv/lib/python3.11/site-packages/starlette/routing.py", line 297, in handle
    |     await self.app(scope, receive, send)
    |   File "/root/.venv/lib/python3.11/site-packages/starlette/routing.py", line 77, in app
    |     await wrap_app_handling_exceptions(app, request)(scope, receive, send)
    |   File "/root/.venv/lib/python3.11/site-packages/starlette/_exception_handler.py", line 64, in wrapped_app
    |     raise exc
    |   File "/root/.venv/lib/python3.11/site-packages/starlette/_exception_handler.py", line 53, in wrapped_app
    |     await app(scope, receive, sender)
    |   File "/root/.venv/lib/python3.11/site-packages/starlette/routing.py", line 72, in app
    |     response = await func(request)
    |                ^^^^^^^^^^^^^^^^^^^
    |   File "/root/.venv/lib/python3.11/site-packages/fastapi/routing.py", line 278, in app
    |     raw_response = await run_endpoint_function(
    |                    ^^^^^^^^^^^^^^^^^^^^^^^^^^^^
    |   File "/root/.venv/lib/python3.11/site-packages/fastapi/routing.py", line 191, in run_endpoint_function
    |     return await dependant.call(**values)
    |            ^^^^^^^^^^^^^^^^^^^^^^^^^^^^^^
    |   File "/app/backend/routes/pos_payments.py", line 504, in get_receipt
    |     txn = await db.merchant_transactions.find_one({"_id": ObjectId(txn_id)}, {"_id": 0})
    |                                                           ^^^^^^^^^^^^^^^^
    |   File "/root/.venv/lib/python3.11/site-packages/bson/objectid.py", line 102, in __init__
    |     self.__validate(oid)
    |   File "/root/.venv/lib/python3.11/site-packages/bson/objectid.py", line 200, in __validate
    |     _raise_invalid_id(oid)
    |   File "/root/.venv/lib/python3.11/site-packages/bson/objectid.py", line 34, in _raise_invalid_id
    |     raise InvalidId(
    | bson.errors.InvalidId: 'MINE-E40B232D' is not a valid ObjectId, it must be a 12-byte input or a 24-character hex string
    +------------------------------------

During handling of the above exception, another exception occurred:

Traceback (most recent call last):
  File "/root/.venv/lib/python3.11/site-packages/starlette/middleware/errors.py", line 164, in __call__
    await self.app(scope, receive, _send)
  File "/root/.venv/lib/python3.11/site-packages/starlette/middleware/cors.py", line 85, in __call__
    await self.app(scope, receive, send)
  File "/root/.venv/lib/python3.11/site-packages/starlette/middleware/base.py", line 189, in __call__
    with collapse_excgroups():
  File "/usr/local/lib/python3.11/contextlib.py", line 158, in __exit__
    self.gen.throw(typ, value, traceback)
  File "/root/.venv/lib/python3.11/site-packages/starlette/_utils.py", line 93, in collapse_excgroups
    raise exc
  File "/root/.venv/lib/python3.11/site-packages/starlette/middleware/base.py", line 191, in __call__
    response = await self.dispatch_func(request, call_next)
               ^^^^^^^^^^^^^^^^^^^^^^^^^^^^^^^^^^^^^^^^^^^^
  File "/app/backend/server.py", line 100, in log_requests
    response = await call_next(request)
               ^^^^^^^^^^^^^^^^^^^^^^^^
  File "/root/.venv/lib/python3.11/site-packages/starlette/middleware/base.py", line 165, in call_next
    raise app_exc
  File "/root/.venv/lib/python3.11/site-packages/starlette/middleware/base.py", line 151, in coro
    await self.app(scope, receive_or_disconnect, send_no_error)
  File "/root/.venv/lib/python3.11/site-packages/starlette/middleware/exceptions.py", line 65, in __call__
    await wrap_app_handling_exceptions(self.app, conn)(scope, receive, send)
  File "/root/.venv/lib/python3.11/site-packages/starlette/_exception_handler.py", line 64, in wrapped_app
    raise exc
  File "/root/.venv/lib/python3.11/site-packages/starlette/_exception_handler.py", line 53, in wrapped_app
    await app(scope, receive, sender)
  File "/root/.venv/lib/python3.11/site-packages/starlette/routing.py", line 756, in __call__
    await self.middleware_stack(scope, receive, send)
  File "/root/.venv/lib/python3.11/site-packages/starlette/routing.py", line 776, in app
    await route.handle(scope, receive, send)
  File "/root/.venv/lib/python3.11/site-packages/starlette/routing.py", line 297, in handle
    await self.app(scope, receive, send)
  File "/root/.venv/lib/python3.11/site-packages/starlette/routing.py", line 77, in app
    await wrap_app_handling_exceptions(app, request)(scope, receive, send)
  File "/root/.venv/lib/python3.11/site-packages/starlette/_exception_handler.py", line 64, in wrapped_app
    raise exc
  File "/root/.venv/lib/python3.11/site-packages/starlette/_exception_handler.py", line 53, in wrapped_app
    await app(scope, receive, sender)
  File "/root/.venv/lib/python3.11/site-packages/starlette/routing.py", line 72, in app
    response = await func(request)
               ^^^^^^^^^^^^^^^^^^^
  File "/root/.venv/lib/python3.11/site-packages/fastapi/routing.py", line 278, in app
    raw_response = await run_endpoint_function(
                   ^^^^^^^^^^^^^^^^^^^^^^^^^^^^
  File "/root/.venv/lib/python3.11/site-packages/fastapi/routing.py", line 191, in run_endpoint_function
    return await dependant.call(**values)
           ^^^^^^^^^^^^^^^^^^^^^^^^^^^^^^
  File "/app/backend/routes/pos_payments.py", line 504, in get_receipt
    txn = await db.merchant_transactions.find_one({"_id": ObjectId(txn_id)}, {"_id": 0})
                                                          ^^^^^^^^^^^^^^^^
  File "/root/.venv/lib/python3.11/site-packages/bson/objectid.py", line 102, in __init__
    self.__validate(oid)
  File "/root/.venv/lib/python3.11/site-packages/bson/objectid.py", line 200, in __validate
    _raise_invalid_id(oid)
  File "/root/.venv/lib/python3.11/site-packages/bson/objectid.py", line 34, in _raise_invalid_id
    raise InvalidId(
bson.errors.InvalidId: 'MINE-E40B232D' is not a valid ObjectId, it must be a 12-byte input or a 24-character hex string

2026-04-07 19:39:51,622 [ERROR] bidblitz: Unhandled error: POST /api/auth/forgot-password | name 'timedelta' is not defined
  + Exception Group Traceback (most recent call last):
  |   File "/root/.venv/lib/python3.11/site-packages/starlette/_utils.py", line 87, in collapse_excgroups
  |     yield
  |   File "/root/.venv/lib/python3.11/site-packages/starlette/middleware/base.py", line 190, in __call__
  |     async with anyio.create_task_group() as task_group:
  |   File "/root/.venv/lib/python3.11/site-packages/anyio/_backends/_asyncio.py", line 799, in __aexit__
  |     raise BaseExceptionGroup(
  | ExceptionGroup: unhandled errors in a TaskGroup (1 sub-exception)
  +-+---------------- 1 ----------------
    | Traceback (most recent call last):
    |   File "/root/.venv/lib/python3.11/site-packages/starlette/middleware/errors.py", line 164, in __call__
    |     await self.app(scope, receive, _send)
    |   File "/root/.venv/lib/python3.11/site-packages/starlette/middleware/cors.py", line 85, in __call__
    |     await self.app(scope, receive, send)
    |   File "/root/.venv/lib/python3.11/site-packages/starlette/middleware/base.py", line 189, in __call__
    |     with collapse_excgroups():
    |   File "/usr/local/lib/python3.11/contextlib.py", line 158, in __exit__
    |     self.gen.throw(typ, value, traceback)
    |   File "/root/.venv/lib/python3.11/site-packages/starlette/_utils.py", line 93, in collapse_excgroups
    |     raise exc
    |   File "/root/.venv/lib/python3.11/site-packages/starlette/middleware/base.py", line 191, in __call__
    |     response = await self.dispatch_func(request, call_next)
    |                ^^^^^^^^^^^^^^^^^^^^^^^^^^^^^^^^^^^^^^^^^^^^
    |   File "/app/backend/server.py", line 100, in log_requests
    |     response = await call_next(request)
    |                ^^^^^^^^^^^^^^^^^^^^^^^^
    |   File "/root/.venv/lib/python3.11/site-packages/starlette/middleware/base.py", line 165, in call_next
    |     raise app_exc
    |   File "/root/.venv/lib/python3.11/site-packages/starlette/middleware/base.py", line 151, in coro
    |     await self.app(scope, receive_or_disconnect, send_no_error)
    |   File "/root/.venv/lib/python3.11/site-packages/starlette/middleware/exceptions.py", line 65, in __call__
    |     await wrap_app_handling_exceptions(self.app, conn)(scope, receive, send)
    |   File "/root/.venv/lib/python3.11/site-packages/starlette/_exception_handler.py", line 64, in wrapped_app
    |     raise exc
    |   File "/root/.venv/lib/python3.11/site-packages/starlette/_exception_handler.py", line 53, in wrapped_app
    |     await app(scope, receive, sender)
    |   File "/root/.venv/lib/python3.11/site-packages/starlette/routing.py", line 756, in __call__
    |     await self.middleware_stack(scope, receive, send)
    |   File "/root/.venv/lib/python3.11/site-packages/starlette/routing.py", line 776, in app
    |     await route.handle(scope, receive, send)
    |   File "/root/.venv/lib/python3.11/site-packages/starlette/routing.py", line 297, in handle
    |     await self.app(scope, receive, send)
    |   File "/root/.venv/lib/python3.11/site-packages/starlette/routing.py", line 77, in app
    |     await wrap_app_handling_exceptions(app, request)(scope, receive, send)
    |   File "/root/.venv/lib/python3.11/site-packages/starlette/_exception_handler.py", line 64, in wrapped_app
    |     raise exc
    |   File "/root/.venv/lib/python3.11/site-packages/starlette/_exception_handler.py", line 53, in wrapped_app
    |     await app(scope, receive, sender)
    |   File "/root/.venv/lib/python3.11/site-packages/starlette/routing.py", line 72, in app
    |     response = await func(request)
    |                ^^^^^^^^^^^^^^^^^^^
    |   File "/root/.venv/lib/python3.11/site-packages/fastapi/routing.py", line 278, in app
    |     raw_response = await run_endpoint_function(
    |                    ^^^^^^^^^^^^^^^^^^^^^^^^^^^^
    |   File "/root/.venv/lib/python3.11/site-packages/fastapi/routing.py", line 191, in run_endpoint_function
    |     return await dependant.call(**values)
    |            ^^^^^^^^^^^^^^^^^^^^^^^^^^^^^^
    |   File "/app/backend/routes/auth.py", line 249, in forgot_password
    |     expires = datetime.now(timezone.utc) + timedelta(hours=1)
    |                                            ^^^^^^^^^
    | NameError: name 'timedelta' is not defined
    +------------------------------------

During handling of the above exception, another exception occurred:

Traceback (most recent call last):
  File "/root/.venv/lib/python3.11/site-packages/starlette/middleware/errors.py", line 164, in __call__
    await self.app(scope, receive, _send)
  File "/root/.venv/lib/python3.11/site-packages/starlette/middleware/cors.py", line 85, in __call__
    await self.app(scope, receive, send)
  File "/root/.venv/lib/python3.11/site-packages/starlette/middleware/base.py", line 189, in __call__
    with collapse_excgroups():
  File "/usr/local/lib/python3.11/contextlib.py", line 158, in __exit__
    self.gen.throw(typ, value, traceback)
  File "/root/.venv/lib/python3.11/site-packages/starlette/_utils.py", line 93, in collapse_excgroups
    raise exc
  File "/root/.venv/lib/python3.11/site-packages/starlette/middleware/base.py", line 191, in __call__
    response = await self.dispatch_func(request, call_next)
               ^^^^^^^^^^^^^^^^^^^^^^^^^^^^^^^^^^^^^^^^^^^^
  File "/app/backend/server.py", line 100, in log_requests
    response = await call_next(request)
               ^^^^^^^^^^^^^^^^^^^^^^^^
  File "/root/.venv/lib/python3.11/site-packages/starlette/middleware/base.py", line 165, in call_next
    raise app_exc
  File "/root/.venv/lib/python3.11/site-packages/starlette/middleware/base.py", line 151, in coro
    await self.app(scope, receive_or_disconnect, send_no_error)
  File "/root/.venv/lib/python3.11/site-packages/starlette/middleware/exceptions.py", line 65, in __call__
    await wrap_app_handling_exceptions(self.app, conn)(scope, receive, send)
  File "/root/.venv/lib/python3.11/site-packages/starlette/_exception_handler.py", line 64, in wrapped_app
    raise exc
  File "/root/.venv/lib/python3.11/site-packages/starlette/_exception_handler.py", line 53, in wrapped_app
    await app(scope, receive, sender)
  File "/root/.venv/lib/python3.11/site-packages/starlette/routing.py", line 756, in __call__
    await self.middleware_stack(scope, receive, send)
  File "/root/.venv/lib/python3.11/site-packages/starlette/routing.py", line 776, in app
    await route.handle(scope, receive, send)
  File "/root/.venv/lib/python3.11/site-packages/starlette/routing.py", line 297, in handle
    await self.app(scope, receive, send)
  File "/root/.venv/lib/python3.11/site-packages/starlette/routing.py", line 77, in app
    await wrap_app_handling_exceptions(app, request)(scope, receive, send)
  File "/root/.venv/lib/python3.11/site-packages/starlette/_exception_handler.py", line 64, in wrapped_app
    raise exc
  File "/root/.venv/lib/python3.11/site-packages/starlette/_exception_handler.py", line 53, in wrapped_app
    await app(scope, receive, sender)
  File "/root/.venv/lib/python3.11/site-packages/starlette/routing.py", line 72, in app
    response = await func(request)
               ^^^^^^^^^^^^^^^^^^^
  File "/root/.venv/lib/python3.11/site-packages/fastapi/routing.py", line 278, in app
    raw_response = await run_endpoint_function(
                   ^^^^^^^^^^^^^^^^^^^^^^^^^^^^
  File "/root/.venv/lib/python3.11/site-packages/fastapi/routing.py", line 191, in run_endpoint_function
    return await dependant.call(**values)
           ^^^^^^^^^^^^^^^^^^^^^^^^^^^^^^
  File "/app/backend/routes/auth.py", line 249, in forgot_password
    expires = datetime.now(timezone.utc) + timedelta(hours=1)
                                           ^^^^^^^^^
NameError: name 'timedelta' is not defined

2026-04-08 00:12:04,509 [ERROR] bidblitz: Unhandled error: GET /api/scooter/nearby | [TypeError("'ObjectId' object is not iterable"), TypeError('vars() argument must have __dict__ attribute')]
Traceback (most recent call last):
  File "/root/.venv/lib/python3.11/site-packages/fastapi/encoders.py", line 322, in jsonable_encoder
    data = dict(obj)
           ^^^^^^^^^
TypeError: 'ObjectId' object is not iterable

During handling of the above exception, another exception occurred:

Traceback (most recent call last):
  File "/root/.venv/lib/python3.11/site-packages/fastapi/encoders.py", line 327, in jsonable_encoder
    data = vars(obj)
           ^^^^^^^^^
TypeError: vars() argument must have __dict__ attribute

The above exception was the direct cause of the following exception:

Traceback (most recent call last):
  File "/root/.venv/lib/python3.11/site-packages/starlette/middleware/errors.py", line 164, in __call__
    await self.app(scope, receive, _send)
  File "/root/.venv/lib/python3.11/site-packages/starlette/middleware/cors.py", line 85, in __call__
    await self.app(scope, receive, send)
  File "/root/.venv/lib/python3.11/site-packages/starlette/middleware/base.py", line 189, in __call__
    with collapse_excgroups():
  File "/usr/local/lib/python3.11/contextlib.py", line 158, in __exit__
    self.gen.throw(typ, value, traceback)
  File "/root/.venv/lib/python3.11/site-packages/starlette/_utils.py", line 93, in collapse_excgroups
    raise exc
  File "/root/.venv/lib/python3.11/site-packages/starlette/middleware/base.py", line 191, in __call__
    response = await self.dispatch_func(request, call_next)
               ^^^^^^^^^^^^^^^^^^^^^^^^^^^^^^^^^^^^^^^^^^^^
  File "/app/backend/server.py", line 100, in log_requests
    response = await call_next(request)
               ^^^^^^^^^^^^^^^^^^^^^^^^
  File "/root/.venv/lib/python3.11/site-packages/starlette/middleware/base.py", line 165, in call_next
    raise app_exc
  File "/root/.venv/lib/python3.11/site-packages/starlette/middleware/base.py", line 151, in coro
    await self.app(scope, receive_or_disconnect, send_no_error)
  File "/root/.venv/lib/python3.11/site-packages/starlette/middleware/exceptions.py", line 65, in __call__
    await wrap_app_handling_exceptions(self.app, conn)(scope, receive, send)
  File "/root/.venv/lib/python3.11/site-packages/starlette/_exception_handler.py", line 64, in wrapped_app
    raise exc
  File "/root/.venv/lib/python3.11/site-packages/starlette/_exception_handler.py", line 53, in wrapped_app
    await app(scope, receive, sender)
  File "/root/.venv/lib/python3.11/site-packages/starlette/routing.py", line 756, in __call__
    await self.middleware_stack(scope, receive, send)
  File "/root/.venv/lib/python3.11/site-packages/starlette/routing.py", line 776, in app
    await route.handle(scope, receive, send)
  File "/root/.venv/lib/python3.11/site-packages/starlette/routing.py", line 297, in handle
    await self.app(scope, receive, send)
  File "/root/.venv/lib/python3.11/site-packages/starlette/routing.py", line 77, in app
    await wrap_app_handling_exceptions(app, request)(scope, receive, send)
  File "/root/.venv/lib/python3.11/site-packages/starlette/_exception_handler.py", line 64, in wrapped_app
    raise exc
  File "/root/.venv/lib/python3.11/site-packages/starlette/_exception_handler.py", line 53, in wrapped_app
    await app(scope, receive, sender)
  File "/root/.venv/lib/python3.11/site-packages/starlette/routing.py", line 72, in app
    response = await func(request)
               ^^^^^^^^^^^^^^^^^^^
  File "/root/.venv/lib/python3.11/site-packages/fastapi/routing.py", line 296, in app
    content = await serialize_response(
              ^^^^^^^^^^^^^^^^^^^^^^^^^
  File "/root/.venv/lib/python3.11/site-packages/fastapi/routing.py", line 180, in serialize_response
    return jsonable_encoder(response_content)
           ^^^^^^^^^^^^^^^^^^^^^^^^^^^^^^^^^^
  File "/root/.venv/lib/python3.11/site-packages/fastapi/encoders.py", line 287, in jsonable_encoder
    encoded_value = jsonable_encoder(
                    ^^^^^^^^^^^^^^^^^
  File "/root/.venv/lib/python3.11/site-packages/fastapi/encoders.py", line 301, in jsonable_encoder
    jsonable_encoder(
  File "/root/.venv/lib/python3.11/site-packages/fastapi/encoders.py", line 287, in jsonable_encoder
    encoded_value = jsonable_encoder(
                    ^^^^^^^^^^^^^^^^^
  File "/root/.venv/lib/python3.11/site-packages/fastapi/encoders.py", line 330, in jsonable_encoder
    raise ValueError(errors) from e
ValueError: [TypeError("'ObjectId' object is not iterable"), TypeError('vars() argument must have __dict__ attribute')]

2026-04-11 07:08:07,798 [ERROR] bidblitz: Unhandled error: GET /api/loyalty/admin/analytics | [TypeError("'ObjectId' object is not iterable"), TypeError('vars() argument must have __dict__ attribute')]
Traceback (most recent call last):
  File "/root/.venv/lib/python3.11/site-packages/fastapi/encoders.py", line 322, in jsonable_encoder
    data = dict(obj)
           ^^^^^^^^^
TypeError: 'ObjectId' object is not iterable

During handling of the above exception, another exception occurred:

Traceback (most recent call last):
  File "/root/.venv/lib/python3.11/site-packages/fastapi/encoders.py", line 327, in jsonable_encoder
    data = vars(obj)
           ^^^^^^^^^
TypeError: vars() argument must have __dict__ attribute

The above exception was the direct cause of the following exception:

Traceback (most recent call last):
  File "/root/.venv/lib/python3.11/site-packages/starlette/middleware/errors.py", line 164, in __call__
    await self.app(scope, receive, _send)
  File "/root/.venv/lib/python3.11/site-packages/starlette/middleware/cors.py", line 85, in __call__
    await self.app(scope, receive, send)
  File "/root/.venv/lib/python3.11/site-packages/starlette/middleware/base.py", line 189, in __call__
    with collapse_excgroups():
  File "/usr/local/lib/python3.11/contextlib.py", line 158, in __exit__
    self.gen.throw(typ, value, traceback)
  File "/root/.venv/lib/python3.11/site-packages/starlette/_utils.py", line 93, in collapse_excgroups
    raise exc
  File "/root/.venv/lib/python3.11/site-packages/starlette/middleware/base.py", line 191, in __call__
    response = await self.dispatch_func(request, call_next)
               ^^^^^^^^^^^^^^^^^^^^^^^^^^^^^^^^^^^^^^^^^^^^
  File "/app/backend/server.py", line 100, in log_requests
    response = await call_next(request)
               ^^^^^^^^^^^^^^^^^^^^^^^^
  File "/root/.venv/lib/python3.11/site-packages/starlette/middleware/base.py", line 165, in call_next
    raise app_exc
  File "/root/.venv/lib/python3.11/site-packages/starlette/middleware/base.py", line 151, in coro
    await self.app(scope, receive_or_disconnect, send_no_error)
  File "/root/.venv/lib/python3.11/site-packages/starlette/middleware/exceptions.py", line 65, in __call__
    await wrap_app_handling_exceptions(self.app, conn)(scope, receive, send)
  File "/root/.venv/lib/python3.11/site-packages/starlette/_exception_handler.py", line 64, in wrapped_app
    raise exc
  File "/root/.venv/lib/python3.11/site-packages/starlette/_exception_handler.py", line 53, in wrapped_app
    await app(scope, receive, sender)
  File "/root/.venv/lib/python3.11/site-packages/starlette/routing.py", line 756, in __call__
    await self.middleware_stack(scope, receive, send)
  File "/root/.venv/lib/python3.11/site-packages/starlette/routing.py", line 776, in app
    await route.handle(scope, receive, send)
  File "/root/.venv/lib/python3.11/site-packages/starlette/routing.py", line 297, in handle
    await self.app(scope, receive, send)
  File "/root/.venv/lib/python3.11/site-packages/starlette/routing.py", line 77, in app
    await wrap_app_handling_exceptions(app, request)(scope, receive, send)
  File "/root/.venv/lib/python3.11/site-packages/starlette/_exception_handler.py", line 64, in wrapped_app
    raise exc
  File "/root/.venv/lib/python3.11/site-packages/starlette/_exception_handler.py", line 53, in wrapped_app
    await app(scope, receive, sender)
  File "/root/.venv/lib/python3.11/site-packages/starlette/routing.py", line 72, in app
    response = await func(request)
               ^^^^^^^^^^^^^^^^^^^
  File "/root/.venv/lib/python3.11/site-packages/fastapi/routing.py", line 296, in app
    content = await serialize_response(
              ^^^^^^^^^^^^^^^^^^^^^^^^^
  File "/root/.venv/lib/python3.11/site-packages/fastapi/routing.py", line 180, in serialize_response
    return jsonable_encoder(response_content)
           ^^^^^^^^^^^^^^^^^^^^^^^^^^^^^^^^^^
  File "/root/.venv/lib/python3.11/site-packages/fastapi/encoders.py", line 287, in jsonable_encoder
    encoded_value = jsonable_encoder(
                    ^^^^^^^^^^^^^^^^^
  File "/root/.venv/lib/python3.11/site-packages/fastapi/encoders.py", line 301, in jsonable_encoder
    jsonable_encoder(
  File "/root/.venv/lib/python3.11/site-packages/fastapi/encoders.py", line 287, in jsonable_encoder
    encoded_value = jsonable_encoder(
                    ^^^^^^^^^^^^^^^^^
  File "/root/.venv/lib/python3.11/site-packages/fastapi/encoders.py", line 287, in jsonable_encoder
    encoded_value = jsonable_encoder(
                    ^^^^^^^^^^^^^^^^^
  File "/root/.venv/lib/python3.11/site-packages/fastapi/encoders.py", line 330, in jsonable_encoder
    raise ValueError(errors) from e
ValueError: [TypeError("'ObjectId' object is not iterable"), TypeError('vars() argument must have __dict__ attribute')]

2026-04-11 07:16:43,268 [ERROR] bidblitz: Unhandled error: GET /api/admin/compliance-checks | [TypeError("'ObjectId' object is not iterable"), TypeError('vars() argument must have __dict__ attribute')]
Traceback (most recent call last):
  File "/root/.venv/lib/python3.11/site-packages/fastapi/encoders.py", line 322, in jsonable_encoder
    data = dict(obj)
           ^^^^^^^^^
TypeError: 'ObjectId' object is not iterable

During handling of the above exception, another exception occurred:

Traceback (most recent call last):
  File "/root/.venv/lib/python3.11/site-packages/fastapi/encoders.py", line 327, in jsonable_encoder
    data = vars(obj)
           ^^^^^^^^^
TypeError: vars() argument must have __dict__ attribute

The above exception was the direct cause of the following exception:

Traceback (most recent call last):
  File "/root/.venv/lib/python3.11/site-packages/starlette/middleware/errors.py", line 164, in __call__
    await self.app(scope, receive, _send)
  File "/root/.venv/lib/python3.11/site-packages/starlette/middleware/cors.py", line 85, in __call__
    await self.app(scope, receive, send)
  File "/root/.venv/lib/python3.11/site-packages/starlette/middleware/base.py", line 189, in __call__
    with collapse_excgroups():
  File "/usr/local/lib/python3.11/contextlib.py", line 158, in __exit__
    self.gen.throw(typ, value, traceback)
  File "/root/.venv/lib/python3.11/site-packages/starlette/_utils.py", line 93, in collapse_excgroups
    raise exc
  File "/root/.venv/lib/python3.11/site-packages/starlette/middleware/base.py", line 191, in __call__
    response = await self.dispatch_func(request, call_next)
               ^^^^^^^^^^^^^^^^^^^^^^^^^^^^^^^^^^^^^^^^^^^^
  File "/app/backend/server.py", line 100, in log_requests
    response = await call_next(request)
               ^^^^^^^^^^^^^^^^^^^^^^^^
  File "/root/.venv/lib/python3.11/site-packages/starlette/middleware/base.py", line 165, in call_next
    raise app_exc
  File "/root/.venv/lib/python3.11/site-packages/starlette/middleware/base.py", line 151, in coro
    await self.app(scope, receive_or_disconnect, send_no_error)
  File "/root/.venv/lib/python3.11/site-packages/starlette/middleware/exceptions.py", line 65, in __call__
    await wrap_app_handling_exceptions(self.app, conn)(scope, receive, send)
  File "/root/.venv/lib/python3.11/site-packages/starlette/_exception_handler.py", line 64, in wrapped_app
    raise exc
  File "/root/.venv/lib/python3.11/site-packages/starlette/_exception_handler.py", line 53, in wrapped_app
    await app(scope, receive, sender)
  File "/root/.venv/lib/python3.11/site-packages/starlette/routing.py", line 756, in __call__
    await self.middleware_stack(scope, receive, send)
  File "/root/.venv/lib/python3.11/site-packages/starlette/routing.py", line 776, in app
    await route.handle(scope, receive, send)
  File "/root/.venv/lib/python3.11/site-packages/starlette/routing.py", line 297, in handle
    await self.app(scope, receive, send)
  File "/root/.venv/lib/python3.11/site-packages/starlette/routing.py", line 77, in app
    await wrap_app_handling_exceptions(app, request)(scope, receive, send)
  File "/root/.venv/lib/python3.11/site-packages/starlette/_exception_handler.py", line 64, in wrapped_app
    raise exc
  File "/root/.venv/lib/python3.11/site-packages/starlette/_exception_handler.py", line 53, in wrapped_app
    await app(scope, receive, sender)
  File "/root/.venv/lib/python3.11/site-packages/starlette/routing.py", line 72, in app
    response = await func(request)
               ^^^^^^^^^^^^^^^^^^^
  File "/root/.venv/lib/python3.11/site-packages/fastapi/routing.py", line 296, in app
    content = await serialize_response(
              ^^^^^^^^^^^^^^^^^^^^^^^^^
  File "/root/.venv/lib/python3.11/site-packages/fastapi/routing.py", line 180, in serialize_response
    return jsonable_encoder(response_content)
           ^^^^^^^^^^^^^^^^^^^^^^^^^^^^^^^^^^
  File "/root/.venv/lib/python3.11/site-packages/fastapi/encoders.py", line 287, in jsonable_encoder
    encoded_value = jsonable_encoder(
                    ^^^^^^^^^^^^^^^^^
  File "/root/.venv/lib/python3.11/site-packages/fastapi/encoders.py", line 301, in jsonable_encoder
    jsonable_encoder(
  File "/root/.venv/lib/python3.11/site-packages/fastapi/encoders.py", line 287, in jsonable_encoder
    encoded_value = jsonable_encoder(
                    ^^^^^^^^^^^^^^^^^
  File "/root/.venv/lib/python3.11/site-packages/fastapi/encoders.py", line 287, in jsonable_encoder
    encoded_value = jsonable_encoder(
                    ^^^^^^^^^^^^^^^^^
  File "/root/.venv/lib/python3.11/site-packages/fastapi/encoders.py", line 330, in jsonable_encoder
    raise ValueError(errors) from e
ValueError: [TypeError("'ObjectId' object is not iterable"), TypeError('vars() argument must have __dict__ attribute')]

2026-04-11 07:16:54,064 [ERROR] bidblitz: Unhandled error: GET /api/admin/compliance-checks | [TypeError("'ObjectId' object is not iterable"), TypeError('vars() argument must have __dict__ attribute')]
Traceback (most recent call last):
  File "/root/.venv/lib/python3.11/site-packages/fastapi/encoders.py", line 322, in jsonable_encoder
    data = dict(obj)
           ^^^^^^^^^
TypeError: 'ObjectId' object is not iterable

During handling of the above exception, another exception occurred:

Traceback (most recent call last):
  File "/root/.venv/lib/python3.11/site-packages/fastapi/encoders.py", line 327, in jsonable_encoder
    data = vars(obj)
           ^^^^^^^^^
TypeError: vars() argument must have __dict__ attribute

The above exception was the direct cause of the following exception:

Traceback (most recent call last):
  File "/root/.venv/lib/python3.11/site-packages/starlette/middleware/errors.py", line 164, in __call__
    await self.app(scope, receive, _send)
  File "/root/.venv/lib/python3.11/site-packages/starlette/middleware/cors.py", line 85, in __call__
    await self.app(scope, receive, send)
  File "/root/.venv/lib/python3.11/site-packages/starlette/middleware/base.py", line 189, in __call__
    with collapse_excgroups():
  File "/usr/local/lib/python3.11/contextlib.py", line 158, in __exit__
    self.gen.throw(typ, value, traceback)
  File "/root/.venv/lib/python3.11/site-packages/starlette/_utils.py", line 93, in collapse_excgroups
    raise exc
  File "/root/.venv/lib/python3.11/site-packages/starlette/middleware/base.py", line 191, in __call__
    response = await self.dispatch_func(request, call_next)
               ^^^^^^^^^^^^^^^^^^^^^^^^^^^^^^^^^^^^^^^^^^^^
  File "/app/backend/server.py", line 100, in log_requests
    response = await call_next(request)
               ^^^^^^^^^^^^^^^^^^^^^^^^
  File "/root/.venv/lib/python3.11/site-packages/starlette/middleware/base.py", line 165, in call_next
    raise app_exc
  File "/root/.venv/lib/python3.11/site-packages/starlette/middleware/base.py", line 151, in coro
    await self.app(scope, receive_or_disconnect, send_no_error)
  File "/root/.venv/lib/python3.11/site-packages/starlette/middleware/exceptions.py", line 65, in __call__
    await wrap_app_handling_exceptions(self.app, conn)(scope, receive, send)
  File "/root/.venv/lib/python3.11/site-packages/starlette/_exception_handler.py", line 64, in wrapped_app
    raise exc
  File "/root/.venv/lib/python3.11/site-packages/starlette/_exception_handler.py", line 53, in wrapped_app
    await app(scope, receive, sender)
  File "/root/.venv/lib/python3.11/site-packages/starlette/routing.py", line 756, in __call__
    await self.middleware_stack(scope, receive, send)
  File "/root/.venv/lib/python3.11/site-packages/starlette/routing.py", line 776, in app
    await route.handle(scope, receive, send)
  File "/root/.venv/lib/python3.11/site-packages/starlette/routing.py", line 297, in handle
    await self.app(scope, receive, send)
  File "/root/.venv/lib/python3.11/site-packages/starlette/routing.py", line 77, in app
    await wrap_app_handling_exceptions(app, request)(scope, receive, send)
  File "/root/.venv/lib/python3.11/site-packages/starlette/_exception_handler.py", line 64, in wrapped_app
    raise exc
  File "/root/.venv/lib/python3.11/site-packages/starlette/_exception_handler.py", line 53, in wrapped_app
    await app(scope, receive, sender)
  File "/root/.venv/lib/python3.11/site-packages/starlette/routing.py", line 72, in app
    response = await func(request)
               ^^^^^^^^^^^^^^^^^^^
  File "/root/.venv/lib/python3.11/site-packages/fastapi/routing.py", line 296, in app
    content = await serialize_response(
              ^^^^^^^^^^^^^^^^^^^^^^^^^
  File "/root/.venv/lib/python3.11/site-packages/fastapi/routing.py", line 180, in serialize_response
    return jsonable_encoder(response_content)
           ^^^^^^^^^^^^^^^^^^^^^^^^^^^^^^^^^^
  File "/root/.venv/lib/python3.11/site-packages/fastapi/encoders.py", line 287, in jsonable_encoder
    encoded_value = jsonable_encoder(
                    ^^^^^^^^^^^^^^^^^
  File "/root/.venv/lib/python3.11/site-packages/fastapi/encoders.py", line 301, in jsonable_encoder
    jsonable_encoder(
  File "/root/.venv/lib/python3.11/site-packages/fastapi/encoders.py", line 287, in jsonable_encoder
    encoded_value = jsonable_encoder(
                    ^^^^^^^^^^^^^^^^^
  File "/root/.venv/lib/python3.11/site-packages/fastapi/encoders.py", line 287, in jsonable_encoder
    encoded_value = jsonable_encoder(
                    ^^^^^^^^^^^^^^^^^
  File "/root/.venv/lib/python3.11/site-packages/fastapi/encoders.py", line 330, in jsonable_encoder
    raise ValueError(errors) from e
ValueError: [TypeError("'ObjectId' object is not iterable"), TypeError('vars() argument must have __dict__ attribute')]

2026-04-11 07:16:55,614 [ERROR] bidblitz: Unhandled error: GET /api/admin/compliance-checks | [TypeError("'ObjectId' object is not iterable"), TypeError('vars() argument must have __dict__ attribute')]
Traceback (most recent call last):
  File "/root/.venv/lib/python3.11/site-packages/fastapi/encoders.py", line 322, in jsonable_encoder
    data = dict(obj)
           ^^^^^^^^^
TypeError: 'ObjectId' object is not iterable

During handling of the above exception, another exception occurred:

Traceback (most recent call last):
  File "/root/.venv/lib/python3.11/site-packages/fastapi/encoders.py", line 327, in jsonable_encoder
    data = vars(obj)
           ^^^^^^^^^
TypeError: vars() argument must have __dict__ attribute

The above exception was the direct cause of the following exception:

Traceback (most recent call last):
  File "/root/.venv/lib/python3.11/site-packages/starlette/middleware/errors.py", line 164, in __call__
    await self.app(scope, receive, _send)
  File "/root/.venv/lib/python3.11/site-packages/starlette/middleware/cors.py", line 85, in __call__
    await self.app(scope, receive, send)
  File "/root/.venv/lib/python3.11/site-packages/starlette/middleware/base.py", line 189, in __call__
    with collapse_excgroups():
  File "/usr/local/lib/python3.11/contextlib.py", line 158, in __exit__
    self.gen.throw(typ, value, traceback)
  File "/root/.venv/lib/python3.11/site-packages/starlette/_utils.py", line 93, in collapse_excgroups
    raise exc
  File "/root/.venv/lib/python3.11/site-packages/starlette/middleware/base.py", line 191, in __call__
    response = await self.dispatch_func(request, call_next)
               ^^^^^^^^^^^^^^^^^^^^^^^^^^^^^^^^^^^^^^^^^^^^
  File "/app/backend/server.py", line 100, in log_requests
    response = await call_next(request)
               ^^^^^^^^^^^^^^^^^^^^^^^^
  File "/root/.venv/lib/python3.11/site-packages/starlette/middleware/base.py", line 165, in call_next
    raise app_exc
  File "/root/.venv/lib/python3.11/site-packages/starlette/middleware/base.py", line 151, in coro
    await self.app(scope, receive_or_disconnect, send_no_error)
  File "/root/.venv/lib/python3.11/site-packages/starlette/middleware/exceptions.py", line 65, in __call__
    await wrap_app_handling_exceptions(self.app, conn)(scope, receive, send)
  File "/root/.venv/lib/python3.11/site-packages/starlette/_exception_handler.py", line 64, in wrapped_app
    raise exc
  File "/root/.venv/lib/python3.11/site-packages/starlette/_exception_handler.py", line 53, in wrapped_app
    await app(scope, receive, sender)
  File "/root/.venv/lib/python3.11/site-packages/starlette/routing.py", line 756, in __call__
    await self.middleware_stack(scope, receive, send)
  File "/root/.venv/lib/python3.11/site-packages/starlette/routing.py", line 776, in app
    await route.handle(scope, receive, send)
  File "/root/.venv/lib/python3.11/site-packages/starlette/routing.py", line 297, in handle
    await self.app(scope, receive, send)
  File "/root/.venv/lib/python3.11/site-packages/starlette/routing.py", line 77, in app
    await wrap_app_handling_exceptions(app, request)(scope, receive, send)
  File "/root/.venv/lib/python3.11/site-packages/starlette/_exception_handler.py", line 64, in wrapped_app
    raise exc
  File "/root/.venv/lib/python3.11/site-packages/starlette/_exception_handler.py", line 53, in wrapped_app
    await app(scope, receive, sender)
  File "/root/.venv/lib/python3.11/site-packages/starlette/routing.py", line 72, in app
    response = await func(request)
               ^^^^^^^^^^^^^^^^^^^
  File "/root/.venv/lib/python3.11/site-packages/fastapi/routing.py", line 296, in app
    content = await serialize_response(
              ^^^^^^^^^^^^^^^^^^^^^^^^^
  File "/root/.venv/lib/python3.11/site-packages/fastapi/routing.py", line 180, in serialize_response
    return jsonable_encoder(response_content)
           ^^^^^^^^^^^^^^^^^^^^^^^^^^^^^^^^^^
  File "/root/.venv/lib/python3.11/site-packages/fastapi/encoders.py", line 287, in jsonable_encoder
    encoded_value = jsonable_encoder(
                    ^^^^^^^^^^^^^^^^^
  File "/root/.venv/lib/python3.11/site-packages/fastapi/encoders.py", line 301, in jsonable_encoder
    jsonable_encoder(
  File "/root/.venv/lib/python3.11/site-packages/fastapi/encoders.py", line 287, in jsonable_encoder
    encoded_value = jsonable_encoder(
                    ^^^^^^^^^^^^^^^^^
  File "/root/.venv/lib/python3.11/site-packages/fastapi/encoders.py", line 287, in jsonable_encoder
    encoded_value = jsonable_encoder(
                    ^^^^^^^^^^^^^^^^^
  File "/root/.venv/lib/python3.11/site-packages/fastapi/encoders.py", line 330, in jsonable_encoder
    raise ValueError(errors) from e
ValueError: [TypeError("'ObjectId' object is not iterable"), TypeError('vars() argument must have __dict__ attribute')]

2026-04-11 07:16:56,649 [ERROR] bidblitz: Unhandled error: GET /api/admin/compliance-checks | [TypeError("'ObjectId' object is not iterable"), TypeError('vars() argument must have __dict__ attribute')]
Traceback (most recent call last):
  File "/root/.venv/lib/python3.11/site-packages/fastapi/encoders.py", line 322, in jsonable_encoder
    data = dict(obj)
           ^^^^^^^^^
TypeError: 'ObjectId' object is not iterable

During handling of the above exception, another exception occurred:

Traceback (most recent call last):
  File "/root/.venv/lib/python3.11/site-packages/fastapi/encoders.py", line 327, in jsonable_encoder
    data = vars(obj)
           ^^^^^^^^^
TypeError: vars() argument must have __dict__ attribute

The above exception was the direct cause of the following exception:

Traceback (most recent call last):
  File "/root/.venv/lib/python3.11/site-packages/starlette/middleware/errors.py", line 164, in __call__
    await self.app(scope, receive, _send)
  File "/root/.venv/lib/python3.11/site-packages/starlette/middleware/cors.py", line 85, in __call__
    await self.app(scope, receive, send)
  File "/root/.venv/lib/python3.11/site-packages/starlette/middleware/base.py", line 189, in __call__
    with collapse_excgroups():
  File "/usr/local/lib/python3.11/contextlib.py", line 158, in __exit__
    self.gen.throw(typ, value, traceback)
  File "/root/.venv/lib/python3.11/site-packages/starlette/_utils.py", line 93, in collapse_excgroups
    raise exc
  File "/root/.venv/lib/python3.11/site-packages/starlette/middleware/base.py", line 191, in __call__
    response = await self.dispatch_func(request, call_next)
               ^^^^^^^^^^^^^^^^^^^^^^^^^^^^^^^^^^^^^^^^^^^^
  File "/app/backend/server.py", line 100, in log_requests
    response = await call_next(request)
               ^^^^^^^^^^^^^^^^^^^^^^^^
  File "/root/.venv/lib/python3.11/site-packages/starlette/middleware/base.py", line 165, in call_next
    raise app_exc
  File "/root/.venv/lib/python3.11/site-packages/starlette/middleware/base.py", line 151, in coro
    await self.app(scope, receive_or_disconnect, send_no_error)
  File "/root/.venv/lib/python3.11/site-packages/starlette/middleware/exceptions.py", line 65, in __call__
    await wrap_app_handling_exceptions(self.app, conn)(scope, receive, send)
  File "/root/.venv/lib/python3.11/site-packages/starlette/_exception_handler.py", line 64, in wrapped_app
    raise exc
  File "/root/.venv/lib/python3.11/site-packages/starlette/_exception_handler.py", line 53, in wrapped_app
    await app(scope, receive, sender)
  File "/root/.venv/lib/python3.11/site-packages/starlette/routing.py", line 756, in __call__
    await self.middleware_stack(scope, receive, send)
  File "/root/.venv/lib/python3.11/site-packages/starlette/routing.py", line 776, in app
    await route.handle(scope, receive, send)
  File "/root/.venv/lib/python3.11/site-packages/starlette/routing.py", line 297, in handle
    await self.app(scope, receive, send)
  File "/root/.venv/lib/python3.11/site-packages/starlette/routing.py", line 77, in app
    await wrap_app_handling_exceptions(app, request)(scope, receive, send)
  File "/root/.venv/lib/python3.11/site-packages/starlette/_exception_handler.py", line 64, in wrapped_app
    raise exc
  File "/root/.venv/lib/python3.11/site-packages/starlette/_exception_handler.py", line 53, in wrapped_app
    await app(scope, receive, sender)
  File "/root/.venv/lib/python3.11/site-packages/starlette/routing.py", line 72, in app
    response = await func(request)
               ^^^^^^^^^^^^^^^^^^^
  File "/root/.venv/lib/python3.11/site-packages/fastapi/routing.py", line 296, in app
    content = await serialize_response(
              ^^^^^^^^^^^^^^^^^^^^^^^^^
  File "/root/.venv/lib/python3.11/site-packages/fastapi/routing.py", line 180, in serialize_response
    return jsonable_encoder(response_content)
           ^^^^^^^^^^^^^^^^^^^^^^^^^^^^^^^^^^
  File "/root/.venv/lib/python3.11/site-packages/fastapi/encoders.py", line 287, in jsonable_encoder
    encoded_value = jsonable_encoder(
                    ^^^^^^^^^^^^^^^^^
  File "/root/.venv/lib/python3.11/site-packages/fastapi/encoders.py", line 301, in jsonable_encoder
    jsonable_encoder(
  File "/root/.venv/lib/python3.11/site-packages/fastapi/encoders.py", line 287, in jsonable_encoder
    encoded_value = jsonable_encoder(
                    ^^^^^^^^^^^^^^^^^
  File "/root/.venv/lib/python3.11/site-packages/fastapi/encoders.py", line 287, in jsonable_encoder
    encoded_value = jsonable_encoder(
                    ^^^^^^^^^^^^^^^^^
  File "/root/.venv/lib/python3.11/site-packages/fastapi/encoders.py", line 330, in jsonable_encoder
    raise ValueError(errors) from e
ValueError: [TypeError("'ObjectId' object is not iterable"), TypeError('vars() argument must have __dict__ attribute')]

2026-04-11 12:16:16,619 [ERROR] bidblitz: Unhandled error: POST /api/gaming/wheel/spin | REWARD
Traceback (most recent call last):
  File "/root/.venv/lib/python3.11/site-packages/starlette/middleware/errors.py", line 164, in __call__
    await self.app(scope, receive, _send)
  File "/root/.venv/lib/python3.11/site-packages/starlette/middleware/cors.py", line 85, in __call__
    await self.app(scope, receive, send)
  File "/root/.venv/lib/python3.11/site-packages/starlette/middleware/base.py", line 189, in __call__
    with collapse_excgroups():
  File "/usr/local/lib/python3.11/contextlib.py", line 158, in __exit__
    self.gen.throw(typ, value, traceback)
  File "/root/.venv/lib/python3.11/site-packages/starlette/_utils.py", line 93, in collapse_excgroups
    raise exc
  File "/root/.venv/lib/python3.11/site-packages/starlette/middleware/base.py", line 191, in __call__
    response = await self.dispatch_func(request, call_next)
               ^^^^^^^^^^^^^^^^^^^^^^^^^^^^^^^^^^^^^^^^^^^^
  File "/app/backend/server.py", line 100, in log_requests
    response = await call_next(request)
               ^^^^^^^^^^^^^^^^^^^^^^^^
  File "/root/.venv/lib/python3.11/site-packages/starlette/middleware/base.py", line 165, in call_next
    raise app_exc
  File "/root/.venv/lib/python3.11/site-packages/starlette/middleware/base.py", line 151, in coro
    await self.app(scope, receive_or_disconnect, send_no_error)
  File "/root/.venv/lib/python3.11/site-packages/starlette/middleware/exceptions.py", line 65, in __call__
    await wrap_app_handling_exceptions(self.app, conn)(scope, receive, send)
  File "/root/.venv/lib/python3.11/site-packages/starlette/_exception_handler.py", line 64, in wrapped_app
    raise exc
  File "/root/.venv/lib/python3.11/site-packages/starlette/_exception_handler.py", line 53, in wrapped_app
    await app(scope, receive, sender)
  File "/root/.venv/lib/python3.11/site-packages/starlette/routing.py", line 756, in __call__
    await self.middleware_stack(scope, receive, send)
  File "/root/.venv/lib/python3.11/site-packages/starlette/routing.py", line 776, in app
    await route.handle(scope, receive, send)
  File "/root/.venv/lib/python3.11/site-packages/starlette/routing.py", line 297, in handle
    await self.app(scope, receive, send)
  File "/root/.venv/lib/python3.11/site-packages/starlette/routing.py", line 77, in app
    await wrap_app_handling_exceptions(app, request)(scope, receive, send)
  File "/root/.venv/lib/python3.11/site-packages/starlette/_exception_handler.py", line 64, in wrapped_app
    raise exc
  File "/root/.venv/lib/python3.11/site-packages/starlette/_exception_handler.py", line 53, in wrapped_app
    await app(scope, receive, sender)
  File "/root/.venv/lib/python3.11/site-packages/starlette/routing.py", line 72, in app
    response = await func(request)
               ^^^^^^^^^^^^^^^^^^^
  File "/root/.venv/lib/python3.11/site-packages/fastapi/routing.py", line 278, in app
    raw_response = await run_endpoint_function(
                   ^^^^^^^^^^^^^^^^^^^^^^^^^^^^
  File "/root/.venv/lib/python3.11/site-packages/fastapi/routing.py", line 191, in run_endpoint_function
    return await dependant.call(**values)
           ^^^^^^^^^^^^^^^^^^^^^^^^^^^^^^
  File "/app/backend/routes/gaming.py", line 208, in wheel_spin
    tx_type=TransactionType.REWARD,
            ^^^^^^^^^^^^^^^^^^^^^^
  File "/usr/local/lib/python3.11/enum.py", line 786, in __getattr__
    raise AttributeError(name) from None
AttributeError: REWARD

2026-04-12 16:04:02,068 [ERROR] bidblitz: Unhandled error: POST /api/ai-assistant/chat | 'State' object has no attribute 'user_id'
  + Exception Group Traceback (most recent call last):
  |   File "/root/.venv/lib/python3.11/site-packages/starlette/_utils.py", line 87, in collapse_excgroups
  |     yield
  |   File "/root/.venv/lib/python3.11/site-packages/starlette/middleware/base.py", line 190, in __call__
  |     async with anyio.create_task_group() as task_group:
  |   File "/root/.venv/lib/python3.11/site-packages/anyio/_backends/_asyncio.py", line 799, in __aexit__
  |     raise BaseExceptionGroup(
  | ExceptionGroup: unhandled errors in a TaskGroup (1 sub-exception)
  +-+---------------- 1 ----------------
    | Traceback (most recent call last):
    |   File "/root/.venv/lib/python3.11/site-packages/starlette/middleware/errors.py", line 164, in __call__
    |     await self.app(scope, receive, _send)
    |   File "/root/.venv/lib/python3.11/site-packages/starlette/middleware/cors.py", line 85, in __call__
    |     await self.app(scope, receive, send)
    |   File "/root/.venv/lib/python3.11/site-packages/starlette/middleware/base.py", line 189, in __call__
    |     with collapse_excgroups():
    |   File "/usr/local/lib/python3.11/contextlib.py", line 158, in __exit__
    |     self.gen.throw(typ, value, traceback)
    |   File "/root/.venv/lib/python3.11/site-packages/starlette/_utils.py", line 93, in collapse_excgroups
    |     raise exc
    |   File "/root/.venv/lib/python3.11/site-packages/starlette/middleware/base.py", line 191, in __call__
    |     response = await self.dispatch_func(request, call_next)
    |                ^^^^^^^^^^^^^^^^^^^^^^^^^^^^^^^^^^^^^^^^^^^^
    |   File "/app/backend/server.py", line 100, in log_requests
    |     response = await call_next(request)
    |                ^^^^^^^^^^^^^^^^^^^^^^^^
    |   File "/root/.venv/lib/python3.11/site-packages/starlette/middleware/base.py", line 165, in call_next
    |     raise app_exc
    |   File "/root/.venv/lib/python3.11/site-packages/starlette/middleware/base.py", line 151, in coro
    |     await self.app(scope, receive_or_disconnect, send_no_error)
    |   File "/root/.venv/lib/python3.11/site-packages/starlette/middleware/exceptions.py", line 65, in __call__
    |     await wrap_app_handling_exceptions(self.app, conn)(scope, receive, send)
    |   File "/root/.venv/lib/python3.11/site-packages/starlette/_exception_handler.py", line 64, in wrapped_app
    |     raise exc
    |   File "/root/.venv/lib/python3.11/site-packages/starlette/_exception_handler.py", line 53, in wrapped_app
    |     await app(scope, receive, sender)
    |   File "/root/.venv/lib/python3.11/site-packages/starlette/routing.py", line 756, in __call__
    |     await self.middleware_stack(scope, receive, send)
    |   File "/root/.venv/lib/python3.11/site-packages/starlette/routing.py", line 776, in app
    |     await route.handle(scope, receive, send)
    |   File "/root/.venv/lib/python3.11/site-packages/starlette/routing.py", line 297, in handle
    |     await self.app(scope, receive, send)
    |   File "/root/.venv/lib/python3.11/site-packages/starlette/routing.py", line 77, in app
    |     await wrap_app_handling_exceptions(app, request)(scope, receive, send)
    |   File "/root/.venv/lib/python3.11/site-packages/starlette/_exception_handler.py", line 64, in wrapped_app
    |     raise exc
    |   File "/root/.venv/lib/python3.11/site-packages/starlette/_exception_handler.py", line 53, in wrapped_app
    |     await app(scope, receive, sender)
    |   File "/root/.venv/lib/python3.11/site-packages/starlette/routing.py", line 72, in app
    |     response = await func(request)
    |                ^^^^^^^^^^^^^^^^^^^
    |   File "/root/.venv/lib/python3.11/site-packages/fastapi/routing.py", line 278, in app
    |     raw_response = await run_endpoint_function(
    |                    ^^^^^^^^^^^^^^^^^^^^^^^^^^^^
    |   File "/root/.venv/lib/python3.11/site-packages/fastapi/routing.py", line 191, in run_endpoint_function
    |     return await dependant.call(**values)
    |            ^^^^^^^^^^^^^^^^^^^^^^^^^^^^^^
    |   File "/app/backend/routes/ai_assistant.py", line 24, in ai_chat
    |     user_id = request.state.user_id
    |               ^^^^^^^^^^^^^^^^^^^^^
    |   File "/root/.venv/lib/python3.11/site-packages/starlette/datastructures.py", line 702, in __getattr__
    |     raise AttributeError(message.format(self.__class__.__name__, key))
    | AttributeError: 'State' object has no attribute 'user_id'
    +------------------------------------

During handling of the above exception, another exception occurred:

Traceback (most recent call last):
  File "/root/.venv/lib/python3.11/site-packages/starlette/middleware/errors.py", line 164, in __call__
    await self.app(scope, receive, _send)
  File "/root/.venv/lib/python3.11/site-packages/starlette/middleware/cors.py", line 85, in __call__
    await self.app(scope, receive, send)
  File "/root/.venv/lib/python3.11/site-packages/starlette/middleware/base.py", line 189, in __call__
    with collapse_excgroups():
  File "/usr/local/lib/python3.11/contextlib.py", line 158, in __exit__
    self.gen.throw(typ, value, traceback)
  File "/root/.venv/lib/python3.11/site-packages/starlette/_utils.py", line 93, in collapse_excgroups
    raise exc
  File "/root/.venv/lib/python3.11/site-packages/starlette/middleware/base.py", line 191, in __call__
    response = await self.dispatch_func(request, call_next)
               ^^^^^^^^^^^^^^^^^^^^^^^^^^^^^^^^^^^^^^^^^^^^
  File "/app/backend/server.py", line 100, in log_requests
    response = await call_next(request)
               ^^^^^^^^^^^^^^^^^^^^^^^^
  File "/root/.venv/lib/python3.11/site-packages/starlette/middleware/base.py", line 165, in call_next
    raise app_exc
  File "/root/.venv/lib/python3.11/site-packages/starlette/middleware/base.py", line 151, in coro
    await self.app(scope, receive_or_disconnect, send_no_error)
  File "/root/.venv/lib/python3.11/site-packages/starlette/middleware/exceptions.py", line 65, in __call__
    await wrap_app_handling_exceptions(self.app, conn)(scope, receive, send)
  File "/root/.venv/lib/python3.11/site-packages/starlette/_exception_handler.py", line 64, in wrapped_app
    raise exc
  File "/root/.venv/lib/python3.11/site-packages/starlette/_exception_handler.py", line 53, in wrapped_app
    await app(scope, receive, sender)
  File "/root/.venv/lib/python3.11/site-packages/starlette/routing.py", line 756, in __call__
    await self.middleware_stack(scope, receive, send)
  File "/root/.venv/lib/python3.11/site-packages/starlette/routing.py", line 776, in app
    await route.handle(scope, receive, send)
  File "/root/.venv/lib/python3.11/site-packages/starlette/routing.py", line 297, in handle
    await self.app(scope, receive, send)
  File "/root/.venv/lib/python3.11/site-packages/starlette/routing.py", line 77, in app
    await wrap_app_handling_exceptions(app, request)(scope, receive, send)
  File "/root/.venv/lib/python3.11/site-packages/starlette/_exception_handler.py", line 64, in wrapped_app
    raise exc
  File "/root/.venv/lib/python3.11/site-packages/starlette/_exception_handler.py", line 53, in wrapped_app
    await app(scope, receive, sender)
  File "/root/.venv/lib/python3.11/site-packages/starlette/routing.py", line 72, in app
    response = await func(request)
               ^^^^^^^^^^^^^^^^^^^
  File "/root/.venv/lib/python3.11/site-packages/fastapi/routing.py", line 278, in app
    raw_response = await run_endpoint_function(
                   ^^^^^^^^^^^^^^^^^^^^^^^^^^^^
  File "/root/.venv/lib/python3.11/site-packages/fastapi/routing.py", line 191, in run_endpoint_function
    return await dependant.call(**values)
           ^^^^^^^^^^^^^^^^^^^^^^^^^^^^^^
  File "/app/backend/routes/ai_assistant.py", line 24, in ai_chat
    user_id = request.state.user_id
              ^^^^^^^^^^^^^^^^^^^^^
  File "/root/.venv/lib/python3.11/site-packages/starlette/datastructures.py", line 702, in __getattr__
    raise AttributeError(message.format(self.__class__.__name__, key))
AttributeError: 'State' object has no attribute 'user_id'

2026-04-12 16:04:02,368 [ERROR] bidblitz: Unhandled error: GET /api/budget/overview | 'State' object has no attribute 'user_id'
  + Exception Group Traceback (most recent call last):
  |   File "/root/.venv/lib/python3.11/site-packages/starlette/_utils.py", line 87, in collapse_excgroups
  |     yield
  |   File "/root/.venv/lib/python3.11/site-packages/starlette/middleware/base.py", line 190, in __call__
  |     async with anyio.create_task_group() as task_group:
  |   File "/root/.venv/lib/python3.11/site-packages/anyio/_backends/_asyncio.py", line 799, in __aexit__
  |     raise BaseExceptionGroup(
  | ExceptionGroup: unhandled errors in a TaskGroup (1 sub-exception)
  +-+---------------- 1 ----------------
    | Traceback (most recent call last):
    |   File "/root/.venv/lib/python3.11/site-packages/starlette/middleware/errors.py", line 164, in __call__
    |     await self.app(scope, receive, _send)
    |   File "/root/.venv/lib/python3.11/site-packages/starlette/middleware/cors.py", line 85, in __call__
    |     await self.app(scope, receive, send)
    |   File "/root/.venv/lib/python3.11/site-packages/starlette/middleware/base.py", line 189, in __call__
    |     with collapse_excgroups():
    |   File "/usr/local/lib/python3.11/contextlib.py", line 158, in __exit__
    |     self.gen.throw(typ, value, traceback)
    |   File "/root/.venv/lib/python3.11/site-packages/starlette/_utils.py", line 93, in collapse_excgroups
    |     raise exc
    |   File "/root/.venv/lib/python3.11/site-packages/starlette/middleware/base.py", line 191, in __call__
    |     response = await self.dispatch_func(request, call_next)
    |                ^^^^^^^^^^^^^^^^^^^^^^^^^^^^^^^^^^^^^^^^^^^^
    |   File "/app/backend/server.py", line 100, in log_requests
    |     response = await call_next(request)
    |                ^^^^^^^^^^^^^^^^^^^^^^^^
    |   File "/root/.venv/lib/python3.11/site-packages/starlette/middleware/base.py", line 165, in call_next
    |     raise app_exc
    |   File "/root/.venv/lib/python3.11/site-packages/starlette/middleware/base.py", line 151, in coro
    |     await self.app(scope, receive_or_disconnect, send_no_error)
    |   File "/root/.venv/lib/python3.11/site-packages/starlette/middleware/exceptions.py", line 65, in __call__
    |     await wrap_app_handling_exceptions(self.app, conn)(scope, receive, send)
    |   File "/root/.venv/lib/python3.11/site-packages/starlette/_exception_handler.py", line 64, in wrapped_app
    |     raise exc
    |   File "/root/.venv/lib/python3.11/site-packages/starlette/_exception_handler.py", line 53, in wrapped_app
    |     await app(scope, receive, sender)
    |   File "/root/.venv/lib/python3.11/site-packages/starlette/routing.py", line 756, in __call__
    |     await self.middleware_stack(scope, receive, send)
    |   File "/root/.venv/lib/python3.11/site-packages/starlette/routing.py", line 776, in app
    |     await route.handle(scope, receive, send)
    |   File "/root/.venv/lib/python3.11/site-packages/starlette/routing.py", line 297, in handle
    |     await self.app(scope, receive, send)
    |   File "/root/.venv/lib/python3.11/site-packages/starlette/routing.py", line 77, in app
    |     await wrap_app_handling_exceptions(app, request)(scope, receive, send)
    |   File "/root/.venv/lib/python3.11/site-packages/starlette/_exception_handler.py", line 64, in wrapped_app
    |     raise exc
    |   File "/root/.venv/lib/python3.11/site-packages/starlette/_exception_handler.py", line 53, in wrapped_app
    |     await app(scope, receive, sender)
    |   File "/root/.venv/lib/python3.11/site-packages/starlette/routing.py", line 72, in app
    |     response = await func(request)
    |                ^^^^^^^^^^^^^^^^^^^
    |   File "/root/.venv/lib/python3.11/site-packages/fastapi/routing.py", line 278, in app
    |     raw_response = await run_endpoint_function(
    |                    ^^^^^^^^^^^^^^^^^^^^^^^^^^^^
    |   File "/root/.venv/lib/python3.11/site-packages/fastapi/routing.py", line 191, in run_endpoint_function
    |     return await dependant.call(**values)
    |            ^^^^^^^^^^^^^^^^^^^^^^^^^^^^^^
    |   File "/app/backend/routes/budget.py", line 39, in budget_overview
    |     user_id = request.state.user_id
    |               ^^^^^^^^^^^^^^^^^^^^^
    |   File "/root/.venv/lib/python3.11/site-packages/starlette/datastructures.py", line 702, in __getattr__
    |     raise AttributeError(message.format(self.__class__.__name__, key))
    | AttributeError: 'State' object has no attribute 'user_id'
    +------------------------------------

During handling of the above exception, another exception occurred:

Traceback (most recent call last):
  File "/root/.venv/lib/python3.11/site-packages/starlette/middleware/errors.py", line 164, in __call__
    await self.app(scope, receive, _send)
  File "/root/.venv/lib/python3.11/site-packages/starlette/middleware/cors.py", line 85, in __call__
    await self.app(scope, receive, send)
  File "/root/.venv/lib/python3.11/site-packages/starlette/middleware/base.py", line 189, in __call__
    with collapse_excgroups():
  File "/usr/local/lib/python3.11/contextlib.py", line 158, in __exit__
    self.gen.throw(typ, value, traceback)
  File "/root/.venv/lib/python3.11/site-packages/starlette/_utils.py", line 93, in collapse_excgroups
    raise exc
  File "/root/.venv/lib/python3.11/site-packages/starlette/middleware/base.py", line 191, in __call__
    response = await self.dispatch_func(request, call_next)
               ^^^^^^^^^^^^^^^^^^^^^^^^^^^^^^^^^^^^^^^^^^^^
  File "/app/backend/server.py", line 100, in log_requests
    response = await call_next(request)
               ^^^^^^^^^^^^^^^^^^^^^^^^
  File "/root/.venv/lib/python3.11/site-packages/starlette/middleware/base.py", line 165, in call_next
    raise app_exc
  File "/root/.venv/lib/python3.11/site-packages/starlette/middleware/base.py", line 151, in coro
    await self.app(scope, receive_or_disconnect, send_no_error)
  File "/root/.venv/lib/python3.11/site-packages/starlette/middleware/exceptions.py", line 65, in __call__
    await wrap_app_handling_exceptions(self.app, conn)(scope, receive, send)
  File "/root/.venv/lib/python3.11/site-packages/starlette/_exception_handler.py", line 64, in wrapped_app
    raise exc
  File "/root/.venv/lib/python3.11/site-packages/starlette/_exception_handler.py", line 53, in wrapped_app
    await app(scope, receive, sender)
  File "/root/.venv/lib/python3.11/site-packages/starlette/routing.py", line 756, in __call__
    await self.middleware_stack(scope, receive, send)
  File "/root/.venv/lib/python3.11/site-packages/starlette/routing.py", line 776, in app
    await route.handle(scope, receive, send)
  File "/root/.venv/lib/python3.11/site-packages/starlette/routing.py", line 297, in handle
    await self.app(scope, receive, send)
  File "/root/.venv/lib/python3.11/site-packages/starlette/routing.py", line 77, in app
    await wrap_app_handling_exceptions(app, request)(scope, receive, send)
  File "/root/.venv/lib/python3.11/site-packages/starlette/_exception_handler.py", line 64, in wrapped_app
    raise exc
  File "/root/.venv/lib/python3.11/site-packages/starlette/_exception_handler.py", line 53, in wrapped_app
    await app(scope, receive, sender)
  File "/root/.venv/lib/python3.11/site-packages/starlette/routing.py", line 72, in app
    response = await func(request)
               ^^^^^^^^^^^^^^^^^^^
  File "/root/.venv/lib/python3.11/site-packages/fastapi/routing.py", line 278, in app
    raw_response = await run_endpoint_function(
                   ^^^^^^^^^^^^^^^^^^^^^^^^^^^^
  File "/root/.venv/lib/python3.11/site-packages/fastapi/routing.py", line 191, in run_endpoint_function
    return await dependant.call(**values)
           ^^^^^^^^^^^^^^^^^^^^^^^^^^^^^^
  File "/app/backend/routes/budget.py", line 39, in budget_overview
    user_id = request.state.user_id
              ^^^^^^^^^^^^^^^^^^^^^
  File "/root/.venv/lib/python3.11/site-packages/starlette/datastructures.py", line 702, in __getattr__
    raise AttributeError(message.format(self.__class__.__name__, key))
AttributeError: 'State' object has no attribute 'user_id'

2026-04-12 16:04:17,555 [ERROR] bidblitz: Unhandled error: POST /api/ai-assistant/chat | 'State' object has no attribute 'user_id'
  + Exception Group Traceback (most recent call last):
  |   File "/root/.venv/lib/python3.11/site-packages/starlette/_utils.py", line 87, in collapse_excgroups
  |     yield
  |   File "/root/.venv/lib/python3.11/site-packages/starlette/middleware/base.py", line 190, in __call__
  |     async with anyio.create_task_group() as task_group:
  |   File "/root/.venv/lib/python3.11/site-packages/anyio/_backends/_asyncio.py", line 799, in __aexit__
  |     raise BaseExceptionGroup(
  | ExceptionGroup: unhandled errors in a TaskGroup (1 sub-exception)
  +-+---------------- 1 ----------------
    | Traceback (most recent call last):
    |   File "/root/.venv/lib/python3.11/site-packages/starlette/middleware/errors.py", line 164, in __call__
    |     await self.app(scope, receive, _send)
    |   File "/root/.venv/lib/python3.11/site-packages/starlette/middleware/cors.py", line 85, in __call__
    |     await self.app(scope, receive, send)
    |   File "/root/.venv/lib/python3.11/site-packages/starlette/middleware/base.py", line 189, in __call__
    |     with collapse_excgroups():
    |   File "/usr/local/lib/python3.11/contextlib.py", line 158, in __exit__
    |     self.gen.throw(typ, value, traceback)
    |   File "/root/.venv/lib/python3.11/site-packages/starlette/_utils.py", line 93, in collapse_excgroups
    |     raise exc
    |   File "/root/.venv/lib/python3.11/site-packages/starlette/middleware/base.py", line 191, in __call__
    |     response = await self.dispatch_func(request, call_next)
    |                ^^^^^^^^^^^^^^^^^^^^^^^^^^^^^^^^^^^^^^^^^^^^
    |   File "/app/backend/server.py", line 100, in log_requests
    |     response = await call_next(request)
    |                ^^^^^^^^^^^^^^^^^^^^^^^^
    |   File "/root/.venv/lib/python3.11/site-packages/starlette/middleware/base.py", line 165, in call_next
    |     raise app_exc
    |   File "/root/.venv/lib/python3.11/site-packages/starlette/middleware/base.py", line 151, in coro
    |     await self.app(scope, receive_or_disconnect, send_no_error)
    |   File "/root/.venv/lib/python3.11/site-packages/starlette/middleware/exceptions.py", line 65, in __call__
    |     await wrap_app_handling_exceptions(self.app, conn)(scope, receive, send)
    |   File "/root/.venv/lib/python3.11/site-packages/starlette/_exception_handler.py", line 64, in wrapped_app
    |     raise exc
    |   File "/root/.venv/lib/python3.11/site-packages/starlette/_exception_handler.py", line 53, in wrapped_app
    |     await app(scope, receive, sender)
    |   File "/root/.venv/lib/python3.11/site-packages/starlette/routing.py", line 756, in __call__
    |     await self.middleware_stack(scope, receive, send)
    |   File "/root/.venv/lib/python3.11/site-packages/starlette/routing.py", line 776, in app
    |     await route.handle(scope, receive, send)
    |   File "/root/.venv/lib/python3.11/site-packages/starlette/routing.py", line 297, in handle
    |     await self.app(scope, receive, send)
    |   File "/root/.venv/lib/python3.11/site-packages/starlette/routing.py", line 77, in app
    |     await wrap_app_handling_exceptions(app, request)(scope, receive, send)
    |   File "/root/.venv/lib/python3.11/site-packages/starlette/_exception_handler.py", line 64, in wrapped_app
    |     raise exc
    |   File "/root/.venv/lib/python3.11/site-packages/starlette/_exception_handler.py", line 53, in wrapped_app
    |     await app(scope, receive, sender)
    |   File "/root/.venv/lib/python3.11/site-packages/starlette/routing.py", line 72, in app
    |     response = await func(request)
    |                ^^^^^^^^^^^^^^^^^^^
    |   File "/root/.venv/lib/python3.11/site-packages/fastapi/routing.py", line 278, in app
    |     raw_response = await run_endpoint_function(
    |                    ^^^^^^^^^^^^^^^^^^^^^^^^^^^^
    |   File "/root/.venv/lib/python3.11/site-packages/fastapi/routing.py", line 191, in run_endpoint_function
    |     return await dependant.call(**values)
    |            ^^^^^^^^^^^^^^^^^^^^^^^^^^^^^^
    |   File "/app/backend/routes/ai_assistant.py", line 24, in ai_chat
    |     user_id = request.state.user_id
    |               ^^^^^^^^^^^^^^^^^^^^^
    |   File "/root/.venv/lib/python3.11/site-packages/starlette/datastructures.py", line 702, in __getattr__
    |     raise AttributeError(message.format(self.__class__.__name__, key))
    | AttributeError: 'State' object has no attribute 'user_id'
    +------------------------------------

During handling of the above exception, another exception occurred:

Traceback (most recent call last):
  File "/root/.venv/lib/python3.11/site-packages/starlette/middleware/errors.py", line 164, in __call__
    await self.app(scope, receive, _send)
  File "/root/.venv/lib/python3.11/site-packages/starlette/middleware/cors.py", line 85, in __call__
    await self.app(scope, receive, send)
  File "/root/.venv/lib/python3.11/site-packages/starlette/middleware/base.py", line 189, in __call__
    with collapse_excgroups():
  File "/usr/local/lib/python3.11/contextlib.py", line 158, in __exit__
    self.gen.throw(typ, value, traceback)
  File "/root/.venv/lib/python3.11/site-packages/starlette/_utils.py", line 93, in collapse_excgroups
    raise exc
  File "/root/.venv/lib/python3.11/site-packages/starlette/middleware/base.py", line 191, in __call__
    response = await self.dispatch_func(request, call_next)
               ^^^^^^^^^^^^^^^^^^^^^^^^^^^^^^^^^^^^^^^^^^^^
  File "/app/backend/server.py", line 100, in log_requests
    response = await call_next(request)
               ^^^^^^^^^^^^^^^^^^^^^^^^
  File "/root/.venv/lib/python3.11/site-packages/starlette/middleware/base.py", line 165, in call_next
    raise app_exc
  File "/root/.venv/lib/python3.11/site-packages/starlette/middleware/base.py", line 151, in coro
    await self.app(scope, receive_or_disconnect, send_no_error)
  File "/root/.venv/lib/python3.11/site-packages/starlette/middleware/exceptions.py", line 65, in __call__
    await wrap_app_handling_exceptions(self.app, conn)(scope, receive, send)
  File "/root/.venv/lib/python3.11/site-packages/starlette/_exception_handler.py", line 64, in wrapped_app
    raise exc
  File "/root/.venv/lib/python3.11/site-packages/starlette/_exception_handler.py", line 53, in wrapped_app
    await app(scope, receive, sender)
  File "/root/.venv/lib/python3.11/site-packages/starlette/routing.py", line 756, in __call__
    await self.middleware_stack(scope, receive, send)
  File "/root/.venv/lib/python3.11/site-packages/starlette/routing.py", line 776, in app
    await route.handle(scope, receive, send)
  File "/root/.venv/lib/python3.11/site-packages/starlette/routing.py", line 297, in handle
    await self.app(scope, receive, send)
  File "/root/.venv/lib/python3.11/site-packages/starlette/routing.py", line 77, in app
    await wrap_app_handling_exceptions(app, request)(scope, receive, send)
  File "/root/.venv/lib/python3.11/site-packages/starlette/_exception_handler.py", line 64, in wrapped_app
    raise exc
  File "/root/.venv/lib/python3.11/site-packages/starlette/_exception_handler.py", line 53, in wrapped_app
    await app(scope, receive, sender)
  File "/root/.venv/lib/python3.11/site-packages/starlette/routing.py", line 72, in app
    response = await func(request)
               ^^^^^^^^^^^^^^^^^^^
  File "/root/.venv/lib/python3.11/site-packages/fastapi/routing.py", line 278, in app
    raw_response = await run_endpoint_function(
                   ^^^^^^^^^^^^^^^^^^^^^^^^^^^^
  File "/root/.venv/lib/python3.11/site-packages/fastapi/routing.py", line 191, in run_endpoint_function
    return await dependant.call(**values)
           ^^^^^^^^^^^^^^^^^^^^^^^^^^^^^^
  File "/app/backend/routes/ai_assistant.py", line 24, in ai_chat
    user_id = request.state.user_id
              ^^^^^^^^^^^^^^^^^^^^^
  File "/root/.venv/lib/python3.11/site-packages/starlette/datastructures.py", line 702, in __getattr__
    raise AttributeError(message.format(self.__class__.__name__, key))
AttributeError: 'State' object has no attribute 'user_id'

2026-04-12 16:05:45,968 [ERROR] bidblitz: Unhandled error: POST /api/ai-assistant/chat | 'State' object has no attribute 'db'
  + Exception Group Traceback (most recent call last):
  |   File "/root/.venv/lib/python3.11/site-packages/starlette/_utils.py", line 87, in collapse_excgroups
  |     yield
  |   File "/root/.venv/lib/python3.11/site-packages/starlette/middleware/base.py", line 190, in __call__
  |     async with anyio.create_task_group() as task_group:
  |   File "/root/.venv/lib/python3.11/site-packages/anyio/_backends/_asyncio.py", line 799, in __aexit__
  |     raise BaseExceptionGroup(
  | ExceptionGroup: unhandled errors in a TaskGroup (1 sub-exception)
  +-+---------------- 1 ----------------
    | Traceback (most recent call last):
    |   File "/root/.venv/lib/python3.11/site-packages/starlette/middleware/errors.py", line 164, in __call__
    |     await self.app(scope, receive, _send)
    |   File "/root/.venv/lib/python3.11/site-packages/starlette/middleware/cors.py", line 85, in __call__
    |     await self.app(scope, receive, send)
    |   File "/root/.venv/lib/python3.11/site-packages/starlette/middleware/base.py", line 189, in __call__
    |     with collapse_excgroups():
    |   File "/usr/local/lib/python3.11/contextlib.py", line 158, in __exit__
    |     self.gen.throw(typ, value, traceback)
    |   File "/root/.venv/lib/python3.11/site-packages/starlette/_utils.py", line 93, in collapse_excgroups
    |     raise exc
    |   File "/root/.venv/lib/python3.11/site-packages/starlette/middleware/base.py", line 191, in __call__
    |     response = await self.dispatch_func(request, call_next)
    |                ^^^^^^^^^^^^^^^^^^^^^^^^^^^^^^^^^^^^^^^^^^^^
    |   File "/app/backend/server.py", line 100, in log_requests
    |     response = await call_next(request)
    |                ^^^^^^^^^^^^^^^^^^^^^^^^
    |   File "/root/.venv/lib/python3.11/site-packages/starlette/middleware/base.py", line 165, in call_next
    |     raise app_exc
    |   File "/root/.venv/lib/python3.11/site-packages/starlette/middleware/base.py", line 151, in coro
    |     await self.app(scope, receive_or_disconnect, send_no_error)
    |   File "/root/.venv/lib/python3.11/site-packages/starlette/middleware/exceptions.py", line 65, in __call__
    |     await wrap_app_handling_exceptions(self.app, conn)(scope, receive, send)
    |   File "/root/.venv/lib/python3.11/site-packages/starlette/_exception_handler.py", line 64, in wrapped_app
    |     raise exc
    |   File "/root/.venv/lib/python3.11/site-packages/starlette/_exception_handler.py", line 53, in wrapped_app
    |     await app(scope, receive, sender)
    |   File "/root/.venv/lib/python3.11/site-packages/starlette/routing.py", line 756, in __call__
    |     await self.middleware_stack(scope, receive, send)
    |   File "/root/.venv/lib/python3.11/site-packages/starlette/routing.py", line 776, in app
    |     await route.handle(scope, receive, send)
    |   File "/root/.venv/lib/python3.11/site-packages/starlette/routing.py", line 297, in handle
    |     await self.app(scope, receive, send)
    |   File "/root/.venv/lib/python3.11/site-packages/starlette/routing.py", line 77, in app
    |     await wrap_app_handling_exceptions(app, request)(scope, receive, send)
    |   File "/root/.venv/lib/python3.11/site-packages/starlette/_exception_handler.py", line 64, in wrapped_app
    |     raise exc
    |   File "/root/.venv/lib/python3.11/site-packages/starlette/_exception_handler.py", line 53, in wrapped_app
    |     await app(scope, receive, sender)
    |   File "/root/.venv/lib/python3.11/site-packages/starlette/routing.py", line 72, in app
    |     response = await func(request)
    |                ^^^^^^^^^^^^^^^^^^^
    |   File "/root/.venv/lib/python3.11/site-packages/fastapi/routing.py", line 278, in app
    |     raw_response = await run_endpoint_function(
    |                    ^^^^^^^^^^^^^^^^^^^^^^^^^^^^
    |   File "/root/.venv/lib/python3.11/site-packages/fastapi/routing.py", line 191, in run_endpoint_function
    |     return await dependant.call(**values)
    |            ^^^^^^^^^^^^^^^^^^^^^^^^^^^^^^
    |   File "/app/backend/routes/ai_assistant.py", line 28, in ai_chat
    |     db = request.app.state.db
    |          ^^^^^^^^^^^^^^^^^^^^
    |   File "/root/.venv/lib/python3.11/site-packages/starlette/datastructures.py", line 702, in __getattr__
    |     raise AttributeError(message.format(self.__class__.__name__, key))
    | AttributeError: 'State' object has no attribute 'db'
    +------------------------------------

During handling of the above exception, another exception occurred:

Traceback (most recent call last):
  File "/root/.venv/lib/python3.11/site-packages/starlette/middleware/errors.py", line 164, in __call__
    await self.app(scope, receive, _send)
  File "/root/.venv/lib/python3.11/site-packages/starlette/middleware/cors.py", line 85, in __call__
    await self.app(scope, receive, send)
  File "/root/.venv/lib/python3.11/site-packages/starlette/middleware/base.py", line 189, in __call__
    with collapse_excgroups():
  File "/usr/local/lib/python3.11/contextlib.py", line 158, in __exit__
    self.gen.throw(typ, value, traceback)
  File "/root/.venv/lib/python3.11/site-packages/starlette/_utils.py", line 93, in collapse_excgroups
    raise exc
  File "/root/.venv/lib/python3.11/site-packages/starlette/middleware/base.py", line 191, in __call__
    response = await self.dispatch_func(request, call_next)
               ^^^^^^^^^^^^^^^^^^^^^^^^^^^^^^^^^^^^^^^^^^^^
  File "/app/backend/server.py", line 100, in log_requests
    response = await call_next(request)
               ^^^^^^^^^^^^^^^^^^^^^^^^
  File "/root/.venv/lib/python3.11/site-packages/starlette/middleware/base.py", line 165, in call_next
    raise app_exc
  File "/root/.venv/lib/python3.11/site-packages/starlette/middleware/base.py", line 151, in coro
    await self.app(scope, receive_or_disconnect, send_no_error)
  File "/root/.venv/lib/python3.11/site-packages/starlette/middleware/exceptions.py", line 65, in __call__
    await wrap_app_handling_exceptions(self.app, conn)(scope, receive, send)
  File "/root/.venv/lib/python3.11/site-packages/starlette/_exception_handler.py", line 64, in wrapped_app
    raise exc
  File "/root/.venv/lib/python3.11/site-packages/starlette/_exception_handler.py", line 53, in wrapped_app
    await app(scope, receive, sender)
  File "/root/.venv/lib/python3.11/site-packages/starlette/routing.py", line 756, in __call__
    await self.middleware_stack(scope, receive, send)
  File "/root/.venv/lib/python3.11/site-packages/starlette/routing.py", line 776, in app
    await route.handle(scope, receive, send)
  File "/root/.venv/lib/python3.11/site-packages/starlette/routing.py", line 297, in handle
    await self.app(scope, receive, send)
  File "/root/.venv/lib/python3.11/site-packages/starlette/routing.py", line 77, in app
    await wrap_app_handling_exceptions(app, request)(scope, receive, send)
  File "/root/.venv/lib/python3.11/site-packages/starlette/_exception_handler.py", line 64, in wrapped_app
    raise exc
  File "/root/.venv/lib/python3.11/site-packages/starlette/_exception_handler.py", line 53, in wrapped_app
    await app(scope, receive, sender)
  File "/root/.venv/lib/python3.11/site-packages/starlette/routing.py", line 72, in app
    response = await func(request)
               ^^^^^^^^^^^^^^^^^^^
  File "/root/.venv/lib/python3.11/site-packages/fastapi/routing.py", line 278, in app
    raw_response = await run_endpoint_function(
                   ^^^^^^^^^^^^^^^^^^^^^^^^^^^^
  File "/root/.venv/lib/python3.11/site-packages/fastapi/routing.py", line 191, in run_endpoint_function
    return await dependant.call(**values)
           ^^^^^^^^^^^^^^^^^^^^^^^^^^^^^^
  File "/app/backend/routes/ai_assistant.py", line 28, in ai_chat
    db = request.app.state.db
         ^^^^^^^^^^^^^^^^^^^^
  File "/root/.venv/lib/python3.11/site-packages/starlette/datastructures.py", line 702, in __getattr__
    raise AttributeError(message.format(self.__class__.__name__, key))
AttributeError: 'State' object has no attribute 'db'

2026-04-12 16:06:37,621 [ERROR] bidblitz: 5xx: POST /api/ai-assistant/chat → 500 (3237ms)
2026-04-12 20:00:10,007 [ERROR] bidblitz: Unhandled error: POST /api/hotels/book | 'seed' is not a valid ObjectId, it must be a 12-byte input or a 24-character hex string
  + Exception Group Traceback (most recent call last):
  |   File "/root/.venv/lib/python3.11/site-packages/starlette/_utils.py", line 87, in collapse_excgroups
  |     yield
  |   File "/root/.venv/lib/python3.11/site-packages/starlette/middleware/base.py", line 190, in __call__
  |     async with anyio.create_task_group() as task_group:
  |   File "/root/.venv/lib/python3.11/site-packages/anyio/_backends/_asyncio.py", line 799, in __aexit__
  |     raise BaseExceptionGroup(
  | ExceptionGroup: unhandled errors in a TaskGroup (1 sub-exception)
  +-+---------------- 1 ----------------
    | Traceback (most recent call last):
    |   File "/root/.venv/lib/python3.11/site-packages/starlette/middleware/errors.py", line 164, in __call__
    |     await self.app(scope, receive, _send)
    |   File "/root/.venv/lib/python3.11/site-packages/starlette/middleware/cors.py", line 93, in __call__
    |     await self.simple_response(scope, receive, send, request_headers=headers)
    |   File "/root/.venv/lib/python3.11/site-packages/starlette/middleware/cors.py", line 148, in simple_response
    |     await self.app(scope, receive, send)
    |   File "/root/.venv/lib/python3.11/site-packages/starlette/middleware/base.py", line 189, in __call__
    |     with collapse_excgroups():
    |   File "/usr/local/lib/python3.11/contextlib.py", line 158, in __exit__
    |     self.gen.throw(typ, value, traceback)
    |   File "/root/.venv/lib/python3.11/site-packages/starlette/_utils.py", line 93, in collapse_excgroups
    |     raise exc
    |   File "/root/.venv/lib/python3.11/site-packages/starlette/middleware/base.py", line 191, in __call__
    |     response = await self.dispatch_func(request, call_next)
    |                ^^^^^^^^^^^^^^^^^^^^^^^^^^^^^^^^^^^^^^^^^^^^
    |   File "/app/backend/server.py", line 100, in log_requests
    |     response = await call_next(request)
    |                ^^^^^^^^^^^^^^^^^^^^^^^^
    |   File "/root/.venv/lib/python3.11/site-packages/starlette/middleware/base.py", line 165, in call_next
    |     raise app_exc
    |   File "/root/.venv/lib/python3.11/site-packages/starlette/middleware/base.py", line 151, in coro
    |     await self.app(scope, receive_or_disconnect, send_no_error)
    |   File "/root/.venv/lib/python3.11/site-packages/starlette/middleware/exceptions.py", line 65, in __call__
    |     await wrap_app_handling_exceptions(self.app, conn)(scope, receive, send)
    |   File "/root/.venv/lib/python3.11/site-packages/starlette/_exception_handler.py", line 64, in wrapped_app
    |     raise exc
    |   File "/root/.venv/lib/python3.11/site-packages/starlette/_exception_handler.py", line 53, in wrapped_app
    |     await app(scope, receive, sender)
    |   File "/root/.venv/lib/python3.11/site-packages/starlette/routing.py", line 756, in __call__
    |     await self.middleware_stack(scope, receive, send)
    |   File "/root/.venv/lib/python3.11/site-packages/starlette/routing.py", line 776, in app
    |     await route.handle(scope, receive, send)
    |   File "/root/.venv/lib/python3.11/site-packages/starlette/routing.py", line 297, in handle
    |     await self.app(scope, receive, send)
    |   File "/root/.venv/lib/python3.11/site-packages/starlette/routing.py", line 77, in app
    |     await wrap_app_handling_exceptions(app, request)(scope, receive, send)
    |   File "/root/.venv/lib/python3.11/site-packages/starlette/_exception_handler.py", line 64, in wrapped_app
    |     raise exc
    |   File "/root/.venv/lib/python3.11/site-packages/starlette/_exception_handler.py", line 53, in wrapped_app
    |     await app(scope, receive, sender)
    |   File "/root/.venv/lib/python3.11/site-packages/starlette/routing.py", line 72, in app
    |     response = await func(request)
    |                ^^^^^^^^^^^^^^^^^^^
    |   File "/root/.venv/lib/python3.11/site-packages/fastapi/routing.py", line 278, in app
    |     raw_response = await run_endpoint_function(
    |                    ^^^^^^^^^^^^^^^^^^^^^^^^^^^^
    |   File "/root/.venv/lib/python3.11/site-packages/fastapi/routing.py", line 191, in run_endpoint_function
    |     return await dependant.call(**values)
    |            ^^^^^^^^^^^^^^^^^^^^^^^^^^^^^^
    |   File "/app/backend/routes/hotels.py", line 183, in book_property
    |     {"_id": ObjectId(prop["owner_id"])},
    |             ^^^^^^^^^^^^^^^^^^^^^^^^^^
    |   File "/root/.venv/lib/python3.11/site-packages/bson/objectid.py", line 102, in __init__
    |     self.__validate(oid)
    |   File "/root/.venv/lib/python3.11/site-packages/bson/objectid.py", line 200, in __validate
    |     _raise_invalid_id(oid)
    |   File "/root/.venv/lib/python3.11/site-packages/bson/objectid.py", line 34, in _raise_invalid_id
    |     raise InvalidId(
    | bson.errors.InvalidId: 'seed' is not a valid ObjectId, it must be a 12-byte input or a 24-character hex string
    +------------------------------------

During handling of the above exception, another exception occurred:

Traceback (most recent call last):
  File "/root/.venv/lib/python3.11/site-packages/starlette/middleware/errors.py", line 164, in __call__
    await self.app(scope, receive, _send)
  File "/root/.venv/lib/python3.11/site-packages/starlette/middleware/cors.py", line 93, in __call__
    await self.simple_response(scope, receive, send, request_headers=headers)
  File "/root/.venv/lib/python3.11/site-packages/starlette/middleware/cors.py", line 148, in simple_response
    await self.app(scope, receive, send)
  File "/root/.venv/lib/python3.11/site-packages/starlette/middleware/base.py", line 189, in __call__
    with collapse_excgroups():
  File "/usr/local/lib/python3.11/contextlib.py", line 158, in __exit__
    self.gen.throw(typ, value, traceback)
  File "/root/.venv/lib/python3.11/site-packages/starlette/_utils.py", line 93, in collapse_excgroups
    raise exc
  File "/root/.venv/lib/python3.11/site-packages/starlette/middleware/base.py", line 191, in __call__
    response = await self.dispatch_func(request, call_next)
               ^^^^^^^^^^^^^^^^^^^^^^^^^^^^^^^^^^^^^^^^^^^^
  File "/app/backend/server.py", line 100, in log_requests
    response = await call_next(request)
               ^^^^^^^^^^^^^^^^^^^^^^^^
  File "/root/.venv/lib/python3.11/site-packages/starlette/middleware/base.py", line 165, in call_next
    raise app_exc
  File "/root/.venv/lib/python3.11/site-packages/starlette/middleware/base.py", line 151, in coro
    await self.app(scope, receive_or_disconnect, send_no_error)
  File "/root/.venv/lib/python3.11/site-packages/starlette/middleware/exceptions.py", line 65, in __call__
    await wrap_app_handling_exceptions(self.app, conn)(scope, receive, send)
  File "/root/.venv/lib/python3.11/site-packages/starlette/_exception_handler.py", line 64, in wrapped_app
    raise exc
  File "/root/.venv/lib/python3.11/site-packages/starlette/_exception_handler.py", line 53, in wrapped_app
    await app(scope, receive, sender)
  File "/root/.venv/lib/python3.11/site-packages/starlette/routing.py", line 756, in __call__
    await self.middleware_stack(scope, receive, send)
  File "/root/.venv/lib/python3.11/site-packages/starlette/routing.py", line 776, in app
    await route.handle(scope, receive, send)
  File "/root/.venv/lib/python3.11/site-packages/starlette/routing.py", line 297, in handle
    await self.app(scope, receive, send)
  File "/root/.venv/lib/python3.11/site-packages/starlette/routing.py", line 77, in app
    await wrap_app_handling_exceptions(app, request)(scope, receive, send)
  File "/root/.venv/lib/python3.11/site-packages/starlette/_exception_handler.py", line 64, in wrapped_app
    raise exc
  File "/root/.venv/lib/python3.11/site-packages/starlette/_exception_handler.py", line 53, in wrapped_app
    await app(scope, receive, sender)
  File "/root/.venv/lib/python3.11/site-packages/starlette/routing.py", line 72, in app
    response = await func(request)
               ^^^^^^^^^^^^^^^^^^^
  File "/root/.venv/lib/python3.11/site-packages/fastapi/routing.py", line 278, in app
    raw_response = await run_endpoint_function(
                   ^^^^^^^^^^^^^^^^^^^^^^^^^^^^
  File "/root/.venv/lib/python3.11/site-packages/fastapi/routing.py", line 191, in run_endpoint_function
    return await dependant.call(**values)
           ^^^^^^^^^^^^^^^^^^^^^^^^^^^^^^
  File "/app/backend/routes/hotels.py", line 183, in book_property
    {"_id": ObjectId(prop["owner_id"])},
            ^^^^^^^^^^^^^^^^^^^^^^^^^^
  File "/root/.venv/lib/python3.11/site-packages/bson/objectid.py", line 102, in __init__
    self.__validate(oid)
  File "/root/.venv/lib/python3.11/site-packages/bson/objectid.py", line 200, in __validate
    _raise_invalid_id(oid)
  File "/root/.venv/lib/python3.11/site-packages/bson/objectid.py", line 34, in _raise_invalid_id
    raise InvalidId(
bson.errors.InvalidId: 'seed' is not a valid ObjectId, it must be a 12-byte input or a 24-character hex string

2026-04-12 20:13:35,175 [ERROR] bidblitz: Unhandled error: GET /api/places/all | list index out of range
  + Exception Group Traceback (most recent call last):
  |   File "/root/.venv/lib/python3.11/site-packages/starlette/_utils.py", line 87, in collapse_excgroups
  |     yield
  |   File "/root/.venv/lib/python3.11/site-packages/starlette/middleware/base.py", line 190, in __call__
  |     async with anyio.create_task_group() as task_group:
  |   File "/root/.venv/lib/python3.11/site-packages/anyio/_backends/_asyncio.py", line 799, in __aexit__
  |     raise BaseExceptionGroup(
  | ExceptionGroup: unhandled errors in a TaskGroup (1 sub-exception)
  +-+---------------- 1 ----------------
    | Traceback (most recent call last):
    |   File "/root/.venv/lib/python3.11/site-packages/starlette/middleware/errors.py", line 164, in __call__
    |     await self.app(scope, receive, _send)
    |   File "/root/.venv/lib/python3.11/site-packages/starlette/middleware/cors.py", line 85, in __call__
    |     await self.app(scope, receive, send)
    |   File "/root/.venv/lib/python3.11/site-packages/starlette/middleware/base.py", line 189, in __call__
    |     with collapse_excgroups():
    |   File "/usr/local/lib/python3.11/contextlib.py", line 158, in __exit__
    |     self.gen.throw(typ, value, traceback)
    |   File "/root/.venv/lib/python3.11/site-packages/starlette/_utils.py", line 93, in collapse_excgroups
    |     raise exc
    |   File "/root/.venv/lib/python3.11/site-packages/starlette/middleware/base.py", line 191, in __call__
    |     response = await self.dispatch_func(request, call_next)
    |                ^^^^^^^^^^^^^^^^^^^^^^^^^^^^^^^^^^^^^^^^^^^^
    |   File "/app/backend/server.py", line 100, in log_requests
    |     response = await call_next(request)
    |                ^^^^^^^^^^^^^^^^^^^^^^^^
    |   File "/root/.venv/lib/python3.11/site-packages/starlette/middleware/base.py", line 165, in call_next
    |     raise app_exc
    |   File "/root/.venv/lib/python3.11/site-packages/starlette/middleware/base.py", line 151, in coro
    |     await self.app(scope, receive_or_disconnect, send_no_error)
    |   File "/root/.venv/lib/python3.11/site-packages/starlette/middleware/exceptions.py", line 65, in __call__
    |     await wrap_app_handling_exceptions(self.app, conn)(scope, receive, send)
    |   File "/root/.venv/lib/python3.11/site-packages/starlette/_exception_handler.py", line 64, in wrapped_app
    |     raise exc
    |   File "/root/.venv/lib/python3.11/site-packages/starlette/_exception_handler.py", line 53, in wrapped_app
    |     await app(scope, receive, sender)
    |   File "/root/.venv/lib/python3.11/site-packages/starlette/routing.py", line 756, in __call__
    |     await self.middleware_stack(scope, receive, send)
    |   File "/root/.venv/lib/python3.11/site-packages/starlette/routing.py", line 776, in app
    |     await route.handle(scope, receive, send)
    |   File "/root/.venv/lib/python3.11/site-packages/starlette/routing.py", line 297, in handle
    |     await self.app(scope, receive, send)
    |   File "/root/.venv/lib/python3.11/site-packages/starlette/routing.py", line 77, in app
    |     await wrap_app_handling_exceptions(app, request)(scope, receive, send)
    |   File "/root/.venv/lib/python3.11/site-packages/starlette/_exception_handler.py", line 64, in wrapped_app
    |     raise exc
    |   File "/root/.venv/lib/python3.11/site-packages/starlette/_exception_handler.py", line 53, in wrapped_app
    |     await app(scope, receive, sender)
    |   File "/root/.venv/lib/python3.11/site-packages/starlette/routing.py", line 72, in app
    |     response = await func(request)
    |                ^^^^^^^^^^^^^^^^^^^
    |   File "/root/.venv/lib/python3.11/site-packages/fastapi/routing.py", line 278, in app
    |     raw_response = await run_endpoint_function(
    |                    ^^^^^^^^^^^^^^^^^^^^^^^^^^^^
    |   File "/root/.venv/lib/python3.11/site-packages/fastapi/routing.py", line 191, in run_endpoint_function
    |     return await dependant.call(**values)
    |            ^^^^^^^^^^^^^^^^^^^^^^^^^^^^^^
    |   File "/app/backend/routes/nearby_places.py", line 65, in get_nearby
    |     "image": r.get("images", [None])[0],
    |              ~~~~~~~~~~~~~~~~~~~~~~~^^^
    | IndexError: list index out of range
    +------------------------------------

During handling of the above exception, another exception occurred:

Traceback (most recent call last):
  File "/root/.venv/lib/python3.11/site-packages/starlette/middleware/errors.py", line 164, in __call__
    await self.app(scope, receive, _send)
  File "/root/.venv/lib/python3.11/site-packages/starlette/middleware/cors.py", line 85, in __call__
    await self.app(scope, receive, send)
  File "/root/.venv/lib/python3.11/site-packages/starlette/middleware/base.py", line 189, in __call__
    with collapse_excgroups():
  File "/usr/local/lib/python3.11/contextlib.py", line 158, in __exit__
    self.gen.throw(typ, value, traceback)
  File "/root/.venv/lib/python3.11/site-packages/starlette/_utils.py", line 93, in collapse_excgroups
    raise exc
  File "/root/.venv/lib/python3.11/site-packages/starlette/middleware/base.py", line 191, in __call__
    response = await self.dispatch_func(request, call_next)
               ^^^^^^^^^^^^^^^^^^^^^^^^^^^^^^^^^^^^^^^^^^^^
  File "/app/backend/server.py", line 100, in log_requests
    response = await call_next(request)
               ^^^^^^^^^^^^^^^^^^^^^^^^
  File "/root/.venv/lib/python3.11/site-packages/starlette/middleware/base.py", line 165, in call_next
    raise app_exc
  File "/root/.venv/lib/python3.11/site-packages/starlette/middleware/base.py", line 151, in coro
    await self.app(scope, receive_or_disconnect, send_no_error)
  File "/root/.venv/lib/python3.11/site-packages/starlette/middleware/exceptions.py", line 65, in __call__
    await wrap_app_handling_exceptions(self.app, conn)(scope, receive, send)
  File "/root/.venv/lib/python3.11/site-packages/starlette/_exception_handler.py", line 64, in wrapped_app
    raise exc
  File "/root/.venv/lib/python3.11/site-packages/starlette/_exception_handler.py", line 53, in wrapped_app
    await app(scope, receive, sender)
  File "/root/.venv/lib/python3.11/site-packages/starlette/routing.py", line 756, in __call__
    await self.middleware_stack(scope, receive, send)
  File "/root/.venv/lib/python3.11/site-packages/starlette/routing.py", line 776, in app
    await route.handle(scope, receive, send)
  File "/root/.venv/lib/python3.11/site-packages/starlette/routing.py", line 297, in handle
    await self.app(scope, receive, send)
  File "/root/.venv/lib/python3.11/site-packages/starlette/routing.py", line 77, in app
    await wrap_app_handling_exceptions(app, request)(scope, receive, send)
  File "/root/.venv/lib/python3.11/site-packages/starlette/_exception_handler.py", line 64, in wrapped_app
    raise exc
  File "/root/.venv/lib/python3.11/site-packages/starlette/_exception_handler.py", line 53, in wrapped_app
    await app(scope, receive, sender)
  File "/root/.venv/lib/python3.11/site-packages/starlette/routing.py", line 72, in app
    response = await func(request)
               ^^^^^^^^^^^^^^^^^^^
  File "/root/.venv/lib/python3.11/site-packages/fastapi/routing.py", line 278, in app
    raw_response = await run_endpoint_function(
                   ^^^^^^^^^^^^^^^^^^^^^^^^^^^^
  File "/root/.venv/lib/python3.11/site-packages/fastapi/routing.py", line 191, in run_endpoint_function
    return await dependant.call(**values)
           ^^^^^^^^^^^^^^^^^^^^^^^^^^^^^^
  File "/app/backend/routes/nearby_places.py", line 65, in get_nearby
    "image": r.get("images", [None])[0],
             ~~~~~~~~~~~~~~~~~~~~~~~^^^
IndexError: list index out of range

2026-04-12 20:16:47,588 [ERROR] bidblitz: Unhandled error: GET /api/places/all | list index out of range
  + Exception Group Traceback (most recent call last):
  |   File "/root/.venv/lib/python3.11/site-packages/starlette/_utils.py", line 87, in collapse_excgroups
  |     yield
  |   File "/root/.venv/lib/python3.11/site-packages/starlette/middleware/base.py", line 190, in __call__
  |     async with anyio.create_task_group() as task_group:
  |   File "/root/.venv/lib/python3.11/site-packages/anyio/_backends/_asyncio.py", line 799, in __aexit__
  |     raise BaseExceptionGroup(
  | ExceptionGroup: unhandled errors in a TaskGroup (1 sub-exception)
  +-+---------------- 1 ----------------
    | Traceback (most recent call last):
    |   File "/root/.venv/lib/python3.11/site-packages/starlette/middleware/errors.py", line 164, in __call__
    |     await self.app(scope, receive, _send)
    |   File "/root/.venv/lib/python3.11/site-packages/starlette/middleware/cors.py", line 85, in __call__
    |     await self.app(scope, receive, send)
    |   File "/root/.venv/lib/python3.11/site-packages/starlette/middleware/base.py", line 189, in __call__
    |     with collapse_excgroups():
    |   File "/usr/local/lib/python3.11/contextlib.py", line 158, in __exit__
    |     self.gen.throw(typ, value, traceback)
    |   File "/root/.venv/lib/python3.11/site-packages/starlette/_utils.py", line 93, in collapse_excgroups
    |     raise exc
    |   File "/root/.venv/lib/python3.11/site-packages/starlette/middleware/base.py", line 191, in __call__
    |     response = await self.dispatch_func(request, call_next)
    |                ^^^^^^^^^^^^^^^^^^^^^^^^^^^^^^^^^^^^^^^^^^^^
    |   File "/app/backend/server.py", line 100, in log_requests
    |     response = await call_next(request)
    |                ^^^^^^^^^^^^^^^^^^^^^^^^
    |   File "/root/.venv/lib/python3.11/site-packages/starlette/middleware/base.py", line 165, in call_next
    |     raise app_exc
    |   File "/root/.venv/lib/python3.11/site-packages/starlette/middleware/base.py", line 151, in coro
    |     await self.app(scope, receive_or_disconnect, send_no_error)
    |   File "/root/.venv/lib/python3.11/site-packages/starlette/middleware/exceptions.py", line 65, in __call__
    |     await wrap_app_handling_exceptions(self.app, conn)(scope, receive, send)
    |   File "/root/.venv/lib/python3.11/site-packages/starlette/_exception_handler.py", line 64, in wrapped_app
    |     raise exc
    |   File "/root/.venv/lib/python3.11/site-packages/starlette/_exception_handler.py", line 53, in wrapped_app
    |     await app(scope, receive, sender)
    |   File "/root/.venv/lib/python3.11/site-packages/starlette/routing.py", line 756, in __call__
    |     await self.middleware_stack(scope, receive, send)
    |   File "/root/.venv/lib/python3.11/site-packages/starlette/routing.py", line 776, in app
    |     await route.handle(scope, receive, send)
    |   File "/root/.venv/lib/python3.11/site-packages/starlette/routing.py", line 297, in handle
    |     await self.app(scope, receive, send)
    |   File "/root/.venv/lib/python3.11/site-packages/starlette/routing.py", line 77, in app
    |     await wrap_app_handling_exceptions(app, request)(scope, receive, send)
    |   File "/root/.venv/lib/python3.11/site-packages/starlette/_exception_handler.py", line 64, in wrapped_app
    |     raise exc
    |   File "/root/.venv/lib/python3.11/site-packages/starlette/_exception_handler.py", line 53, in wrapped_app
    |     await app(scope, receive, sender)
    |   File "/root/.venv/lib/python3.11/site-packages/starlette/routing.py", line 72, in app
    |     response = await func(request)
    |                ^^^^^^^^^^^^^^^^^^^
    |   File "/root/.venv/lib/python3.11/site-packages/fastapi/routing.py", line 278, in app
    |     raw_response = await run_endpoint_function(
    |                    ^^^^^^^^^^^^^^^^^^^^^^^^^^^^
    |   File "/root/.venv/lib/python3.11/site-packages/fastapi/routing.py", line 191, in run_endpoint_function
    |     return await dependant.call(**values)
    |            ^^^^^^^^^^^^^^^^^^^^^^^^^^^^^^
    |   File "/app/backend/routes/nearby_places.py", line 65, in get_nearby
    |     "image": r.get("images", [None])[0],
    |              ~~~~~~~~~~~~~~~~~~~~~~~^^^
    | IndexError: list index out of range
    +------------------------------------

During handling of the above exception, another exception occurred:

Traceback (most recent call last):
  File "/root/.venv/lib/python3.11/site-packages/starlette/middleware/errors.py", line 164, in __call__
    await self.app(scope, receive, _send)
  File "/root/.venv/lib/python3.11/site-packages/starlette/middleware/cors.py", line 85, in __call__
    await self.app(scope, receive, send)
  File "/root/.venv/lib/python3.11/site-packages/starlette/middleware/base.py", line 189, in __call__
    with collapse_excgroups():
  File "/usr/local/lib/python3.11/contextlib.py", line 158, in __exit__
    self.gen.throw(typ, value, traceback)
  File "/root/.venv/lib/python3.11/site-packages/starlette/_utils.py", line 93, in collapse_excgroups
    raise exc
  File "/root/.venv/lib/python3.11/site-packages/starlette/middleware/base.py", line 191, in __call__
    response = await self.dispatch_func(request, call_next)
               ^^^^^^^^^^^^^^^^^^^^^^^^^^^^^^^^^^^^^^^^^^^^
  File "/app/backend/server.py", line 100, in log_requests
    response = await call_next(request)
               ^^^^^^^^^^^^^^^^^^^^^^^^
  File "/root/.venv/lib/python3.11/site-packages/starlette/middleware/base.py", line 165, in call_next
    raise app_exc
  File "/root/.venv/lib/python3.11/site-packages/starlette/middleware/base.py", line 151, in coro
    await self.app(scope, receive_or_disconnect, send_no_error)
  File "/root/.venv/lib/python3.11/site-packages/starlette/middleware/exceptions.py", line 65, in __call__
    await wrap_app_handling_exceptions(self.app, conn)(scope, receive, send)
  File "/root/.venv/lib/python3.11/site-packages/starlette/_exception_handler.py", line 64, in wrapped_app
    raise exc
  File "/root/.venv/lib/python3.11/site-packages/starlette/_exception_handler.py", line 53, in wrapped_app
    await app(scope, receive, sender)
  File "/root/.venv/lib/python3.11/site-packages/starlette/routing.py", line 756, in __call__
    await self.middleware_stack(scope, receive, send)
  File "/root/.venv/lib/python3.11/site-packages/starlette/routing.py", line 776, in app
    await route.handle(scope, receive, send)
  File "/root/.venv/lib/python3.11/site-packages/starlette/routing.py", line 297, in handle
    await self.app(scope, receive, send)
  File "/root/.venv/lib/python3.11/site-packages/starlette/routing.py", line 77, in app
    await wrap_app_handling_exceptions(app, request)(scope, receive, send)
  File "/root/.venv/lib/python3.11/site-packages/starlette/_exception_handler.py", line 64, in wrapped_app
    raise exc
  File "/root/.venv/lib/python3.11/site-packages/starlette/_exception_handler.py", line 53, in wrapped_app
    await app(scope, receive, sender)
  File "/root/.venv/lib/python3.11/site-packages/starlette/routing.py", line 72, in app
    response = await func(request)
               ^^^^^^^^^^^^^^^^^^^
  File "/root/.venv/lib/python3.11/site-packages/fastapi/routing.py", line 278, in app
    raw_response = await run_endpoint_function(
                   ^^^^^^^^^^^^^^^^^^^^^^^^^^^^
  File "/root/.venv/lib/python3.11/site-packages/fastapi/routing.py", line 191, in run_endpoint_function
    return await dependant.call(**values)
           ^^^^^^^^^^^^^^^^^^^^^^^^^^^^^^
  File "/app/backend/routes/nearby_places.py", line 65, in get_nearby
    "image": r.get("images", [None])[0],
             ~~~~~~~~~~~~~~~~~~~~~~~^^^
IndexError: list index out of range

2026-04-12 21:25:21,538 [ERROR] bidblitz: Unhandled error: POST /api/events/buy | 'seed' is not a valid ObjectId, it must be a 12-byte input or a 24-character hex string
  + Exception Group Traceback (most recent call last):
  |   File "/root/.venv/lib/python3.11/site-packages/starlette/_utils.py", line 87, in collapse_excgroups
  |     yield
  |   File "/root/.venv/lib/python3.11/site-packages/starlette/middleware/base.py", line 190, in __call__
  |     async with anyio.create_task_group() as task_group:
  |   File "/root/.venv/lib/python3.11/site-packages/anyio/_backends/_asyncio.py", line 799, in __aexit__
  |     raise BaseExceptionGroup(
  | ExceptionGroup: unhandled errors in a TaskGroup (1 sub-exception)
  +-+---------------- 1 ----------------
    | Traceback (most recent call last):
    |   File "/root/.venv/lib/python3.11/site-packages/starlette/middleware/errors.py", line 164, in __call__
    |     await self.app(scope, receive, _send)
    |   File "/root/.venv/lib/python3.11/site-packages/starlette/middleware/cors.py", line 93, in __call__
    |     await self.simple_response(scope, receive, send, request_headers=headers)
    |   File "/root/.venv/lib/python3.11/site-packages/starlette/middleware/cors.py", line 148, in simple_response
    |     await self.app(scope, receive, send)
    |   File "/root/.venv/lib/python3.11/site-packages/starlette/middleware/base.py", line 189, in __call__
    |     with collapse_excgroups():
    |   File "/usr/local/lib/python3.11/contextlib.py", line 158, in __exit__
    |     self.gen.throw(typ, value, traceback)
    |   File "/root/.venv/lib/python3.11/site-packages/starlette/_utils.py", line 93, in collapse_excgroups
    |     raise exc
    |   File "/root/.venv/lib/python3.11/site-packages/starlette/middleware/base.py", line 191, in __call__
    |     response = await self.dispatch_func(request, call_next)
    |                ^^^^^^^^^^^^^^^^^^^^^^^^^^^^^^^^^^^^^^^^^^^^
    |   File "/app/backend/server.py", line 100, in log_requests
    |     response = await call_next(request)
    |                ^^^^^^^^^^^^^^^^^^^^^^^^
    |   File "/root/.venv/lib/python3.11/site-packages/starlette/middleware/base.py", line 165, in call_next
    |     raise app_exc
    |   File "/root/.venv/lib/python3.11/site-packages/starlette/middleware/base.py", line 151, in coro
    |     await self.app(scope, receive_or_disconnect, send_no_error)
    |   File "/root/.venv/lib/python3.11/site-packages/starlette/middleware/exceptions.py", line 65, in __call__
    |     await wrap_app_handling_exceptions(self.app, conn)(scope, receive, send)
    |   File "/root/.venv/lib/python3.11/site-packages/starlette/_exception_handler.py", line 64, in wrapped_app
    |     raise exc
    |   File "/root/.venv/lib/python3.11/site-packages/starlette/_exception_handler.py", line 53, in wrapped_app
    |     await app(scope, receive, sender)
    |   File "/root/.venv/lib/python3.11/site-packages/starlette/routing.py", line 756, in __call__
    |     await self.middleware_stack(scope, receive, send)
    |   File "/root/.venv/lib/python3.11/site-packages/starlette/routing.py", line 776, in app
    |     await route.handle(scope, receive, send)
    |   File "/root/.venv/lib/python3.11/site-packages/starlette/routing.py", line 297, in handle
    |     await self.app(scope, receive, send)
    |   File "/root/.venv/lib/python3.11/site-packages/starlette/routing.py", line 77, in app
    |     await wrap_app_handling_exceptions(app, request)(scope, receive, send)
    |   File "/root/.venv/lib/python3.11/site-packages/starlette/_exception_handler.py", line 64, in wrapped_app
    |     raise exc
    |   File "/root/.venv/lib/python3.11/site-packages/starlette/_exception_handler.py", line 53, in wrapped_app
    |     await app(scope, receive, sender)
    |   File "/root/.venv/lib/python3.11/site-packages/starlette/routing.py", line 72, in app
    |     response = await func(request)
    |                ^^^^^^^^^^^^^^^^^^^
    |   File "/root/.venv/lib/python3.11/site-packages/fastapi/routing.py", line 278, in app
    |     raw_response = await run_endpoint_function(
    |                    ^^^^^^^^^^^^^^^^^^^^^^^^^^^^
    |   File "/root/.venv/lib/python3.11/site-packages/fastapi/routing.py", line 191, in run_endpoint_function
    |     return await dependant.call(**values)
    |            ^^^^^^^^^^^^^^^^^^^^^^^^^^^^^^
    |   File "/app/backend/routes/events.py", line 151, in buy_ticket
    |     {"_id": ObjectId(event["organizer_id"])},
    |             ^^^^^^^^^^^^^^^^^^^^^^^^^^^^^^^
    |   File "/root/.venv/lib/python3.11/site-packages/bson/objectid.py", line 102, in __init__
    |     self.__validate(oid)
    |   File "/root/.venv/lib/python3.11/site-packages/bson/objectid.py", line 200, in __validate
    |     _raise_invalid_id(oid)
    |   File "/root/.venv/lib/python3.11/site-packages/bson/objectid.py", line 34, in _raise_invalid_id
    |     raise InvalidId(
    | bson.errors.InvalidId: 'seed' is not a valid ObjectId, it must be a 12-byte input or a 24-character hex string
    +------------------------------------

During handling of the above exception, another exception occurred:

Traceback (most recent call last):
  File "/root/.venv/lib/python3.11/site-packages/starlette/middleware/errors.py", line 164, in __call__
    await self.app(scope, receive, _send)
  File "/root/.venv/lib/python3.11/site-packages/starlette/middleware/cors.py", line 93, in __call__
    await self.simple_response(scope, receive, send, request_headers=headers)
  File "/root/.venv/lib/python3.11/site-packages/starlette/middleware/cors.py", line 148, in simple_response
    await self.app(scope, receive, send)
  File "/root/.venv/lib/python3.11/site-packages/starlette/middleware/base.py", line 189, in __call__
    with collapse_excgroups():
  File "/usr/local/lib/python3.11/contextlib.py", line 158, in __exit__
    self.gen.throw(typ, value, traceback)
  File "/root/.venv/lib/python3.11/site-packages/starlette/_utils.py", line 93, in collapse_excgroups
    raise exc
  File "/root/.venv/lib/python3.11/site-packages/starlette/middleware/base.py", line 191, in __call__
    response = await self.dispatch_func(request, call_next)
               ^^^^^^^^^^^^^^^^^^^^^^^^^^^^^^^^^^^^^^^^^^^^
  File "/app/backend/server.py", line 100, in log_requests
    response = await call_next(request)
               ^^^^^^^^^^^^^^^^^^^^^^^^
  File "/root/.venv/lib/python3.11/site-packages/starlette/middleware/base.py", line 165, in call_next
    raise app_exc
  File "/root/.venv/lib/python3.11/site-packages/starlette/middleware/base.py", line 151, in coro
    await self.app(scope, receive_or_disconnect, send_no_error)
  File "/root/.venv/lib/python3.11/site-packages/starlette/middleware/exceptions.py", line 65, in __call__
    await wrap_app_handling_exceptions(self.app, conn)(scope, receive, send)
  File "/root/.venv/lib/python3.11/site-packages/starlette/_exception_handler.py", line 64, in wrapped_app
    raise exc
  File "/root/.venv/lib/python3.11/site-packages/starlette/_exception_handler.py", line 53, in wrapped_app
    await app(scope, receive, sender)
  File "/root/.venv/lib/python3.11/site-packages/starlette/routing.py", line 756, in __call__
    await self.middleware_stack(scope, receive, send)
  File "/root/.venv/lib/python3.11/site-packages/starlette/routing.py", line 776, in app
    await route.handle(scope, receive, send)
  File "/root/.venv/lib/python3.11/site-packages/starlette/routing.py", line 297, in handle
    await self.app(scope, receive, send)
  File "/root/.venv/lib/python3.11/site-packages/starlette/routing.py", line 77, in app
    await wrap_app_handling_exceptions(app, request)(scope, receive, send)
  File "/root/.venv/lib/python3.11/site-packages/starlette/_exception_handler.py", line 64, in wrapped_app
    raise exc
  File "/root/.venv/lib/python3.11/site-packages/starlette/_exception_handler.py", line 53, in wrapped_app
    await app(scope, receive, sender)
  File "/root/.venv/lib/python3.11/site-packages/starlette/routing.py", line 72, in app
    response = await func(request)
               ^^^^^^^^^^^^^^^^^^^
  File "/root/.venv/lib/python3.11/site-packages/fastapi/routing.py", line 278, in app
    raw_response = await run_endpoint_function(
                   ^^^^^^^^^^^^^^^^^^^^^^^^^^^^
  File "/root/.venv/lib/python3.11/site-packages/fastapi/routing.py", line 191, in run_endpoint_function
    return await dependant.call(**values)
           ^^^^^^^^^^^^^^^^^^^^^^^^^^^^^^
  File "/app/backend/routes/events.py", line 151, in buy_ticket
    {"_id": ObjectId(event["organizer_id"])},
            ^^^^^^^^^^^^^^^^^^^^^^^^^^^^^^^
  File "/root/.venv/lib/python3.11/site-packages/bson/objectid.py", line 102, in __init__
    self.__validate(oid)
  File "/root/.venv/lib/python3.11/site-packages/bson/objectid.py", line 200, in __validate
    _raise_invalid_id(oid)
  File "/root/.venv/lib/python3.11/site-packages/bson/objectid.py", line 34, in _raise_invalid_id
    raise InvalidId(
bson.errors.InvalidId: 'seed' is not a valid ObjectId, it must be a 12-byte input or a 24-character hex string

2026-04-15 07:21:22,843 [ERROR] bidblitz: Unhandled error: POST /api/auth/login | 'password_hash'
  + Exception Group Traceback (most recent call last):
  |   File "/root/.venv/lib/python3.11/site-packages/starlette/_utils.py", line 87, in collapse_excgroups
  |     yield
  |   File "/root/.venv/lib/python3.11/site-packages/starlette/middleware/base.py", line 190, in __call__
  |     async with anyio.create_task_group() as task_group:
  |   File "/root/.venv/lib/python3.11/site-packages/anyio/_backends/_asyncio.py", line 799, in __aexit__
  |     raise BaseExceptionGroup(
  | ExceptionGroup: unhandled errors in a TaskGroup (1 sub-exception)
  +-+---------------- 1 ----------------
    | Traceback (most recent call last):
    |   File "/root/.venv/lib/python3.11/site-packages/starlette/middleware/errors.py", line 164, in __call__
    |     await self.app(scope, receive, _send)
    |   File "/root/.venv/lib/python3.11/site-packages/starlette/middleware/cors.py", line 85, in __call__
    |     await self.app(scope, receive, send)
    |   File "/root/.venv/lib/python3.11/site-packages/starlette/middleware/base.py", line 189, in __call__
    |     with collapse_excgroups():
    |   File "/usr/local/lib/python3.11/contextlib.py", line 158, in __exit__
    |     self.gen.throw(typ, value, traceback)
    |   File "/root/.venv/lib/python3.11/site-packages/starlette/_utils.py", line 93, in collapse_excgroups
    |     raise exc
    |   File "/root/.venv/lib/python3.11/site-packages/starlette/middleware/base.py", line 191, in __call__
    |     response = await self.dispatch_func(request, call_next)
    |                ^^^^^^^^^^^^^^^^^^^^^^^^^^^^^^^^^^^^^^^^^^^^
    |   File "/app/backend/server.py", line 100, in log_requests
    |     response = await call_next(request)
    |                ^^^^^^^^^^^^^^^^^^^^^^^^
    |   File "/root/.venv/lib/python3.11/site-packages/starlette/middleware/base.py", line 165, in call_next
    |     raise app_exc
    |   File "/root/.venv/lib/python3.11/site-packages/starlette/middleware/base.py", line 151, in coro
    |     await self.app(scope, receive_or_disconnect, send_no_error)
    |   File "/root/.venv/lib/python3.11/site-packages/starlette/middleware/exceptions.py", line 65, in __call__
    |     await wrap_app_handling_exceptions(self.app, conn)(scope, receive, send)
    |   File "/root/.venv/lib/python3.11/site-packages/starlette/_exception_handler.py", line 64, in wrapped_app
    |     raise exc
    |   File "/root/.venv/lib/python3.11/site-packages/starlette/_exception_handler.py", line 53, in wrapped_app
    |     await app(scope, receive, sender)
    |   File "/root/.venv/lib/python3.11/site-packages/starlette/routing.py", line 756, in __call__
    |     await self.middleware_stack(scope, receive, send)
    |   File "/root/.venv/lib/python3.11/site-packages/starlette/routing.py", line 776, in app
    |     await route.handle(scope, receive, send)
    |   File "/root/.venv/lib/python3.11/site-packages/starlette/routing.py", line 297, in handle
    |     await self.app(scope, receive, send)
    |   File "/root/.venv/lib/python3.11/site-packages/starlette/routing.py", line 77, in app
    |     await wrap_app_handling_exceptions(app, request)(scope, receive, send)
    |   File "/root/.venv/lib/python3.11/site-packages/starlette/_exception_handler.py", line 64, in wrapped_app
    |     raise exc
    |   File "/root/.venv/lib/python3.11/site-packages/starlette/_exception_handler.py", line 53, in wrapped_app
    |     await app(scope, receive, sender)
    |   File "/root/.venv/lib/python3.11/site-packages/starlette/routing.py", line 72, in app
    |     response = await func(request)
    |                ^^^^^^^^^^^^^^^^^^^
    |   File "/root/.venv/lib/python3.11/site-packages/fastapi/routing.py", line 278, in app
    |     raw_response = await run_endpoint_function(
    |                    ^^^^^^^^^^^^^^^^^^^^^^^^^^^^
    |   File "/root/.venv/lib/python3.11/site-packages/fastapi/routing.py", line 191, in run_endpoint_function
    |     return await dependant.call(**values)
    |            ^^^^^^^^^^^^^^^^^^^^^^^^^^^^^^
    |   File "/root/.venv/lib/python3.11/site-packages/slowapi/extension.py", line 734, in async_wrapper
    |     response = await func(*args, **kwargs)  # type: ignore
    |                ^^^^^^^^^^^^^^^^^^^^^^^^^^^
    |   File "/app/backend/routes/auth.py", line 164, in login
    |     if not user or not verify_password(req.password, user["password_hash"]):
    |                                                      ~~~~^^^^^^^^^^^^^^^^^
    | KeyError: 'password_hash'
    +------------------------------------

During handling of the above exception, another exception occurred:

Traceback (most recent call last):
  File "/root/.venv/lib/python3.11/site-packages/starlette/middleware/errors.py", line 164, in __call__
    await self.app(scope, receive, _send)
  File "/root/.venv/lib/python3.11/site-packages/starlette/middleware/cors.py", line 85, in __call__
    await self.app(scope, receive, send)
  File "/root/.venv/lib/python3.11/site-packages/starlette/middleware/base.py", line 189, in __call__
    with collapse_excgroups():
  File "/usr/local/lib/python3.11/contextlib.py", line 158, in __exit__
    self.gen.throw(typ, value, traceback)
  File "/root/.venv/lib/python3.11/site-packages/starlette/_utils.py", line 93, in collapse_excgroups
    raise exc
  File "/root/.venv/lib/python3.11/site-packages/starlette/middleware/base.py", line 191, in __call__
    response = await self.dispatch_func(request, call_next)
               ^^^^^^^^^^^^^^^^^^^^^^^^^^^^^^^^^^^^^^^^^^^^
  File "/app/backend/server.py", line 100, in log_requests
    response = await call_next(request)
               ^^^^^^^^^^^^^^^^^^^^^^^^
  File "/root/.venv/lib/python3.11/site-packages/starlette/middleware/base.py", line 165, in call_next
    raise app_exc
  File "/root/.venv/lib/python3.11/site-packages/starlette/middleware/base.py", line 151, in coro
    await self.app(scope, receive_or_disconnect, send_no_error)
  File "/root/.venv/lib/python3.11/site-packages/starlette/middleware/exceptions.py", line 65, in __call__
    await wrap_app_handling_exceptions(self.app, conn)(scope, receive, send)
  File "/root/.venv/lib/python3.11/site-packages/starlette/_exception_handler.py", line 64, in wrapped_app
    raise exc
  File "/root/.venv/lib/python3.11/site-packages/starlette/_exception_handler.py", line 53, in wrapped_app
    await app(scope, receive, sender)
  File "/root/.venv/lib/python3.11/site-packages/starlette/routing.py", line 756, in __call__
    await self.middleware_stack(scope, receive, send)
  File "/root/.venv/lib/python3.11/site-packages/starlette/routing.py", line 776, in app
    await route.handle(scope, receive, send)
  File "/root/.venv/lib/python3.11/site-packages/starlette/routing.py", line 297, in handle
    await self.app(scope, receive, send)
  File "/root/.venv/lib/python3.11/site-packages/starlette/routing.py", line 77, in app
    await wrap_app_handling_exceptions(app, request)(scope, receive, send)
  File "/root/.venv/lib/python3.11/site-packages/starlette/_exception_handler.py", line 64, in wrapped_app
    raise exc
  File "/root/.venv/lib/python3.11/site-packages/starlette/_exception_handler.py", line 53, in wrapped_app
    await app(scope, receive, sender)
  File "/root/.venv/lib/python3.11/site-packages/starlette/routing.py", line 72, in app
    response = await func(request)
               ^^^^^^^^^^^^^^^^^^^
  File "/root/.venv/lib/python3.11/site-packages/fastapi/routing.py", line 278, in app
    raw_response = await run_endpoint_function(
                   ^^^^^^^^^^^^^^^^^^^^^^^^^^^^
  File "/root/.venv/lib/python3.11/site-packages/fastapi/routing.py", line 191, in run_endpoint_function
    return await dependant.call(**values)
           ^^^^^^^^^^^^^^^^^^^^^^^^^^^^^^
  File "/root/.venv/lib/python3.11/site-packages/slowapi/extension.py", line 734, in async_wrapper
    response = await func(*args, **kwargs)  # type: ignore
               ^^^^^^^^^^^^^^^^^^^^^^^^^^^
  File "/app/backend/routes/auth.py", line 164, in login
    if not user or not verify_password(req.password, user["password_hash"]):
                                                     ~~~~^^^^^^^^^^^^^^^^^
KeyError: 'password_hash'

2026-04-15 07:21:30,197 [ERROR] bidblitz: Unhandled error: POST /api/auth/login | 'password_hash'
  + Exception Group Traceback (most recent call last):
  |   File "/root/.venv/lib/python3.11/site-packages/starlette/_utils.py", line 87, in collapse_excgroups
  |     yield
  |   File "/root/.venv/lib/python3.11/site-packages/starlette/middleware/base.py", line 190, in __call__
  |     async with anyio.create_task_group() as task_group:
  |   File "/root/.venv/lib/python3.11/site-packages/anyio/_backends/_asyncio.py", line 799, in __aexit__
  |     raise BaseExceptionGroup(
  | ExceptionGroup: unhandled errors in a TaskGroup (1 sub-exception)
  +-+---------------- 1 ----------------
    | Traceback (most recent call last):
    |   File "/root/.venv/lib/python3.11/site-packages/starlette/middleware/errors.py", line 164, in __call__
    |     await self.app(scope, receive, _send)
    |   File "/root/.venv/lib/python3.11/site-packages/starlette/middleware/cors.py", line 85, in __call__
    |     await self.app(scope, receive, send)
    |   File "/root/.venv/lib/python3.11/site-packages/starlette/middleware/base.py", line 189, in __call__
    |     with collapse_excgroups():
    |   File "/usr/local/lib/python3.11/contextlib.py", line 158, in __exit__
    |     self.gen.throw(typ, value, traceback)
    |   File "/root/.venv/lib/python3.11/site-packages/starlette/_utils.py", line 93, in collapse_excgroups
    |     raise exc
    |   File "/root/.venv/lib/python3.11/site-packages/starlette/middleware/base.py", line 191, in __call__
    |     response = await self.dispatch_func(request, call_next)
    |                ^^^^^^^^^^^^^^^^^^^^^^^^^^^^^^^^^^^^^^^^^^^^
    |   File "/app/backend/server.py", line 100, in log_requests
    |     response = await call_next(request)
    |                ^^^^^^^^^^^^^^^^^^^^^^^^
    |   File "/root/.venv/lib/python3.11/site-packages/starlette/middleware/base.py", line 165, in call_next
    |     raise app_exc
    |   File "/root/.venv/lib/python3.11/site-packages/starlette/middleware/base.py", line 151, in coro
    |     await self.app(scope, receive_or_disconnect, send_no_error)
    |   File "/root/.venv/lib/python3.11/site-packages/starlette/middleware/exceptions.py", line 65, in __call__
    |     await wrap_app_handling_exceptions(self.app, conn)(scope, receive, send)
    |   File "/root/.venv/lib/python3.11/site-packages/starlette/_exception_handler.py", line 64, in wrapped_app
    |     raise exc
    |   File "/root/.venv/lib/python3.11/site-packages/starlette/_exception_handler.py", line 53, in wrapped_app
    |     await app(scope, receive, sender)
    |   File "/root/.venv/lib/python3.11/site-packages/starlette/routing.py", line 756, in __call__
    |     await self.middleware_stack(scope, receive, send)
    |   File "/root/.venv/lib/python3.11/site-packages/starlette/routing.py", line 776, in app
    |     await route.handle(scope, receive, send)
    |   File "/root/.venv/lib/python3.11/site-packages/starlette/routing.py", line 297, in handle
    |     await self.app(scope, receive, send)
    |   File "/root/.venv/lib/python3.11/site-packages/starlette/routing.py", line 77, in app
    |     await wrap_app_handling_exceptions(app, request)(scope, receive, send)
    |   File "/root/.venv/lib/python3.11/site-packages/starlette/_exception_handler.py", line 64, in wrapped_app
    |     raise exc
    |   File "/root/.venv/lib/python3.11/site-packages/starlette/_exception_handler.py", line 53, in wrapped_app
    |     await app(scope, receive, sender)
    |   File "/root/.venv/lib/python3.11/site-packages/starlette/routing.py", line 72, in app
    |     response = await func(request)
    |                ^^^^^^^^^^^^^^^^^^^
    |   File "/root/.venv/lib/python3.11/site-packages/fastapi/routing.py", line 278, in app
    |     raw_response = await run_endpoint_function(
    |                    ^^^^^^^^^^^^^^^^^^^^^^^^^^^^
    |   File "/root/.venv/lib/python3.11/site-packages/fastapi/routing.py", line 191, in run_endpoint_function
    |     return await dependant.call(**values)
    |            ^^^^^^^^^^^^^^^^^^^^^^^^^^^^^^
    |   File "/root/.venv/lib/python3.11/site-packages/slowapi/extension.py", line 734, in async_wrapper
    |     response = await func(*args, **kwargs)  # type: ignore
    |                ^^^^^^^^^^^^^^^^^^^^^^^^^^^
    |   File "/app/backend/routes/auth.py", line 164, in login
    |     if not user or not verify_password(req.password, user["password_hash"]):
    |                                                      ~~~~^^^^^^^^^^^^^^^^^
    | KeyError: 'password_hash'
    +------------------------------------

During handling of the above exception, another exception occurred:

Traceback (most recent call last):
  File "/root/.venv/lib/python3.11/site-packages/starlette/middleware/errors.py", line 164, in __call__
    await self.app(scope, receive, _send)
  File "/root/.venv/lib/python3.11/site-packages/starlette/middleware/cors.py", line 85, in __call__
    await self.app(scope, receive, send)
  File "/root/.venv/lib/python3.11/site-packages/starlette/middleware/base.py", line 189, in __call__
    with collapse_excgroups():
  File "/usr/local/lib/python3.11/contextlib.py", line 158, in __exit__
    self.gen.throw(typ, value, traceback)
  File "/root/.venv/lib/python3.11/site-packages/starlette/_utils.py", line 93, in collapse_excgroups
    raise exc
  File "/root/.venv/lib/python3.11/site-packages/starlette/middleware/base.py", line 191, in __call__
    response = await self.dispatch_func(request, call_next)
               ^^^^^^^^^^^^^^^^^^^^^^^^^^^^^^^^^^^^^^^^^^^^
  File "/app/backend/server.py", line 100, in log_requests
    response = await call_next(request)
               ^^^^^^^^^^^^^^^^^^^^^^^^
  File "/root/.venv/lib/python3.11/site-packages/starlette/middleware/base.py", line 165, in call_next
    raise app_exc
  File "/root/.venv/lib/python3.11/site-packages/starlette/middleware/base.py", line 151, in coro
    await self.app(scope, receive_or_disconnect, send_no_error)
  File "/root/.venv/lib/python3.11/site-packages/starlette/middleware/exceptions.py", line 65, in __call__
    await wrap_app_handling_exceptions(self.app, conn)(scope, receive, send)
  File "/root/.venv/lib/python3.11/site-packages/starlette/_exception_handler.py", line 64, in wrapped_app
    raise exc
  File "/root/.venv/lib/python3.11/site-packages/starlette/_exception_handler.py", line 53, in wrapped_app
    await app(scope, receive, sender)
  File "/root/.venv/lib/python3.11/site-packages/starlette/routing.py", line 756, in __call__
    await self.middleware_stack(scope, receive, send)
  File "/root/.venv/lib/python3.11/site-packages/starlette/routing.py", line 776, in app
    await route.handle(scope, receive, send)
  File "/root/.venv/lib/python3.11/site-packages/starlette/routing.py", line 297, in handle
    await self.app(scope, receive, send)
  File "/root/.venv/lib/python3.11/site-packages/starlette/routing.py", line 77, in app
    await wrap_app_handling_exceptions(app, request)(scope, receive, send)
  File "/root/.venv/lib/python3.11/site-packages/starlette/_exception_handler.py", line 64, in wrapped_app
    raise exc
  File "/root/.venv/lib/python3.11/site-packages/starlette/_exception_handler.py", line 53, in wrapped_app
    await app(scope, receive, sender)
  File "/root/.venv/lib/python3.11/site-packages/starlette/routing.py", line 72, in app
    response = await func(request)
               ^^^^^^^^^^^^^^^^^^^
  File "/root/.venv/lib/python3.11/site-packages/fastapi/routing.py", line 278, in app
    raw_response = await run_endpoint_function(
                   ^^^^^^^^^^^^^^^^^^^^^^^^^^^^
  File "/root/.venv/lib/python3.11/site-packages/fastapi/routing.py", line 191, in run_endpoint_function
    return await dependant.call(**values)
           ^^^^^^^^^^^^^^^^^^^^^^^^^^^^^^
  File "/root/.venv/lib/python3.11/site-packages/slowapi/extension.py", line 734, in async_wrapper
    response = await func(*args, **kwargs)  # type: ignore
               ^^^^^^^^^^^^^^^^^^^^^^^^^^^
  File "/app/backend/routes/auth.py", line 164, in login
    if not user or not verify_password(req.password, user["password_hash"]):
                                                     ~~~~^^^^^^^^^^^^^^^^^
KeyError: 'password_hash'

2026-04-15 07:55:44,343 [ERROR] bidblitz: Unhandled error: GET /api/stocks/market | Out of range float values are not JSON compliant
  + Exception Group Traceback (most recent call last):
  |   File "/root/.venv/lib/python3.11/site-packages/starlette/_utils.py", line 87, in collapse_excgroups
  |     yield
  |   File "/root/.venv/lib/python3.11/site-packages/starlette/middleware/base.py", line 190, in __call__
  |     async with anyio.create_task_group() as task_group:
  |   File "/root/.venv/lib/python3.11/site-packages/anyio/_backends/_asyncio.py", line 799, in __aexit__
  |     raise BaseExceptionGroup(
  | ExceptionGroup: unhandled errors in a TaskGroup (1 sub-exception)
  +-+---------------- 1 ----------------
    | Traceback (most recent call last):
    |   File "/root/.venv/lib/python3.11/site-packages/starlette/middleware/errors.py", line 164, in __call__
    |     await self.app(scope, receive, _send)
    |   File "/root/.venv/lib/python3.11/site-packages/starlette/middleware/cors.py", line 85, in __call__
    |     await self.app(scope, receive, send)
    |   File "/root/.venv/lib/python3.11/site-packages/starlette/middleware/base.py", line 189, in __call__
    |     with collapse_excgroups():
    |   File "/usr/local/lib/python3.11/contextlib.py", line 158, in __exit__
    |     self.gen.throw(typ, value, traceback)
    |   File "/root/.venv/lib/python3.11/site-packages/starlette/_utils.py", line 93, in collapse_excgroups
    |     raise exc
    |   File "/root/.venv/lib/python3.11/site-packages/starlette/middleware/base.py", line 191, in __call__
    |     response = await self.dispatch_func(request, call_next)
    |                ^^^^^^^^^^^^^^^^^^^^^^^^^^^^^^^^^^^^^^^^^^^^
    |   File "/app/backend/server.py", line 100, in log_requests
    |     response = await call_next(request)
    |                ^^^^^^^^^^^^^^^^^^^^^^^^
    |   File "/root/.venv/lib/python3.11/site-packages/starlette/middleware/base.py", line 165, in call_next
    |     raise app_exc
    |   File "/root/.venv/lib/python3.11/site-packages/starlette/middleware/base.py", line 151, in coro
    |     await self.app(scope, receive_or_disconnect, send_no_error)
    |   File "/root/.venv/lib/python3.11/site-packages/starlette/middleware/exceptions.py", line 65, in __call__
    |     await wrap_app_handling_exceptions(self.app, conn)(scope, receive, send)
    |   File "/root/.venv/lib/python3.11/site-packages/starlette/_exception_handler.py", line 64, in wrapped_app
    |     raise exc
    |   File "/root/.venv/lib/python3.11/site-packages/starlette/_exception_handler.py", line 53, in wrapped_app
    |     await app(scope, receive, sender)
    |   File "/root/.venv/lib/python3.11/site-packages/starlette/routing.py", line 756, in __call__
    |     await self.middleware_stack(scope, receive, send)
    |   File "/root/.venv/lib/python3.11/site-packages/starlette/routing.py", line 776, in app
    |     await route.handle(scope, receive, send)
    |   File "/root/.venv/lib/python3.11/site-packages/starlette/routing.py", line 297, in handle
    |     await self.app(scope, receive, send)
    |   File "/root/.venv/lib/python3.11/site-packages/starlette/routing.py", line 77, in app
    |     await wrap_app_handling_exceptions(app, request)(scope, receive, send)
    |   File "/root/.venv/lib/python3.11/site-packages/starlette/_exception_handler.py", line 64, in wrapped_app
    |     raise exc
    |   File "/root/.venv/lib/python3.11/site-packages/starlette/_exception_handler.py", line 53, in wrapped_app
    |     await app(scope, receive, sender)
    |   File "/root/.venv/lib/python3.11/site-packages/starlette/routing.py", line 72, in app
    |     response = await func(request)
    |                ^^^^^^^^^^^^^^^^^^^
    |   File "/root/.venv/lib/python3.11/site-packages/fastapi/routing.py", line 307, in app
    |     response = actual_response_class(content, **response_args)
    |                ^^^^^^^^^^^^^^^^^^^^^^^^^^^^^^^^^^^^^^^^^^^^^^^
    |   File "/root/.venv/lib/python3.11/site-packages/starlette/responses.py", line 184, in __init__
    |     super().__init__(content, status_code, headers, media_type, background)
    |   File "/root/.venv/lib/python3.11/site-packages/starlette/responses.py", line 41, in __init__
    |     self.body = self.render(content)
    |                 ^^^^^^^^^^^^^^^^^^^^
    |   File "/root/.venv/lib/python3.11/site-packages/starlette/responses.py", line 187, in render
    |     return json.dumps(
    |            ^^^^^^^^^^^
    |   File "/usr/local/lib/python3.11/json/__init__.py", line 238, in dumps
    |     **kw).encode(obj)
    |           ^^^^^^^^^^^
    |   File "/usr/local/lib/python3.11/json/encoder.py", line 200, in encode
    |     chunks = self.iterencode(o, _one_shot=True)
    |              ^^^^^^^^^^^^^^^^^^^^^^^^^^^^^^^^^^
    |   File "/usr/local/lib/python3.11/json/encoder.py", line 258, in iterencode
    |     return _iterencode(o, 0)
    |            ^^^^^^^^^^^^^^^^^
    | ValueError: Out of range float values are not JSON compliant
    +------------------------------------

During handling of the above exception, another exception occurred:

Traceback (most recent call last):
  File "/root/.venv/lib/python3.11/site-packages/starlette/middleware/errors.py", line 164, in __call__
    await self.app(scope, receive, _send)
  File "/root/.venv/lib/python3.11/site-packages/starlette/middleware/cors.py", line 85, in __call__
    await self.app(scope, receive, send)
  File "/root/.venv/lib/python3.11/site-packages/starlette/middleware/base.py", line 189, in __call__
    with collapse_excgroups():
  File "/usr/local/lib/python3.11/contextlib.py", line 158, in __exit__
    self.gen.throw(typ, value, traceback)
  File "/root/.venv/lib/python3.11/site-packages/starlette/_utils.py", line 93, in collapse_excgroups
    raise exc
  File "/root/.venv/lib/python3.11/site-packages/starlette/middleware/base.py", line 191, in __call__
    response = await self.dispatch_func(request, call_next)
               ^^^^^^^^^^^^^^^^^^^^^^^^^^^^^^^^^^^^^^^^^^^^
  File "/app/backend/server.py", line 100, in log_requests
    response = await call_next(request)
               ^^^^^^^^^^^^^^^^^^^^^^^^
  File "/root/.venv/lib/python3.11/site-packages/starlette/middleware/base.py", line 165, in call_next
    raise app_exc
  File "/root/.venv/lib/python3.11/site-packages/starlette/middleware/base.py", line 151, in coro
    await self.app(scope, receive_or_disconnect, send_no_error)
  File "/root/.venv/lib/python3.11/site-packages/starlette/middleware/exceptions.py", line 65, in __call__
    await wrap_app_handling_exceptions(self.app, conn)(scope, receive, send)
  File "/root/.venv/lib/python3.11/site-packages/starlette/_exception_handler.py", line 64, in wrapped_app
    raise exc
  File "/root/.venv/lib/python3.11/site-packages/starlette/_exception_handler.py", line 53, in wrapped_app
    await app(scope, receive, sender)
  File "/root/.venv/lib/python3.11/site-packages/starlette/routing.py", line 756, in __call__
    await self.middleware_stack(scope, receive, send)
  File "/root/.venv/lib/python3.11/site-packages/starlette/routing.py", line 776, in app
    await route.handle(scope, receive, send)
  File "/root/.venv/lib/python3.11/site-packages/starlette/routing.py", line 297, in handle
    await self.app(scope, receive, send)
  File "/root/.venv/lib/python3.11/site-packages/starlette/routing.py", line 77, in app
    await wrap_app_handling_exceptions(app, request)(scope, receive, send)
  File "/root/.venv/lib/python3.11/site-packages/starlette/_exception_handler.py", line 64, in wrapped_app
    raise exc
  File "/root/.venv/lib/python3.11/site-packages/starlette/_exception_handler.py", line 53, in wrapped_app
    await app(scope, receive, sender)
  File "/root/.venv/lib/python3.11/site-packages/starlette/routing.py", line 72, in app
    response = await func(request)
               ^^^^^^^^^^^^^^^^^^^
  File "/root/.venv/lib/python3.11/site-packages/fastapi/routing.py", line 307, in app
    response = actual_response_class(content, **response_args)
               ^^^^^^^^^^^^^^^^^^^^^^^^^^^^^^^^^^^^^^^^^^^^^^^
  File "/root/.venv/lib/python3.11/site-packages/starlette/responses.py", line 184, in __init__
    super().__init__(content, status_code, headers, media_type, background)
  File "/root/.venv/lib/python3.11/site-packages/starlette/responses.py", line 41, in __init__
    self.body = self.render(content)
                ^^^^^^^^^^^^^^^^^^^^
  File "/root/.venv/lib/python3.11/site-packages/starlette/responses.py", line 187, in render
    return json.dumps(
           ^^^^^^^^^^^
  File "/usr/local/lib/python3.11/json/__init__.py", line 238, in dumps
    **kw).encode(obj)
          ^^^^^^^^^^^
  File "/usr/local/lib/python3.11/json/encoder.py", line 200, in encode
    chunks = self.iterencode(o, _one_shot=True)
             ^^^^^^^^^^^^^^^^^^^^^^^^^^^^^^^^^^
  File "/usr/local/lib/python3.11/json/encoder.py", line 258, in iterencode
    return _iterencode(o, 0)
           ^^^^^^^^^^^^^^^^^
ValueError: Out of range float values are not JSON compliant

2026-04-15 08:11:12,711 [ERROR] bidblitz: Unhandled error: GET /api/stocks/market | Out of range float values are not JSON compliant
  + Exception Group Traceback (most recent call last):
  |   File "/root/.venv/lib/python3.11/site-packages/starlette/_utils.py", line 87, in collapse_excgroups
  |     yield
  |   File "/root/.venv/lib/python3.11/site-packages/starlette/middleware/base.py", line 190, in __call__
  |     async with anyio.create_task_group() as task_group:
  |   File "/root/.venv/lib/python3.11/site-packages/anyio/_backends/_asyncio.py", line 799, in __aexit__
  |     raise BaseExceptionGroup(
  | ExceptionGroup: unhandled errors in a TaskGroup (1 sub-exception)
  +-+---------------- 1 ----------------
    | Traceback (most recent call last):
    |   File "/root/.venv/lib/python3.11/site-packages/starlette/middleware/errors.py", line 164, in __call__
    |     await self.app(scope, receive, _send)
    |   File "/root/.venv/lib/python3.11/site-packages/starlette/middleware/cors.py", line 85, in __call__
    |     await self.app(scope, receive, send)
    |   File "/root/.venv/lib/python3.11/site-packages/starlette/middleware/base.py", line 189, in __call__
    |     with collapse_excgroups():
    |   File "/usr/local/lib/python3.11/contextlib.py", line 158, in __exit__
    |     self.gen.throw(typ, value, traceback)
    |   File "/root/.venv/lib/python3.11/site-packages/starlette/_utils.py", line 93, in collapse_excgroups
    |     raise exc
    |   File "/root/.venv/lib/python3.11/site-packages/starlette/middleware/base.py", line 191, in __call__
    |     response = await self.dispatch_func(request, call_next)
    |                ^^^^^^^^^^^^^^^^^^^^^^^^^^^^^^^^^^^^^^^^^^^^
    |   File "/app/backend/server.py", line 100, in log_requests
    |     response = await call_next(request)
    |                ^^^^^^^^^^^^^^^^^^^^^^^^
    |   File "/root/.venv/lib/python3.11/site-packages/starlette/middleware/base.py", line 165, in call_next
    |     raise app_exc
    |   File "/root/.venv/lib/python3.11/site-packages/starlette/middleware/base.py", line 151, in coro
    |     await self.app(scope, receive_or_disconnect, send_no_error)
    |   File "/root/.venv/lib/python3.11/site-packages/starlette/middleware/exceptions.py", line 65, in __call__
    |     await wrap_app_handling_exceptions(self.app, conn)(scope, receive, send)
    |   File "/root/.venv/lib/python3.11/site-packages/starlette/_exception_handler.py", line 64, in wrapped_app
    |     raise exc
    |   File "/root/.venv/lib/python3.11/site-packages/starlette/_exception_handler.py", line 53, in wrapped_app
    |     await app(scope, receive, sender)
    |   File "/root/.venv/lib/python3.11/site-packages/starlette/routing.py", line 756, in __call__
    |     await self.middleware_stack(scope, receive, send)
    |   File "/root/.venv/lib/python3.11/site-packages/starlette/routing.py", line 776, in app
    |     await route.handle(scope, receive, send)
    |   File "/root/.venv/lib/python3.11/site-packages/starlette/routing.py", line 297, in handle
    |     await self.app(scope, receive, send)
    |   File "/root/.venv/lib/python3.11/site-packages/starlette/routing.py", line 77, in app
    |     await wrap_app_handling_exceptions(app, request)(scope, receive, send)
    |   File "/root/.venv/lib/python3.11/site-packages/starlette/_exception_handler.py", line 64, in wrapped_app
    |     raise exc
    |   File "/root/.venv/lib/python3.11/site-packages/starlette/_exception_handler.py", line 53, in wrapped_app
    |     await app(scope, receive, sender)
    |   File "/root/.venv/lib/python3.11/site-packages/starlette/routing.py", line 72, in app
    |     response = await func(request)
    |                ^^^^^^^^^^^^^^^^^^^
    |   File "/root/.venv/lib/python3.11/site-packages/fastapi/routing.py", line 307, in app
    |     response = actual_response_class(content, **response_args)
    |                ^^^^^^^^^^^^^^^^^^^^^^^^^^^^^^^^^^^^^^^^^^^^^^^
    |   File "/root/.venv/lib/python3.11/site-packages/starlette/responses.py", line 184, in __init__
    |     super().__init__(content, status_code, headers, media_type, background)
    |   File "/root/.venv/lib/python3.11/site-packages/starlette/responses.py", line 41, in __init__
    |     self.body = self.render(content)
    |                 ^^^^^^^^^^^^^^^^^^^^
    |   File "/root/.venv/lib/python3.11/site-packages/starlette/responses.py", line 187, in render
    |     return json.dumps(
    |            ^^^^^^^^^^^
    |   File "/usr/local/lib/python3.11/json/__init__.py", line 238, in dumps
    |     **kw).encode(obj)
    |           ^^^^^^^^^^^
    |   File "/usr/local/lib/python3.11/json/encoder.py", line 200, in encode
    |     chunks = self.iterencode(o, _one_shot=True)
    |              ^^^^^^^^^^^^^^^^^^^^^^^^^^^^^^^^^^
    |   File "/usr/local/lib/python3.11/json/encoder.py", line 258, in iterencode
    |     return _iterencode(o, 0)
    |            ^^^^^^^^^^^^^^^^^
    | ValueError: Out of range float values are not JSON compliant
    +------------------------------------

During handling of the above exception, another exception occurred:

Traceback (most recent call last):
  File "/root/.venv/lib/python3.11/site-packages/starlette/middleware/errors.py", line 164, in __call__
    await self.app(scope, receive, _send)
  File "/root/.venv/lib/python3.11/site-packages/starlette/middleware/cors.py", line 85, in __call__
    await self.app(scope, receive, send)
  File "/root/.venv/lib/python3.11/site-packages/starlette/middleware/base.py", line 189, in __call__
    with collapse_excgroups():
  File "/usr/local/lib/python3.11/contextlib.py", line 158, in __exit__
    self.gen.throw(typ, value, traceback)
  File "/root/.venv/lib/python3.11/site-packages/starlette/_utils.py", line 93, in collapse_excgroups
    raise exc
  File "/root/.venv/lib/python3.11/site-packages/starlette/middleware/base.py", line 191, in __call__
    response = await self.dispatch_func(request, call_next)
               ^^^^^^^^^^^^^^^^^^^^^^^^^^^^^^^^^^^^^^^^^^^^
  File "/app/backend/server.py", line 100, in log_requests
    response = await call_next(request)
               ^^^^^^^^^^^^^^^^^^^^^^^^
  File "/root/.venv/lib/python3.11/site-packages/starlette/middleware/base.py", line 165, in call_next
    raise app_exc
  File "/root/.venv/lib/python3.11/site-packages/starlette/middleware/base.py", line 151, in coro
    await self.app(scope, receive_or_disconnect, send_no_error)
  File "/root/.venv/lib/python3.11/site-packages/starlette/middleware/exceptions.py", line 65, in __call__
    await wrap_app_handling_exceptions(self.app, conn)(scope, receive, send)
  File "/root/.venv/lib/python3.11/site-packages/starlette/_exception_handler.py", line 64, in wrapped_app
    raise exc
  File "/root/.venv/lib/python3.11/site-packages/starlette/_exception_handler.py", line 53, in wrapped_app
    await app(scope, receive, sender)
  File "/root/.venv/lib/python3.11/site-packages/starlette/routing.py", line 756, in __call__
    await self.middleware_stack(scope, receive, send)
  File "/root/.venv/lib/python3.11/site-packages/starlette/routing.py", line 776, in app
    await route.handle(scope, receive, send)
  File "/root/.venv/lib/python3.11/site-packages/starlette/routing.py", line 297, in handle
    await self.app(scope, receive, send)
  File "/root/.venv/lib/python3.11/site-packages/starlette/routing.py", line 77, in app
    await wrap_app_handling_exceptions(app, request)(scope, receive, send)
  File "/root/.venv/lib/python3.11/site-packages/starlette/_exception_handler.py", line 64, in wrapped_app
    raise exc
  File "/root/.venv/lib/python3.11/site-packages/starlette/_exception_handler.py", line 53, in wrapped_app
    await app(scope, receive, sender)
  File "/root/.venv/lib/python3.11/site-packages/starlette/routing.py", line 72, in app
    response = await func(request)
               ^^^^^^^^^^^^^^^^^^^
  File "/root/.venv/lib/python3.11/site-packages/fastapi/routing.py", line 307, in app
    response = actual_response_class(content, **response_args)
               ^^^^^^^^^^^^^^^^^^^^^^^^^^^^^^^^^^^^^^^^^^^^^^^
  File "/root/.venv/lib/python3.11/site-packages/starlette/responses.py", line 184, in __init__
    super().__init__(content, status_code, headers, media_type, background)
  File "/root/.venv/lib/python3.11/site-packages/starlette/responses.py", line 41, in __init__
    self.body = self.render(content)
                ^^^^^^^^^^^^^^^^^^^^
  File "/root/.venv/lib/python3.11/site-packages/starlette/responses.py", line 187, in render
    return json.dumps(
           ^^^^^^^^^^^
  File "/usr/local/lib/python3.11/json/__init__.py", line 238, in dumps
    **kw).encode(obj)
          ^^^^^^^^^^^
  File "/usr/local/lib/python3.11/json/encoder.py", line 200, in encode
    chunks = self.iterencode(o, _one_shot=True)
             ^^^^^^^^^^^^^^^^^^^^^^^^^^^^^^^^^^
  File "/usr/local/lib/python3.11/json/encoder.py", line 258, in iterencode
    return _iterencode(o, 0)
           ^^^^^^^^^^^^^^^^^
ValueError: Out of range float values are not JSON compliant

2026-04-16 08:48:26,965 [ERROR] bidblitz: Unhandled error: POST /api/auth/login | 'password_hash'
  + Exception Group Traceback (most recent call last):
  |   File "/root/.venv/lib/python3.11/site-packages/starlette/_utils.py", line 87, in collapse_excgroups
  |     yield
  |   File "/root/.venv/lib/python3.11/site-packages/starlette/middleware/base.py", line 190, in __call__
  |     async with anyio.create_task_group() as task_group:
  |   File "/root/.venv/lib/python3.11/site-packages/anyio/_backends/_asyncio.py", line 799, in __aexit__
  |     raise BaseExceptionGroup(
  | ExceptionGroup: unhandled errors in a TaskGroup (1 sub-exception)
  +-+---------------- 1 ----------------
    | Traceback (most recent call last):
    |   File "/root/.venv/lib/python3.11/site-packages/starlette/middleware/errors.py", line 164, in __call__
    |     await self.app(scope, receive, _send)
    |   File "/root/.venv/lib/python3.11/site-packages/starlette/middleware/cors.py", line 85, in __call__
    |     await self.app(scope, receive, send)
    |   File "/root/.venv/lib/python3.11/site-packages/starlette/middleware/base.py", line 189, in __call__
    |     with collapse_excgroups():
    |   File "/usr/local/lib/python3.11/contextlib.py", line 158, in __exit__
    |     self.gen.throw(typ, value, traceback)
    |   File "/root/.venv/lib/python3.11/site-packages/starlette/_utils.py", line 93, in collapse_excgroups
    |     raise exc
    |   File "/root/.venv/lib/python3.11/site-packages/starlette/middleware/base.py", line 191, in __call__
    |     response = await self.dispatch_func(request, call_next)
    |                ^^^^^^^^^^^^^^^^^^^^^^^^^^^^^^^^^^^^^^^^^^^^
    |   File "/app/backend/server.py", line 100, in log_requests
    |     response = await call_next(request)
    |                ^^^^^^^^^^^^^^^^^^^^^^^^
    |   File "/root/.venv/lib/python3.11/site-packages/starlette/middleware/base.py", line 165, in call_next
    |     raise app_exc
    |   File "/root/.venv/lib/python3.11/site-packages/starlette/middleware/base.py", line 151, in coro
    |     await self.app(scope, receive_or_disconnect, send_no_error)
    |   File "/root/.venv/lib/python3.11/site-packages/starlette/middleware/exceptions.py", line 65, in __call__
    |     await wrap_app_handling_exceptions(self.app, conn)(scope, receive, send)
    |   File "/root/.venv/lib/python3.11/site-packages/starlette/_exception_handler.py", line 64, in wrapped_app
    |     raise exc
    |   File "/root/.venv/lib/python3.11/site-packages/starlette/_exception_handler.py", line 53, in wrapped_app
    |     await app(scope, receive, sender)
    |   File "/root/.venv/lib/python3.11/site-packages/starlette/routing.py", line 756, in __call__
    |     await self.middleware_stack(scope, receive, send)
    |   File "/root/.venv/lib/python3.11/site-packages/starlette/routing.py", line 776, in app
    |     await route.handle(scope, receive, send)
    |   File "/root/.venv/lib/python3.11/site-packages/starlette/routing.py", line 297, in handle
    |     await self.app(scope, receive, send)
    |   File "/root/.venv/lib/python3.11/site-packages/starlette/routing.py", line 77, in app
    |     await wrap_app_handling_exceptions(app, request)(scope, receive, send)
    |   File "/root/.venv/lib/python3.11/site-packages/starlette/_exception_handler.py", line 64, in wrapped_app
    |     raise exc
    |   File "/root/.venv/lib/python3.11/site-packages/starlette/_exception_handler.py", line 53, in wrapped_app
    |     await app(scope, receive, sender)
    |   File "/root/.venv/lib/python3.11/site-packages/starlette/routing.py", line 72, in app
    |     response = await func(request)
    |                ^^^^^^^^^^^^^^^^^^^
    |   File "/root/.venv/lib/python3.11/site-packages/fastapi/routing.py", line 278, in app
    |     raw_response = await run_endpoint_function(
    |                    ^^^^^^^^^^^^^^^^^^^^^^^^^^^^
    |   File "/root/.venv/lib/python3.11/site-packages/fastapi/routing.py", line 191, in run_endpoint_function
    |     return await dependant.call(**values)
    |            ^^^^^^^^^^^^^^^^^^^^^^^^^^^^^^
    |   File "/root/.venv/lib/python3.11/site-packages/slowapi/extension.py", line 734, in async_wrapper
    |     response = await func(*args, **kwargs)  # type: ignore
    |                ^^^^^^^^^^^^^^^^^^^^^^^^^^^
    |   File "/app/backend/routes/auth.py", line 164, in login
    |     if not user or not verify_password(req.password, user["password_hash"]):
    |                                                      ~~~~^^^^^^^^^^^^^^^^^
    | KeyError: 'password_hash'
    +------------------------------------

During handling of the above exception, another exception occurred:

Traceback (most recent call last):
  File "/root/.venv/lib/python3.11/site-packages/starlette/middleware/errors.py", line 164, in __call__
    await self.app(scope, receive, _send)
  File "/root/.venv/lib/python3.11/site-packages/starlette/middleware/cors.py", line 85, in __call__
    await self.app(scope, receive, send)
  File "/root/.venv/lib/python3.11/site-packages/starlette/middleware/base.py", line 189, in __call__
    with collapse_excgroups():
  File "/usr/local/lib/python3.11/contextlib.py", line 158, in __exit__
    self.gen.throw(typ, value, traceback)
  File "/root/.venv/lib/python3.11/site-packages/starlette/_utils.py", line 93, in collapse_excgroups
    raise exc
  File "/root/.venv/lib/python3.11/site-packages/starlette/middleware/base.py", line 191, in __call__
    response = await self.dispatch_func(request, call_next)
               ^^^^^^^^^^^^^^^^^^^^^^^^^^^^^^^^^^^^^^^^^^^^
  File "/app/backend/server.py", line 100, in log_requests
    response = await call_next(request)
               ^^^^^^^^^^^^^^^^^^^^^^^^
  File "/root/.venv/lib/python3.11/site-packages/starlette/middleware/base.py", line 165, in call_next
    raise app_exc
  File "/root/.venv/lib/python3.11/site-packages/starlette/middleware/base.py", line 151, in coro
    await self.app(scope, receive_or_disconnect, send_no_error)
  File "/root/.venv/lib/python3.11/site-packages/starlette/middleware/exceptions.py", line 65, in __call__
    await wrap_app_handling_exceptions(self.app, conn)(scope, receive, send)
  File "/root/.venv/lib/python3.11/site-packages/starlette/_exception_handler.py", line 64, in wrapped_app
    raise exc
  File "/root/.venv/lib/python3.11/site-packages/starlette/_exception_handler.py", line 53, in wrapped_app
    await app(scope, receive, sender)
  File "/root/.venv/lib/python3.11/site-packages/starlette/routing.py", line 756, in __call__
    await self.middleware_stack(scope, receive, send)
  File "/root/.venv/lib/python3.11/site-packages/starlette/routing.py", line 776, in app
    await route.handle(scope, receive, send)
  File "/root/.venv/lib/python3.11/site-packages/starlette/routing.py", line 297, in handle
    await self.app(scope, receive, send)
  File "/root/.venv/lib/python3.11/site-packages/starlette/routing.py", line 77, in app
    await wrap_app_handling_exceptions(app, request)(scope, receive, send)
  File "/root/.venv/lib/python3.11/site-packages/starlette/_exception_handler.py", line 64, in wrapped_app
    raise exc
  File "/root/.venv/lib/python3.11/site-packages/starlette/_exception_handler.py", line 53, in wrapped_app
    await app(scope, receive, sender)
  File "/root/.venv/lib/python3.11/site-packages/starlette/routing.py", line 72, in app
    response = await func(request)
               ^^^^^^^^^^^^^^^^^^^
  File "/root/.venv/lib/python3.11/site-packages/fastapi/routing.py", line 278, in app
    raw_response = await run_endpoint_function(
                   ^^^^^^^^^^^^^^^^^^^^^^^^^^^^
  File "/root/.venv/lib/python3.11/site-packages/fastapi/routing.py", line 191, in run_endpoint_function
    return await dependant.call(**values)
           ^^^^^^^^^^^^^^^^^^^^^^^^^^^^^^
  File "/root/.venv/lib/python3.11/site-packages/slowapi/extension.py", line 734, in async_wrapper
    response = await func(*args, **kwargs)  # type: ignore
               ^^^^^^^^^^^^^^^^^^^^^^^^^^^
  File "/app/backend/routes/auth.py", line 164, in login
    if not user or not verify_password(req.password, user["password_hash"]):
                                                     ~~~~^^^^^^^^^^^^^^^^^
KeyError: 'password_hash'

2026-04-16 17:40:36,369 [ERROR] bidblitz: Unhandled error: POST /api/kids/create-checkout | Failed to create checkout session: Invalid API Key provided: mk_1TIDe***************SrWg
  + Exception Group Traceback (most recent call last):
  |   File "/root/.venv/lib/python3.11/site-packages/starlette/_utils.py", line 87, in collapse_excgroups
  |     yield
  |   File "/root/.venv/lib/python3.11/site-packages/starlette/middleware/base.py", line 190, in __call__
  |     async with anyio.create_task_group() as task_group:
  |   File "/root/.venv/lib/python3.11/site-packages/anyio/_backends/_asyncio.py", line 799, in __aexit__
  |     raise BaseExceptionGroup(
  | ExceptionGroup: unhandled errors in a TaskGroup (1 sub-exception)
  +-+---------------- 1 ----------------
    | Traceback (most recent call last):
    |   File "/root/.venv/lib/python3.11/site-packages/starlette/middleware/errors.py", line 164, in __call__
    |     await self.app(scope, receive, _send)
    |   File "/root/.venv/lib/python3.11/site-packages/starlette/middleware/cors.py", line 85, in __call__
    |     await self.app(scope, receive, send)
    |   File "/root/.venv/lib/python3.11/site-packages/starlette/middleware/base.py", line 189, in __call__
    |     with collapse_excgroups():
    |   File "/usr/local/lib/python3.11/contextlib.py", line 158, in __exit__
    |     self.gen.throw(typ, value, traceback)
    |   File "/root/.venv/lib/python3.11/site-packages/starlette/_utils.py", line 93, in collapse_excgroups
    |     raise exc
    |   File "/root/.venv/lib/python3.11/site-packages/starlette/middleware/base.py", line 191, in __call__
    |     response = await self.dispatch_func(request, call_next)
    |                ^^^^^^^^^^^^^^^^^^^^^^^^^^^^^^^^^^^^^^^^^^^^
    |   File "/app/backend/server.py", line 100, in log_requests
    |     response = await call_next(request)
    |                ^^^^^^^^^^^^^^^^^^^^^^^^
    |   File "/root/.venv/lib/python3.11/site-packages/starlette/middleware/base.py", line 165, in call_next
    |     raise app_exc
    |   File "/root/.venv/lib/python3.11/site-packages/starlette/middleware/base.py", line 151, in coro
    |     await self.app(scope, receive_or_disconnect, send_no_error)
    |   File "/root/.venv/lib/python3.11/site-packages/starlette/middleware/exceptions.py", line 65, in __call__
    |     await wrap_app_handling_exceptions(self.app, conn)(scope, receive, send)
    |   File "/root/.venv/lib/python3.11/site-packages/starlette/_exception_handler.py", line 64, in wrapped_app
    |     raise exc
    |   File "/root/.venv/lib/python3.11/site-packages/starlette/_exception_handler.py", line 53, in wrapped_app
    |     await app(scope, receive, sender)
    |   File "/root/.venv/lib/python3.11/site-packages/starlette/routing.py", line 756, in __call__
    |     await self.middleware_stack(scope, receive, send)
    |   File "/root/.venv/lib/python3.11/site-packages/starlette/routing.py", line 776, in app
    |     await route.handle(scope, receive, send)
    |   File "/root/.venv/lib/python3.11/site-packages/starlette/routing.py", line 297, in handle
    |     await self.app(scope, receive, send)
    |   File "/root/.venv/lib/python3.11/site-packages/starlette/routing.py", line 77, in app
    |     await wrap_app_handling_exceptions(app, request)(scope, receive, send)
    |   File "/root/.venv/lib/python3.11/site-packages/starlette/_exception_handler.py", line 64, in wrapped_app
    |     raise exc
    |   File "/root/.venv/lib/python3.11/site-packages/starlette/_exception_handler.py", line 53, in wrapped_app
    |     await app(scope, receive, sender)
    |   File "/root/.venv/lib/python3.11/site-packages/starlette/routing.py", line 72, in app
    |     response = await func(request)
    |                ^^^^^^^^^^^^^^^^^^^
    |   File "/root/.venv/lib/python3.11/site-packages/fastapi/routing.py", line 278, in app
    |     raw_response = await run_endpoint_function(
    |                    ^^^^^^^^^^^^^^^^^^^^^^^^^^^^
    |   File "/root/.venv/lib/python3.11/site-packages/fastapi/routing.py", line 191, in run_endpoint_function
    |     return await dependant.call(**values)
    |            ^^^^^^^^^^^^^^^^^^^^^^^^^^^^^^
    |   File "/app/backend/routes/kids.py", line 251, in create_kids_checkout
    |     session = await stripe_checkout.create_checkout_session(checkout_req)
    |               ^^^^^^^^^^^^^^^^^^^^^^^^^^^^^^^^^^^^^^^^^^^^^^^^^^^^^^^^^^^
    |   File "/root/.venv/lib/python3.11/site-packages/emergentintegrations/payments/stripe/checkout.py", line 173, in create_checkout_session
    |     raise CheckoutError(f"Failed to create checkout session: {str(e)}")
    | emergentintegrations.payments.stripe.checkout.CheckoutError: Failed to create checkout session: Invalid API Key provided: mk_1TIDe***************SrWg
    +------------------------------------

During handling of the above exception, another exception occurred:

Traceback (most recent call last):
  File "/root/.venv/lib/python3.11/site-packages/starlette/middleware/errors.py", line 164, in __call__
    await self.app(scope, receive, _send)
  File "/root/.venv/lib/python3.11/site-packages/starlette/middleware/cors.py", line 85, in __call__
    await self.app(scope, receive, send)
  File "/root/.venv/lib/python3.11/site-packages/starlette/middleware/base.py", line 189, in __call__
    with collapse_excgroups():
  File "/usr/local/lib/python3.11/contextlib.py", line 158, in __exit__
    self.gen.throw(typ, value, traceback)
  File "/root/.venv/lib/python3.11/site-packages/starlette/_utils.py", line 93, in collapse_excgroups
    raise exc
  File "/root/.venv/lib/python3.11/site-packages/starlette/middleware/base.py", line 191, in __call__
    response = await self.dispatch_func(request, call_next)
               ^^^^^^^^^^^^^^^^^^^^^^^^^^^^^^^^^^^^^^^^^^^^
  File "/app/backend/server.py", line 100, in log_requests
    response = await call_next(request)
               ^^^^^^^^^^^^^^^^^^^^^^^^
  File "/root/.venv/lib/python3.11/site-packages/starlette/middleware/base.py", line 165, in call_next
    raise app_exc
  File "/root/.venv/lib/python3.11/site-packages/starlette/middleware/base.py", line 151, in coro
    await self.app(scope, receive_or_disconnect, send_no_error)
  File "/root/.venv/lib/python3.11/site-packages/starlette/middleware/exceptions.py", line 65, in __call__
    await wrap_app_handling_exceptions(self.app, conn)(scope, receive, send)
  File "/root/.venv/lib/python3.11/site-packages/starlette/_exception_handler.py", line 64, in wrapped_app
    raise exc
  File "/root/.venv/lib/python3.11/site-packages/starlette/_exception_handler.py", line 53, in wrapped_app
    await app(scope, receive, sender)
  File "/root/.venv/lib/python3.11/site-packages/starlette/routing.py", line 756, in __call__
    await self.middleware_stack(scope, receive, send)
  File "/root/.venv/lib/python3.11/site-packages/starlette/routing.py", line 776, in app
    await route.handle(scope, receive, send)
  File "/root/.venv/lib/python3.11/site-packages/starlette/routing.py", line 297, in handle
    await self.app(scope, receive, send)
  File "/root/.venv/lib/python3.11/site-packages/starlette/routing.py", line 77, in app
    await wrap_app_handling_exceptions(app, request)(scope, receive, send)
  File "/root/.venv/lib/python3.11/site-packages/starlette/_exception_handler.py", line 64, in wrapped_app
    raise exc
  File "/root/.venv/lib/python3.11/site-packages/starlette/_exception_handler.py", line 53, in wrapped_app
    await app(scope, receive, sender)
  File "/root/.venv/lib/python3.11/site-packages/starlette/routing.py", line 72, in app
    response = await func(request)
               ^^^^^^^^^^^^^^^^^^^
  File "/root/.venv/lib/python3.11/site-packages/fastapi/routing.py", line 278, in app
    raw_response = await run_endpoint_function(
                   ^^^^^^^^^^^^^^^^^^^^^^^^^^^^
  File "/root/.venv/lib/python3.11/site-packages/fastapi/routing.py", line 191, in run_endpoint_function
    return await dependant.call(**values)
           ^^^^^^^^^^^^^^^^^^^^^^^^^^^^^^
  File "/app/backend/routes/kids.py", line 251, in create_kids_checkout
    session = await stripe_checkout.create_checkout_session(checkout_req)
              ^^^^^^^^^^^^^^^^^^^^^^^^^^^^^^^^^^^^^^^^^^^^^^^^^^^^^^^^^^^
  File "/root/.venv/lib/python3.11/site-packages/emergentintegrations/payments/stripe/checkout.py", line 173, in create_checkout_session
    raise CheckoutError(f"Failed to create checkout session: {str(e)}")
emergentintegrations.payments.stripe.checkout.CheckoutError: Failed to create checkout session: Invalid API Key provided: mk_1TIDe***************SrWg

2026-04-16 18:39:44,489 [ERROR] bidblitz: 5xx: POST /api/kids/create-checkout → 500 (217ms)
2026-04-21 16:21:03,242 [ERROR] bidblitz: Unhandled error: GET /api/gamification/achievements | 'reward_blz'
  + Exception Group Traceback (most recent call last):
  |   File "/root/.venv/lib/python3.11/site-packages/starlette/_utils.py", line 87, in collapse_excgroups
  |     yield
  |   File "/root/.venv/lib/python3.11/site-packages/starlette/middleware/base.py", line 190, in __call__
  |     async with anyio.create_task_group() as task_group:
  |   File "/root/.venv/lib/python3.11/site-packages/anyio/_backends/_asyncio.py", line 799, in __aexit__
  |     raise BaseExceptionGroup(
  | ExceptionGroup: unhandled errors in a TaskGroup (1 sub-exception)
  +-+---------------- 1 ----------------
    | Traceback (most recent call last):
    |   File "/root/.venv/lib/python3.11/site-packages/starlette/middleware/errors.py", line 164, in __call__
    |     await self.app(scope, receive, _send)
    |   File "/root/.venv/lib/python3.11/site-packages/starlette/middleware/cors.py", line 85, in __call__
    |     await self.app(scope, receive, send)
    |   File "/root/.venv/lib/python3.11/site-packages/starlette/middleware/base.py", line 189, in __call__
    |     with collapse_excgroups():
    |   File "/usr/local/lib/python3.11/contextlib.py", line 158, in __exit__
    |     self.gen.throw(typ, value, traceback)
    |   File "/root/.venv/lib/python3.11/site-packages/starlette/_utils.py", line 93, in collapse_excgroups
    |     raise exc
    |   File "/root/.venv/lib/python3.11/site-packages/starlette/middleware/base.py", line 191, in __call__
    |     response = await self.dispatch_func(request, call_next)
    |                ^^^^^^^^^^^^^^^^^^^^^^^^^^^^^^^^^^^^^^^^^^^^
    |   File "/app/backend/server.py", line 106, in log_requests
    |     response = await call_next(request)
    |                ^^^^^^^^^^^^^^^^^^^^^^^^
    |   File "/root/.venv/lib/python3.11/site-packages/starlette/middleware/base.py", line 165, in call_next
    |     raise app_exc
    |   File "/root/.venv/lib/python3.11/site-packages/starlette/middleware/base.py", line 151, in coro
    |     await self.app(scope, receive_or_disconnect, send_no_error)
    |   File "/root/.venv/lib/python3.11/site-packages/starlette/middleware/exceptions.py", line 65, in __call__
    |     await wrap_app_handling_exceptions(self.app, conn)(scope, receive, send)
    |   File "/root/.venv/lib/python3.11/site-packages/starlette/_exception_handler.py", line 64, in wrapped_app
    |     raise exc
    |   File "/root/.venv/lib/python3.11/site-packages/starlette/_exception_handler.py", line 53, in wrapped_app
    |     await app(scope, receive, sender)
    |   File "/root/.venv/lib/python3.11/site-packages/starlette/routing.py", line 756, in __call__
    |     await self.middleware_stack(scope, receive, send)
    |   File "/root/.venv/lib/python3.11/site-packages/starlette/routing.py", line 776, in app
    |     await route.handle(scope, receive, send)
    |   File "/root/.venv/lib/python3.11/site-packages/starlette/routing.py", line 297, in handle
    |     await self.app(scope, receive, send)
    |   File "/root/.venv/lib/python3.11/site-packages/starlette/routing.py", line 77, in app
    |     await wrap_app_handling_exceptions(app, request)(scope, receive, send)
    |   File "/root/.venv/lib/python3.11/site-packages/starlette/_exception_handler.py", line 64, in wrapped_app
    |     raise exc
    |   File "/root/.venv/lib/python3.11/site-packages/starlette/_exception_handler.py", line 53, in wrapped_app
    |     await app(scope, receive, sender)
    |   File "/root/.venv/lib/python3.11/site-packages/starlette/routing.py", line 72, in app
    |     response = await func(request)
    |                ^^^^^^^^^^^^^^^^^^^
    |   File "/root/.venv/lib/python3.11/site-packages/fastapi/routing.py", line 278, in app
    |     raw_response = await run_endpoint_function(
    |                    ^^^^^^^^^^^^^^^^^^^^^^^^^^^^
    |   File "/root/.venv/lib/python3.11/site-packages/fastapi/routing.py", line 191, in run_endpoint_function
    |     return await dependant.call(**values)
    |            ^^^^^^^^^^^^^^^^^^^^^^^^^^^^^^
    |   File "/app/backend/routes/gamification.py", line 504, in get_achievements
    |     total_rewards_earned = sum(a["reward_blz"] for a in unlocked)
    |                            ^^^^^^^^^^^^^^^^^^^^^^^^^^^^^^^^^^^^^^
    |   File "/app/backend/routes/gamification.py", line 504, in <genexpr>
    |     total_rewards_earned = sum(a["reward_blz"] for a in unlocked)
    |                                ~^^^^^^^^^^^^^^
    | KeyError: 'reward_blz'
    +------------------------------------

During handling of the above exception, another exception occurred:

Traceback (most recent call last):
  File "/root/.venv/lib/python3.11/site-packages/starlette/middleware/errors.py", line 164, in __call__
    await self.app(scope, receive, _send)
  File "/root/.venv/lib/python3.11/site-packages/starlette/middleware/cors.py", line 85, in __call__
    await self.app(scope, receive, send)
  File "/root/.venv/lib/python3.11/site-packages/starlette/middleware/base.py", line 189, in __call__
    with collapse_excgroups():
  File "/usr/local/lib/python3.11/contextlib.py", line 158, in __exit__
    self.gen.throw(typ, value, traceback)
  File "/root/.venv/lib/python3.11/site-packages/starlette/_utils.py", line 93, in collapse_excgroups
    raise exc
  File "/root/.venv/lib/python3.11/site-packages/starlette/middleware/base.py", line 191, in __call__
    response = await self.dispatch_func(request, call_next)
               ^^^^^^^^^^^^^^^^^^^^^^^^^^^^^^^^^^^^^^^^^^^^
  File "/app/backend/server.py", line 106, in log_requests
    response = await call_next(request)
               ^^^^^^^^^^^^^^^^^^^^^^^^
  File "/root/.venv/lib/python3.11/site-packages/starlette/middleware/base.py", line 165, in call_next
    raise app_exc
  File "/root/.venv/lib/python3.11/site-packages/starlette/middleware/base.py", line 151, in coro
    await self.app(scope, receive_or_disconnect, send_no_error)
  File "/root/.venv/lib/python3.11/site-packages/starlette/middleware/exceptions.py", line 65, in __call__
    await wrap_app_handling_exceptions(self.app, conn)(scope, receive, send)
  File "/root/.venv/lib/python3.11/site-packages/starlette/_exception_handler.py", line 64, in wrapped_app
    raise exc
  File "/root/.venv/lib/python3.11/site-packages/starlette/_exception_handler.py", line 53, in wrapped_app
    await app(scope, receive, sender)
  File "/root/.venv/lib/python3.11/site-packages/starlette/routing.py", line 756, in __call__
    await self.middleware_stack(scope, receive, send)
  File "/root/.venv/lib/python3.11/site-packages/starlette/routing.py", line 776, in app
    await route.handle(scope, receive, send)
  File "/root/.venv/lib/python3.11/site-packages/starlette/routing.py", line 297, in handle
    await self.app(scope, receive, send)
  File "/root/.venv/lib/python3.11/site-packages/starlette/routing.py", line 77, in app
    await wrap_app_handling_exceptions(app, request)(scope, receive, send)
  File "/root/.venv/lib/python3.11/site-packages/starlette/_exception_handler.py", line 64, in wrapped_app
    raise exc
  File "/root/.venv/lib/python3.11/site-packages/starlette/_exception_handler.py", line 53, in wrapped_app
    await app(scope, receive, sender)
  File "/root/.venv/lib/python3.11/site-packages/starlette/routing.py", line 72, in app
    response = await func(request)
               ^^^^^^^^^^^^^^^^^^^
  File "/root/.venv/lib/python3.11/site-packages/fastapi/routing.py", line 278, in app
    raw_response = await run_endpoint_function(
                   ^^^^^^^^^^^^^^^^^^^^^^^^^^^^
  File "/root/.venv/lib/python3.11/site-packages/fastapi/routing.py", line 191, in run_endpoint_function
    return await dependant.call(**values)
           ^^^^^^^^^^^^^^^^^^^^^^^^^^^^^^
  File "/app/backend/routes/gamification.py", line 504, in get_achievements
    total_rewards_earned = sum(a["reward_blz"] for a in unlocked)
                           ^^^^^^^^^^^^^^^^^^^^^^^^^^^^^^^^^^^^^^
  File "/app/backend/routes/gamification.py", line 504, in <genexpr>
    total_rewards_earned = sum(a["reward_blz"] for a in unlocked)
                               ~^^^^^^^^^^^^^^
KeyError: 'reward_blz'

2026-04-22 15:49:43,821 [ERROR] bidblitz: Unhandled error: GET /api/mining/status | name 'get_dashboard' is not defined
  + Exception Group Traceback (most recent call last):
  |   File "/root/.venv/lib/python3.11/site-packages/starlette/_utils.py", line 87, in collapse_excgroups
  |     yield
  |   File "/root/.venv/lib/python3.11/site-packages/starlette/middleware/base.py", line 190, in __call__
  |     async with anyio.create_task_group() as task_group:
  |   File "/root/.venv/lib/python3.11/site-packages/anyio/_backends/_asyncio.py", line 799, in __aexit__
  |     raise BaseExceptionGroup(
  | ExceptionGroup: unhandled errors in a TaskGroup (1 sub-exception)
  +-+---------------- 1 ----------------
    | Traceback (most recent call last):
    |   File "/root/.venv/lib/python3.11/site-packages/starlette/middleware/errors.py", line 164, in __call__
    |     await self.app(scope, receive, _send)
    |   File "/root/.venv/lib/python3.11/site-packages/starlette/middleware/cors.py", line 85, in __call__
    |     await self.app(scope, receive, send)
    |   File "/root/.venv/lib/python3.11/site-packages/starlette/middleware/base.py", line 189, in __call__
    |     with collapse_excgroups():
    |   File "/usr/local/lib/python3.11/contextlib.py", line 158, in __exit__
    |     self.gen.throw(typ, value, traceback)
    |   File "/root/.venv/lib/python3.11/site-packages/starlette/_utils.py", line 93, in collapse_excgroups
    |     raise exc
    |   File "/root/.venv/lib/python3.11/site-packages/starlette/middleware/base.py", line 191, in __call__
    |     response = await self.dispatch_func(request, call_next)
    |                ^^^^^^^^^^^^^^^^^^^^^^^^^^^^^^^^^^^^^^^^^^^^
    |   File "/app/backend/server.py", line 107, in log_requests
    |     response = await call_next(request)
    |                ^^^^^^^^^^^^^^^^^^^^^^^^
    |   File "/root/.venv/lib/python3.11/site-packages/starlette/middleware/base.py", line 165, in call_next
    |     raise app_exc
    |   File "/root/.venv/lib/python3.11/site-packages/starlette/middleware/base.py", line 151, in coro
    |     await self.app(scope, receive_or_disconnect, send_no_error)
    |   File "/root/.venv/lib/python3.11/site-packages/starlette/middleware/exceptions.py", line 65, in __call__
    |     await wrap_app_handling_exceptions(self.app, conn)(scope, receive, send)
    |   File "/root/.venv/lib/python3.11/site-packages/starlette/_exception_handler.py", line 64, in wrapped_app
    |     raise exc
    |   File "/root/.venv/lib/python3.11/site-packages/starlette/_exception_handler.py", line 53, in wrapped_app
    |     await app(scope, receive, sender)
    |   File "/root/.venv/lib/python3.11/site-packages/starlette/routing.py", line 756, in __call__
    |     await self.middleware_stack(scope, receive, send)
    |   File "/root/.venv/lib/python3.11/site-packages/starlette/routing.py", line 776, in app
    |     await route.handle(scope, receive, send)
    |   File "/root/.venv/lib/python3.11/site-packages/starlette/routing.py", line 297, in handle
    |     await self.app(scope, receive, send)
    |   File "/root/.venv/lib/python3.11/site-packages/starlette/routing.py", line 77, in app
    |     await wrap_app_handling_exceptions(app, request)(scope, receive, send)
    |   File "/root/.venv/lib/python3.11/site-packages/starlette/_exception_handler.py", line 64, in wrapped_app
    |     raise exc
    |   File "/root/.venv/lib/python3.11/site-packages/starlette/_exception_handler.py", line 53, in wrapped_app
    |     await app(scope, receive, sender)
    |   File "/root/.venv/lib/python3.11/site-packages/starlette/routing.py", line 72, in app
    |     response = await func(request)
    |                ^^^^^^^^^^^^^^^^^^^
    |   File "/root/.venv/lib/python3.11/site-packages/fastapi/routing.py", line 278, in app
    |     raw_response = await run_endpoint_function(
    |                    ^^^^^^^^^^^^^^^^^^^^^^^^^^^^
    |   File "/root/.venv/lib/python3.11/site-packages/fastapi/routing.py", line 191, in run_endpoint_function
    |     return await dependant.call(**values)
    |            ^^^^^^^^^^^^^^^^^^^^^^^^^^^^^^
    |   File "/app/backend/routes/mining.py", line 192, in mining_status
    |     return await get_dashboard(request)
    |                  ^^^^^^^^^^^^^
    | NameError: name 'get_dashboard' is not defined
    +------------------------------------

During handling of the above exception, another exception occurred:

Traceback (most recent call last):
  File "/root/.venv/lib/python3.11/site-packages/starlette/middleware/errors.py", line 164, in __call__
    await self.app(scope, receive, _send)
  File "/root/.venv/lib/python3.11/site-packages/starlette/middleware/cors.py", line 85, in __call__
    await self.app(scope, receive, send)
  File "/root/.venv/lib/python3.11/site-packages/starlette/middleware/base.py", line 189, in __call__
    with collapse_excgroups():
  File "/usr/local/lib/python3.11/contextlib.py", line 158, in __exit__
    self.gen.throw(typ, value, traceback)
  File "/root/.venv/lib/python3.11/site-packages/starlette/_utils.py", line 93, in collapse_excgroups
    raise exc
  File "/root/.venv/lib/python3.11/site-packages/starlette/middleware/base.py", line 191, in __call__
    response = await self.dispatch_func(request, call_next)
               ^^^^^^^^^^^^^^^^^^^^^^^^^^^^^^^^^^^^^^^^^^^^
  File "/app/backend/server.py", line 107, in log_requests
    response = await call_next(request)
               ^^^^^^^^^^^^^^^^^^^^^^^^
  File "/root/.venv/lib/python3.11/site-packages/starlette/middleware/base.py", line 165, in call_next
    raise app_exc
  File "/root/.venv/lib/python3.11/site-packages/starlette/middleware/base.py", line 151, in coro
    await self.app(scope, receive_or_disconnect, send_no_error)
  File "/root/.venv/lib/python3.11/site-packages/starlette/middleware/exceptions.py", line 65, in __call__
    await wrap_app_handling_exceptions(self.app, conn)(scope, receive, send)
  File "/root/.venv/lib/python3.11/site-packages/starlette/_exception_handler.py", line 64, in wrapped_app
    raise exc
  File "/root/.venv/lib/python3.11/site-packages/starlette/_exception_handler.py", line 53, in wrapped_app
    await app(scope, receive, sender)
  File "/root/.venv/lib/python3.11/site-packages/starlette/routing.py", line 756, in __call__
    await self.middleware_stack(scope, receive, send)
  File "/root/.venv/lib/python3.11/site-packages/starlette/routing.py", line 776, in app
    await route.handle(scope, receive, send)
  File "/root/.venv/lib/python3.11/site-packages/starlette/routing.py", line 297, in handle
    await self.app(scope, receive, send)
  File "/root/.venv/lib/python3.11/site-packages/starlette/routing.py", line 77, in app
    await wrap_app_handling_exceptions(app, request)(scope, receive, send)
  File "/root/.venv/lib/python3.11/site-packages/starlette/_exception_handler.py", line 64, in wrapped_app
    raise exc
  File "/root/.venv/lib/python3.11/site-packages/starlette/_exception_handler.py", line 53, in wrapped_app
    await app(scope, receive, sender)
  File "/root/.venv/lib/python3.11/site-packages/starlette/routing.py", line 72, in app
    response = await func(request)
               ^^^^^^^^^^^^^^^^^^^
  File "/root/.venv/lib/python3.11/site-packages/fastapi/routing.py", line 278, in app
    raw_response = await run_endpoint_function(
                   ^^^^^^^^^^^^^^^^^^^^^^^^^^^^
  File "/root/.venv/lib/python3.11/site-packages/fastapi/routing.py", line 191, in run_endpoint_function
    return await dependant.call(**values)
           ^^^^^^^^^^^^^^^^^^^^^^^^^^^^^^
  File "/app/backend/routes/mining.py", line 192, in mining_status
    return await get_dashboard(request)
                 ^^^^^^^^^^^^^
NameError: name 'get_dashboard' is not defined

2026-04-26 13:19:25,779 [ERROR] bidblitz: Unhandled error: POST /api/auth/login | 'password_hash'
  + Exception Group Traceback (most recent call last):
  |   File "/root/.venv/lib/python3.11/site-packages/starlette/_utils.py", line 87, in collapse_excgroups
  |     yield
  |   File "/root/.venv/lib/python3.11/site-packages/starlette/middleware/base.py", line 190, in __call__
  |     async with anyio.create_task_group() as task_group:
  |   File "/root/.venv/lib/python3.11/site-packages/anyio/_backends/_asyncio.py", line 799, in __aexit__
  |     raise BaseExceptionGroup(
  | ExceptionGroup: unhandled errors in a TaskGroup (1 sub-exception)
  +-+---------------- 1 ----------------
    | Traceback (most recent call last):
    |   File "/root/.venv/lib/python3.11/site-packages/starlette/middleware/errors.py", line 164, in __call__
    |     await self.app(scope, receive, _send)
    |   File "/root/.venv/lib/python3.11/site-packages/starlette/middleware/cors.py", line 85, in __call__
    |     await self.app(scope, receive, send)
    |   File "/root/.venv/lib/python3.11/site-packages/starlette/middleware/base.py", line 189, in __call__
    |     with collapse_excgroups():
    |   File "/usr/local/lib/python3.11/contextlib.py", line 158, in __exit__
    |     self.gen.throw(typ, value, traceback)
    |   File "/root/.venv/lib/python3.11/site-packages/starlette/_utils.py", line 93, in collapse_excgroups
    |     raise exc
    |   File "/root/.venv/lib/python3.11/site-packages/starlette/middleware/base.py", line 191, in __call__
    |     response = await self.dispatch_func(request, call_next)
    |                ^^^^^^^^^^^^^^^^^^^^^^^^^^^^^^^^^^^^^^^^^^^^
    |   File "/app/backend/server.py", line 107, in log_requests
    |     response = await call_next(request)
    |                ^^^^^^^^^^^^^^^^^^^^^^^^
    |   File "/root/.venv/lib/python3.11/site-packages/starlette/middleware/base.py", line 165, in call_next
    |     raise app_exc
    |   File "/root/.venv/lib/python3.11/site-packages/starlette/middleware/base.py", line 151, in coro
    |     await self.app(scope, receive_or_disconnect, send_no_error)
    |   File "/root/.venv/lib/python3.11/site-packages/starlette/middleware/exceptions.py", line 65, in __call__
    |     await wrap_app_handling_exceptions(self.app, conn)(scope, receive, send)
    |   File "/root/.venv/lib/python3.11/site-packages/starlette/_exception_handler.py", line 64, in wrapped_app
    |     raise exc
    |   File "/root/.venv/lib/python3.11/site-packages/starlette/_exception_handler.py", line 53, in wrapped_app
    |     await app(scope, receive, sender)
    |   File "/root/.venv/lib/python3.11/site-packages/starlette/routing.py", line 756, in __call__
    |     await self.middleware_stack(scope, receive, send)
    |   File "/root/.venv/lib/python3.11/site-packages/starlette/routing.py", line 776, in app
    |     await route.handle(scope, receive, send)
    |   File "/root/.venv/lib/python3.11/site-packages/starlette/routing.py", line 297, in handle
    |     await self.app(scope, receive, send)
    |   File "/root/.venv/lib/python3.11/site-packages/starlette/routing.py", line 77, in app
    |     await wrap_app_handling_exceptions(app, request)(scope, receive, send)
    |   File "/root/.venv/lib/python3.11/site-packages/starlette/_exception_handler.py", line 64, in wrapped_app
    |     raise exc
    |   File "/root/.venv/lib/python3.11/site-packages/starlette/_exception_handler.py", line 53, in wrapped_app
    |     await app(scope, receive, sender)
    |   File "/root/.venv/lib/python3.11/site-packages/starlette/routing.py", line 72, in app
    |     response = await func(request)
    |                ^^^^^^^^^^^^^^^^^^^
    |   File "/root/.venv/lib/python3.11/site-packages/fastapi/routing.py", line 278, in app
    |     raw_response = await run_endpoint_function(
    |                    ^^^^^^^^^^^^^^^^^^^^^^^^^^^^
    |   File "/root/.venv/lib/python3.11/site-packages/fastapi/routing.py", line 191, in run_endpoint_function
    |     return await dependant.call(**values)
    |            ^^^^^^^^^^^^^^^^^^^^^^^^^^^^^^
    |   File "/root/.venv/lib/python3.11/site-packages/slowapi/extension.py", line 734, in async_wrapper
    |     response = await func(*args, **kwargs)  # type: ignore
    |                ^^^^^^^^^^^^^^^^^^^^^^^^^^^
    |   File "/app/backend/routes/auth.py", line 199, in login
    |     if not user or not verify_password(req.password, user["password_hash"]):
    |                                                      ~~~~^^^^^^^^^^^^^^^^^
    | KeyError: 'password_hash'
    +------------------------------------

During handling of the above exception, another exception occurred:

Traceback (most recent call last):
  File "/root/.venv/lib/python3.11/site-packages/starlette/middleware/errors.py", line 164, in __call__
    await self.app(scope, receive, _send)
  File "/root/.venv/lib/python3.11/site-packages/starlette/middleware/cors.py", line 85, in __call__
    await self.app(scope, receive, send)
  File "/root/.venv/lib/python3.11/site-packages/starlette/middleware/base.py", line 189, in __call__
    with collapse_excgroups():
  File "/usr/local/lib/python3.11/contextlib.py", line 158, in __exit__
    self.gen.throw(typ, value, traceback)
  File "/root/.venv/lib/python3.11/site-packages/starlette/_utils.py", line 93, in collapse_excgroups
    raise exc
  File "/root/.venv/lib/python3.11/site-packages/starlette/middleware/base.py", line 191, in __call__
    response = await self.dispatch_func(request, call_next)
               ^^^^^^^^^^^^^^^^^^^^^^^^^^^^^^^^^^^^^^^^^^^^
  File "/app/backend/server.py", line 107, in log_requests
    response = await call_next(request)
               ^^^^^^^^^^^^^^^^^^^^^^^^
  File "/root/.venv/lib/python3.11/site-packages/starlette/middleware/base.py", line 165, in call_next
    raise app_exc
  File "/root/.venv/lib/python3.11/site-packages/starlette/middleware/base.py", line 151, in coro
    await self.app(scope, receive_or_disconnect, send_no_error)
  File "/root/.venv/lib/python3.11/site-packages/starlette/middleware/exceptions.py", line 65, in __call__
    await wrap_app_handling_exceptions(self.app, conn)(scope, receive, send)
  File "/root/.venv/lib/python3.11/site-packages/starlette/_exception_handler.py", line 64, in wrapped_app
    raise exc
  File "/root/.venv/lib/python3.11/site-packages/starlette/_exception_handler.py", line 53, in wrapped_app
    await app(scope, receive, sender)
  File "/root/.venv/lib/python3.11/site-packages/starlette/routing.py", line 756, in __call__
    await self.middleware_stack(scope, receive, send)
  File "/root/.venv/lib/python3.11/site-packages/starlette/routing.py", line 776, in app
    await route.handle(scope, receive, send)
  File "/root/.venv/lib/python3.11/site-packages/starlette/routing.py", line 297, in handle
    await self.app(scope, receive, send)
  File "/root/.venv/lib/python3.11/site-packages/starlette/routing.py", line 77, in app
    await wrap_app_handling_exceptions(app, request)(scope, receive, send)
  File "/root/.venv/lib/python3.11/site-packages/starlette/_exception_handler.py", line 64, in wrapped_app
    raise exc
  File "/root/.venv/lib/python3.11/site-packages/starlette/_exception_handler.py", line 53, in wrapped_app
    await app(scope, receive, sender)
  File "/root/.venv/lib/python3.11/site-packages/starlette/routing.py", line 72, in app
    response = await func(request)
               ^^^^^^^^^^^^^^^^^^^
  File "/root/.venv/lib/python3.11/site-packages/fastapi/routing.py", line 278, in app
    raw_response = await run_endpoint_function(
                   ^^^^^^^^^^^^^^^^^^^^^^^^^^^^
  File "/root/.venv/lib/python3.11/site-packages/fastapi/routing.py", line 191, in run_endpoint_function
    return await dependant.call(**values)
           ^^^^^^^^^^^^^^^^^^^^^^^^^^^^^^
  File "/root/.venv/lib/python3.11/site-packages/slowapi/extension.py", line 734, in async_wrapper
    response = await func(*args, **kwargs)  # type: ignore
               ^^^^^^^^^^^^^^^^^^^^^^^^^^^
  File "/app/backend/routes/auth.py", line 199, in login
    if not user or not verify_password(req.password, user["password_hash"]):
                                                     ~~~~^^^^^^^^^^^^^^^^^
KeyError: 'password_hash'

2026-04-26 14:18:47,466 [ERROR] bidblitz: Unhandled error: POST /api/auth/login | 'password_hash'
  + Exception Group Traceback (most recent call last):
  |   File "/root/.venv/lib/python3.11/site-packages/starlette/_utils.py", line 87, in collapse_excgroups
  |     yield
  |   File "/root/.venv/lib/python3.11/site-packages/starlette/middleware/base.py", line 190, in __call__
  |     async with anyio.create_task_group() as task_group:
  |   File "/root/.venv/lib/python3.11/site-packages/anyio/_backends/_asyncio.py", line 799, in __aexit__
  |     raise BaseExceptionGroup(
  | ExceptionGroup: unhandled errors in a TaskGroup (1 sub-exception)
  +-+---------------- 1 ----------------
    | Traceback (most recent call last):
    |   File "/root/.venv/lib/python3.11/site-packages/starlette/middleware/errors.py", line 164, in __call__
    |     await self.app(scope, receive, _send)
    |   File "/root/.venv/lib/python3.11/site-packages/starlette/middleware/cors.py", line 85, in __call__
    |     await self.app(scope, receive, send)
    |   File "/root/.venv/lib/python3.11/site-packages/starlette/middleware/base.py", line 189, in __call__
    |     with collapse_excgroups():
    |   File "/usr/local/lib/python3.11/contextlib.py", line 158, in __exit__
    |     self.gen.throw(typ, value, traceback)
    |   File "/root/.venv/lib/python3.11/site-packages/starlette/_utils.py", line 93, in collapse_excgroups
    |     raise exc
    |   File "/root/.venv/lib/python3.11/site-packages/starlette/middleware/base.py", line 191, in __call__
    |     response = await self.dispatch_func(request, call_next)
    |                ^^^^^^^^^^^^^^^^^^^^^^^^^^^^^^^^^^^^^^^^^^^^
    |   File "/app/backend/server.py", line 107, in log_requests
    |     response = await call_next(request)
    |                ^^^^^^^^^^^^^^^^^^^^^^^^
    |   File "/root/.venv/lib/python3.11/site-packages/starlette/middleware/base.py", line 165, in call_next
    |     raise app_exc
    |   File "/root/.venv/lib/python3.11/site-packages/starlette/middleware/base.py", line 151, in coro
    |     await self.app(scope, receive_or_disconnect, send_no_error)
    |   File "/root/.venv/lib/python3.11/site-packages/starlette/middleware/exceptions.py", line 65, in __call__
    |     await wrap_app_handling_exceptions(self.app, conn)(scope, receive, send)
    |   File "/root/.venv/lib/python3.11/site-packages/starlette/_exception_handler.py", line 64, in wrapped_app
    |     raise exc
    |   File "/root/.venv/lib/python3.11/site-packages/starlette/_exception_handler.py", line 53, in wrapped_app
    |     await app(scope, receive, sender)
    |   File "/root/.venv/lib/python3.11/site-packages/starlette/routing.py", line 756, in __call__
    |     await self.middleware_stack(scope, receive, send)
    |   File "/root/.venv/lib/python3.11/site-packages/starlette/routing.py", line 776, in app
    |     await route.handle(scope, receive, send)
    |   File "/root/.venv/lib/python3.11/site-packages/starlette/routing.py", line 297, in handle
    |     await self.app(scope, receive, send)
    |   File "/root/.venv/lib/python3.11/site-packages/starlette/routing.py", line 77, in app
    |     await wrap_app_handling_exceptions(app, request)(scope, receive, send)
    |   File "/root/.venv/lib/python3.11/site-packages/starlette/_exception_handler.py", line 64, in wrapped_app
    |     raise exc
    |   File "/root/.venv/lib/python3.11/site-packages/starlette/_exception_handler.py", line 53, in wrapped_app
    |     await app(scope, receive, sender)
    |   File "/root/.venv/lib/python3.11/site-packages/starlette/routing.py", line 72, in app
    |     response = await func(request)
    |                ^^^^^^^^^^^^^^^^^^^
    |   File "/root/.venv/lib/python3.11/site-packages/fastapi/routing.py", line 278, in app
    |     raw_response = await run_endpoint_function(
    |                    ^^^^^^^^^^^^^^^^^^^^^^^^^^^^
    |   File "/root/.venv/lib/python3.11/site-packages/fastapi/routing.py", line 191, in run_endpoint_function
    |     return await dependant.call(**values)
    |            ^^^^^^^^^^^^^^^^^^^^^^^^^^^^^^
    |   File "/root/.venv/lib/python3.11/site-packages/slowapi/extension.py", line 734, in async_wrapper
    |     response = await func(*args, **kwargs)  # type: ignore
    |                ^^^^^^^^^^^^^^^^^^^^^^^^^^^
    |   File "/app/backend/routes/auth.py", line 199, in login
    |     if not user or not verify_password(req.password, user["password_hash"]):
    |                                                      ~~~~^^^^^^^^^^^^^^^^^
    | KeyError: 'password_hash'
    +------------------------------------

During handling of the above exception, another exception occurred:

Traceback (most recent call last):
  File "/root/.venv/lib/python3.11/site-packages/starlette/middleware/errors.py", line 164, in __call__
    await self.app(scope, receive, _send)
  File "/root/.venv/lib/python3.11/site-packages/starlette/middleware/cors.py", line 85, in __call__
    await self.app(scope, receive, send)
  File "/root/.venv/lib/python3.11/site-packages/starlette/middleware/base.py", line 189, in __call__
    with collapse_excgroups():
  File "/usr/local/lib/python3.11/contextlib.py", line 158, in __exit__
    self.gen.throw(typ, value, traceback)
  File "/root/.venv/lib/python3.11/site-packages/starlette/_utils.py", line 93, in collapse_excgroups
    raise exc
  File "/root/.venv/lib/python3.11/site-packages/starlette/middleware/base.py", line 191, in __call__
    response = await self.dispatch_func(request, call_next)
               ^^^^^^^^^^^^^^^^^^^^^^^^^^^^^^^^^^^^^^^^^^^^
  File "/app/backend/server.py", line 107, in log_requests
    response = await call_next(request)
               ^^^^^^^^^^^^^^^^^^^^^^^^
  File "/root/.venv/lib/python3.11/site-packages/starlette/middleware/base.py", line 165, in call_next
    raise app_exc
  File "/root/.venv/lib/python3.11/site-packages/starlette/middleware/base.py", line 151, in coro
    await self.app(scope, receive_or_disconnect, send_no_error)
  File "/root/.venv/lib/python3.11/site-packages/starlette/middleware/exceptions.py", line 65, in __call__
    await wrap_app_handling_exceptions(self.app, conn)(scope, receive, send)
  File "/root/.venv/lib/python3.11/site-packages/starlette/_exception_handler.py", line 64, in wrapped_app
    raise exc
  File "/root/.venv/lib/python3.11/site-packages/starlette/_exception_handler.py", line 53, in wrapped_app
    await app(scope, receive, sender)
  File "/root/.venv/lib/python3.11/site-packages/starlette/routing.py", line 756, in __call__
    await self.middleware_stack(scope, receive, send)
  File "/root/.venv/lib/python3.11/site-packages/starlette/routing.py", line 776, in app
    await route.handle(scope, receive, send)
  File "/root/.venv/lib/python3.11/site-packages/starlette/routing.py", line 297, in handle
    await self.app(scope, receive, send)
  File "/root/.venv/lib/python3.11/site-packages/starlette/routing.py", line 77, in app
    await wrap_app_handling_exceptions(app, request)(scope, receive, send)
  File "/root/.venv/lib/python3.11/site-packages/starlette/_exception_handler.py", line 64, in wrapped_app
    raise exc
  File "/root/.venv/lib/python3.11/site-packages/starlette/_exception_handler.py", line 53, in wrapped_app
    await app(scope, receive, sender)
  File "/root/.venv/lib/python3.11/site-packages/starlette/routing.py", line 72, in app
    response = await func(request)
               ^^^^^^^^^^^^^^^^^^^
  File "/root/.venv/lib/python3.11/site-packages/fastapi/routing.py", line 278, in app
    raw_response = await run_endpoint_function(
                   ^^^^^^^^^^^^^^^^^^^^^^^^^^^^
  File "/root/.venv/lib/python3.11/site-packages/fastapi/routing.py", line 191, in run_endpoint_function
    return await dependant.call(**values)
           ^^^^^^^^^^^^^^^^^^^^^^^^^^^^^^
  File "/root/.venv/lib/python3.11/site-packages/slowapi/extension.py", line 734, in async_wrapper
    response = await func(*args, **kwargs)  # type: ignore
               ^^^^^^^^^^^^^^^^^^^^^^^^^^^
  File "/app/backend/routes/auth.py", line 199, in login
    if not user or not verify_password(req.password, user["password_hash"]):
                                                     ~~~~^^^^^^^^^^^^^^^^^
KeyError: 'password_hash'

2026-04-26 17:26:35,163 [ERROR] bidblitz: Unhandled error: GET /api/kids-premium/insights/child_888c787e77d9 | 'async_generator' object is not iterable
  + Exception Group Traceback (most recent call last):
  |   File "/root/.venv/lib/python3.11/site-packages/starlette/_utils.py", line 87, in collapse_excgroups
  |     yield
  |   File "/root/.venv/lib/python3.11/site-packages/starlette/middleware/base.py", line 190, in __call__
  |     async with anyio.create_task_group() as task_group:
  |   File "/root/.venv/lib/python3.11/site-packages/anyio/_backends/_asyncio.py", line 799, in __aexit__
  |     raise BaseExceptionGroup(
  | ExceptionGroup: unhandled errors in a TaskGroup (1 sub-exception)
  +-+---------------- 1 ----------------
    | Traceback (most recent call last):
    |   File "/root/.venv/lib/python3.11/site-packages/starlette/middleware/errors.py", line 164, in __call__
    |     await self.app(scope, receive, _send)
    |   File "/root/.venv/lib/python3.11/site-packages/starlette/middleware/cors.py", line 85, in __call__
    |     await self.app(scope, receive, send)
    |   File "/root/.venv/lib/python3.11/site-packages/starlette/middleware/base.py", line 189, in __call__
    |     with collapse_excgroups():
    |   File "/usr/local/lib/python3.11/contextlib.py", line 158, in __exit__
    |     self.gen.throw(typ, value, traceback)
    |   File "/root/.venv/lib/python3.11/site-packages/starlette/_utils.py", line 93, in collapse_excgroups
    |     raise exc
    |   File "/root/.venv/lib/python3.11/site-packages/starlette/middleware/base.py", line 191, in __call__
    |     response = await self.dispatch_func(request, call_next)
    |                ^^^^^^^^^^^^^^^^^^^^^^^^^^^^^^^^^^^^^^^^^^^^
    |   File "/app/backend/server.py", line 107, in log_requests
    |     response = await call_next(request)
    |                ^^^^^^^^^^^^^^^^^^^^^^^^
    |   File "/root/.venv/lib/python3.11/site-packages/starlette/middleware/base.py", line 165, in call_next
    |     raise app_exc
    |   File "/root/.venv/lib/python3.11/site-packages/starlette/middleware/base.py", line 151, in coro
    |     await self.app(scope, receive_or_disconnect, send_no_error)
    |   File "/root/.venv/lib/python3.11/site-packages/starlette/middleware/exceptions.py", line 65, in __call__
    |     await wrap_app_handling_exceptions(self.app, conn)(scope, receive, send)
    |   File "/root/.venv/lib/python3.11/site-packages/starlette/_exception_handler.py", line 64, in wrapped_app
    |     raise exc
    |   File "/root/.venv/lib/python3.11/site-packages/starlette/_exception_handler.py", line 53, in wrapped_app
    |     await app(scope, receive, sender)
    |   File "/root/.venv/lib/python3.11/site-packages/starlette/routing.py", line 756, in __call__
    |     await self.middleware_stack(scope, receive, send)
    |   File "/root/.venv/lib/python3.11/site-packages/starlette/routing.py", line 776, in app
    |     await route.handle(scope, receive, send)
    |   File "/root/.venv/lib/python3.11/site-packages/starlette/routing.py", line 297, in handle
    |     await self.app(scope, receive, send)
    |   File "/root/.venv/lib/python3.11/site-packages/starlette/routing.py", line 77, in app
    |     await wrap_app_handling_exceptions(app, request)(scope, receive, send)
    |   File "/root/.venv/lib/python3.11/site-packages/starlette/_exception_handler.py", line 64, in wrapped_app
    |     raise exc
    |   File "/root/.venv/lib/python3.11/site-packages/starlette/_exception_handler.py", line 53, in wrapped_app
    |     await app(scope, receive, sender)
    |   File "/root/.venv/lib/python3.11/site-packages/starlette/routing.py", line 72, in app
    |     response = await func(request)
    |                ^^^^^^^^^^^^^^^^^^^
    |   File "/root/.venv/lib/python3.11/site-packages/fastapi/routing.py", line 278, in app
    |     raw_response = await run_endpoint_function(
    |                    ^^^^^^^^^^^^^^^^^^^^^^^^^^^^
    |   File "/root/.venv/lib/python3.11/site-packages/fastapi/routing.py", line 191, in run_endpoint_function
    |     return await dependant.call(**values)
    |            ^^^^^^^^^^^^^^^^^^^^^^^^^^^^^^
    |   File "/app/backend/routes/kids_premium.py", line 579, in parent_insights
    |     donations_total = sum(
    |                       ^^^^
    | TypeError: 'async_generator' object is not iterable
    +------------------------------------

During handling of the above exception, another exception occurred:

Traceback (most recent call last):
  File "/root/.venv/lib/python3.11/site-packages/starlette/middleware/errors.py", line 164, in __call__
    await self.app(scope, receive, _send)
  File "/root/.venv/lib/python3.11/site-packages/starlette/middleware/cors.py", line 85, in __call__
    await self.app(scope, receive, send)
  File "/root/.venv/lib/python3.11/site-packages/starlette/middleware/base.py", line 189, in __call__
    with collapse_excgroups():
  File "/usr/local/lib/python3.11/contextlib.py", line 158, in __exit__
    self.gen.throw(typ, value, traceback)
  File "/root/.venv/lib/python3.11/site-packages/starlette/_utils.py", line 93, in collapse_excgroups
    raise exc
  File "/root/.venv/lib/python3.11/site-packages/starlette/middleware/base.py", line 191, in __call__
    response = await self.dispatch_func(request, call_next)
               ^^^^^^^^^^^^^^^^^^^^^^^^^^^^^^^^^^^^^^^^^^^^
  File "/app/backend/server.py", line 107, in log_requests
    response = await call_next(request)
               ^^^^^^^^^^^^^^^^^^^^^^^^
  File "/root/.venv/lib/python3.11/site-packages/starlette/middleware/base.py", line 165, in call_next
    raise app_exc
  File "/root/.venv/lib/python3.11/site-packages/starlette/middleware/base.py", line 151, in coro
    await self.app(scope, receive_or_disconnect, send_no_error)
  File "/root/.venv/lib/python3.11/site-packages/starlette/middleware/exceptions.py", line 65, in __call__
    await wrap_app_handling_exceptions(self.app, conn)(scope, receive, send)
  File "/root/.venv/lib/python3.11/site-packages/starlette/_exception_handler.py", line 64, in wrapped_app
    raise exc
  File "/root/.venv/lib/python3.11/site-packages/starlette/_exception_handler.py", line 53, in wrapped_app
    await app(scope, receive, sender)
  File "/root/.venv/lib/python3.11/site-packages/starlette/routing.py", line 756, in __call__
    await self.middleware_stack(scope, receive, send)
  File "/root/.venv/lib/python3.11/site-packages/starlette/routing.py", line 776, in app
    await route.handle(scope, receive, send)
  File "/root/.venv/lib/python3.11/site-packages/starlette/routing.py", line 297, in handle
    await self.app(scope, receive, send)
  File "/root/.venv/lib/python3.11/site-packages/starlette/routing.py", line 77, in app
    await wrap_app_handling_exceptions(app, request)(scope, receive, send)
  File "/root/.venv/lib/python3.11/site-packages/starlette/_exception_handler.py", line 64, in wrapped_app
    raise exc
  File "/root/.venv/lib/python3.11/site-packages/starlette/_exception_handler.py", line 53, in wrapped_app
    await app(scope, receive, sender)
  File "/root/.venv/lib/python3.11/site-packages/starlette/routing.py", line 72, in app
    response = await func(request)
               ^^^^^^^^^^^^^^^^^^^
  File "/root/.venv/lib/python3.11/site-packages/fastapi/routing.py", line 278, in app
    raw_response = await run_endpoint_function(
                   ^^^^^^^^^^^^^^^^^^^^^^^^^^^^
  File "/root/.venv/lib/python3.11/site-packages/fastapi/routing.py", line 191, in run_endpoint_function
    return await dependant.call(**values)
           ^^^^^^^^^^^^^^^^^^^^^^^^^^^^^^
  File "/app/backend/routes/kids_premium.py", line 579, in parent_insights
    donations_total = sum(
                      ^^^^
TypeError: 'async_generator' object is not iterable

2026-04-26 17:26:47,834 [ERROR] bidblitz: Unhandled error: GET /api/kids-premium/insights/child_888c787e77d9 | 'async_generator' object is not iterable
  + Exception Group Traceback (most recent call last):
  |   File "/root/.venv/lib/python3.11/site-packages/starlette/_utils.py", line 87, in collapse_excgroups
  |     yield
  |   File "/root/.venv/lib/python3.11/site-packages/starlette/middleware/base.py", line 190, in __call__
  |     async with anyio.create_task_group() as task_group:
  |   File "/root/.venv/lib/python3.11/site-packages/anyio/_backends/_asyncio.py", line 799, in __aexit__
  |     raise BaseExceptionGroup(
  | ExceptionGroup: unhandled errors in a TaskGroup (1 sub-exception)
  +-+---------------- 1 ----------------
    | Traceback (most recent call last):
    |   File "/root/.venv/lib/python3.11/site-packages/starlette/middleware/errors.py", line 164, in __call__
    |     await self.app(scope, receive, _send)
    |   File "/root/.venv/lib/python3.11/site-packages/starlette/middleware/cors.py", line 85, in __call__
    |     await self.app(scope, receive, send)
    |   File "/root/.venv/lib/python3.11/site-packages/starlette/middleware/base.py", line 189, in __call__
    |     with collapse_excgroups():
    |   File "/usr/local/lib/python3.11/contextlib.py", line 158, in __exit__
    |     self.gen.throw(typ, value, traceback)
    |   File "/root/.venv/lib/python3.11/site-packages/starlette/_utils.py", line 93, in collapse_excgroups
    |     raise exc
    |   File "/root/.venv/lib/python3.11/site-packages/starlette/middleware/base.py", line 191, in __call__
    |     response = await self.dispatch_func(request, call_next)
    |                ^^^^^^^^^^^^^^^^^^^^^^^^^^^^^^^^^^^^^^^^^^^^
    |   File "/app/backend/server.py", line 107, in log_requests
    |     response = await call_next(request)
    |                ^^^^^^^^^^^^^^^^^^^^^^^^
    |   File "/root/.venv/lib/python3.11/site-packages/starlette/middleware/base.py", line 165, in call_next
    |     raise app_exc
    |   File "/root/.venv/lib/python3.11/site-packages/starlette/middleware/base.py", line 151, in coro
    |     await self.app(scope, receive_or_disconnect, send_no_error)
    |   File "/root/.venv/lib/python3.11/site-packages/starlette/middleware/exceptions.py", line 65, in __call__
    |     await wrap_app_handling_exceptions(self.app, conn)(scope, receive, send)
    |   File "/root/.venv/lib/python3.11/site-packages/starlette/_exception_handler.py", line 64, in wrapped_app
    |     raise exc
    |   File "/root/.venv/lib/python3.11/site-packages/starlette/_exception_handler.py", line 53, in wrapped_app
    |     await app(scope, receive, sender)
    |   File "/root/.venv/lib/python3.11/site-packages/starlette/routing.py", line 756, in __call__
    |     await self.middleware_stack(scope, receive, send)
    |   File "/root/.venv/lib/python3.11/site-packages/starlette/routing.py", line 776, in app
    |     await route.handle(scope, receive, send)
    |   File "/root/.venv/lib/python3.11/site-packages/starlette/routing.py", line 297, in handle
    |     await self.app(scope, receive, send)
    |   File "/root/.venv/lib/python3.11/site-packages/starlette/routing.py", line 77, in app
    |     await wrap_app_handling_exceptions(app, request)(scope, receive, send)
    |   File "/root/.venv/lib/python3.11/site-packages/starlette/_exception_handler.py", line 64, in wrapped_app
    |     raise exc
    |   File "/root/.venv/lib/python3.11/site-packages/starlette/_exception_handler.py", line 53, in wrapped_app
    |     await app(scope, receive, sender)
    |   File "/root/.venv/lib/python3.11/site-packages/starlette/routing.py", line 72, in app
    |     response = await func(request)
    |                ^^^^^^^^^^^^^^^^^^^
    |   File "/root/.venv/lib/python3.11/site-packages/fastapi/routing.py", line 278, in app
    |     raw_response = await run_endpoint_function(
    |                    ^^^^^^^^^^^^^^^^^^^^^^^^^^^^
    |   File "/root/.venv/lib/python3.11/site-packages/fastapi/routing.py", line 191, in run_endpoint_function
    |     return await dependant.call(**values)
    |            ^^^^^^^^^^^^^^^^^^^^^^^^^^^^^^
    |   File "/app/backend/routes/kids_premium.py", line 579, in parent_insights
    |     donations_total = sum(
    |                       ^^^^
    | TypeError: 'async_generator' object is not iterable
    +------------------------------------

During handling of the above exception, another exception occurred:

Traceback (most recent call last):
  File "/root/.venv/lib/python3.11/site-packages/starlette/middleware/errors.py", line 164, in __call__
    await self.app(scope, receive, _send)
  File "/root/.venv/lib/python3.11/site-packages/starlette/middleware/cors.py", line 85, in __call__
    await self.app(scope, receive, send)
  File "/root/.venv/lib/python3.11/site-packages/starlette/middleware/base.py", line 189, in __call__
    with collapse_excgroups():
  File "/usr/local/lib/python3.11/contextlib.py", line 158, in __exit__
    self.gen.throw(typ, value, traceback)
  File "/root/.venv/lib/python3.11/site-packages/starlette/_utils.py", line 93, in collapse_excgroups
    raise exc
  File "/root/.venv/lib/python3.11/site-packages/starlette/middleware/base.py", line 191, in __call__
    response = await self.dispatch_func(request, call_next)
               ^^^^^^^^^^^^^^^^^^^^^^^^^^^^^^^^^^^^^^^^^^^^
  File "/app/backend/server.py", line 107, in log_requests
    response = await call_next(request)
               ^^^^^^^^^^^^^^^^^^^^^^^^
  File "/root/.venv/lib/python3.11/site-packages/starlette/middleware/base.py", line 165, in call_next
    raise app_exc
  File "/root/.venv/lib/python3.11/site-packages/starlette/middleware/base.py", line 151, in coro
    await self.app(scope, receive_or_disconnect, send_no_error)
  File "/root/.venv/lib/python3.11/site-packages/starlette/middleware/exceptions.py", line 65, in __call__
    await wrap_app_handling_exceptions(self.app, conn)(scope, receive, send)
  File "/root/.venv/lib/python3.11/site-packages/starlette/_exception_handler.py", line 64, in wrapped_app
    raise exc
  File "/root/.venv/lib/python3.11/site-packages/starlette/_exception_handler.py", line 53, in wrapped_app
    await app(scope, receive, sender)
  File "/root/.venv/lib/python3.11/site-packages/starlette/routing.py", line 756, in __call__
    await self.middleware_stack(scope, receive, send)
  File "/root/.venv/lib/python3.11/site-packages/starlette/routing.py", line 776, in app
    await route.handle(scope, receive, send)
  File "/root/.venv/lib/python3.11/site-packages/starlette/routing.py", line 297, in handle
    await self.app(scope, receive, send)
  File "/root/.venv/lib/python3.11/site-packages/starlette/routing.py", line 77, in app
    await wrap_app_handling_exceptions(app, request)(scope, receive, send)
  File "/root/.venv/lib/python3.11/site-packages/starlette/_exception_handler.py", line 64, in wrapped_app
    raise exc
  File "/root/.venv/lib/python3.11/site-packages/starlette/_exception_handler.py", line 53, in wrapped_app
    await app(scope, receive, sender)
  File "/root/.venv/lib/python3.11/site-packages/starlette/routing.py", line 72, in app
    response = await func(request)
               ^^^^^^^^^^^^^^^^^^^
  File "/root/.venv/lib/python3.11/site-packages/fastapi/routing.py", line 278, in app
    raw_response = await run_endpoint_function(
                   ^^^^^^^^^^^^^^^^^^^^^^^^^^^^
  File "/root/.venv/lib/python3.11/site-packages/fastapi/routing.py", line 191, in run_endpoint_function
    return await dependant.call(**values)
           ^^^^^^^^^^^^^^^^^^^^^^^^^^^^^^
  File "/app/backend/routes/kids_premium.py", line 579, in parent_insights
    donations_total = sum(
                      ^^^^
TypeError: 'async_generator' object is not iterable

2026-04-26 20:15:44,634 [ERROR] bidblitz: 5xx: GET /api/osm/places → 502 (389ms)
2026-04-26 20:15:48,746 [ERROR] bidblitz: 5xx: GET /api/osm/places → 502 (363ms)
2026-04-26 20:16:22,452 [ERROR] bidblitz: 5xx: GET /api/osm/places → 502 (9630ms)
2026-04-26 20:18:02,653 [ERROR] bidblitz: 5xx: GET /api/osm/places → 502 (8674ms)
2026-04-26 20:50:24,240 [ERROR] bidblitz: Unhandled error: GET /api/pos/receipts/RCP-3E0E755AE8/pdf | Character "—" at index 13 in text is outside the range of characters supported by the font used: "helvetica". Please consider using a Unicode font.
Traceback (most recent call last):
  File "/root/.venv/lib/python3.11/site-packages/fpdf/fpdf.py", line 5681, in normalize_text
    return text.encode(self.core_fonts_encoding).decode("latin-1")
           ^^^^^^^^^^^^^^^^^^^^^^^^^^^^^^^^^^^^^
UnicodeEncodeError: 'latin-1' codec can't encode character '\u2014' in position 13: ordinal not in range(256)

The above exception was the direct cause of the following exception:

Traceback (most recent call last):
  File "/root/.venv/lib/python3.11/site-packages/starlette/middleware/errors.py", line 164, in __call__
    await self.app(scope, receive, _send)
  File "/root/.venv/lib/python3.11/site-packages/starlette/middleware/cors.py", line 85, in __call__
    await self.app(scope, receive, send)
  File "/root/.venv/lib/python3.11/site-packages/starlette/middleware/base.py", line 189, in __call__
    with collapse_excgroups():
  File "/usr/local/lib/python3.11/contextlib.py", line 158, in __exit__
    self.gen.throw(typ, value, traceback)
  File "/root/.venv/lib/python3.11/site-packages/starlette/_utils.py", line 93, in collapse_excgroups
    raise exc
  File "/root/.venv/lib/python3.11/site-packages/starlette/middleware/base.py", line 191, in __call__
    response = await self.dispatch_func(request, call_next)
               ^^^^^^^^^^^^^^^^^^^^^^^^^^^^^^^^^^^^^^^^^^^^
  File "/app/backend/server.py", line 107, in log_requests
    response = await call_next(request)
               ^^^^^^^^^^^^^^^^^^^^^^^^
  File "/root/.venv/lib/python3.11/site-packages/starlette/middleware/base.py", line 165, in call_next
    raise app_exc
  File "/root/.venv/lib/python3.11/site-packages/starlette/middleware/base.py", line 151, in coro
    await self.app(scope, receive_or_disconnect, send_no_error)
  File "/root/.venv/lib/python3.11/site-packages/starlette/middleware/exceptions.py", line 65, in __call__
    await wrap_app_handling_exceptions(self.app, conn)(scope, receive, send)
  File "/root/.venv/lib/python3.11/site-packages/starlette/_exception_handler.py", line 64, in wrapped_app
    raise exc
  File "/root/.venv/lib/python3.11/site-packages/starlette/_exception_handler.py", line 53, in wrapped_app
    await app(scope, receive, sender)
  File "/root/.venv/lib/python3.11/site-packages/starlette/routing.py", line 756, in __call__
    await self.middleware_stack(scope, receive, send)
  File "/root/.venv/lib/python3.11/site-packages/starlette/routing.py", line 776, in app
    await route.handle(scope, receive, send)
  File "/root/.venv/lib/python3.11/site-packages/starlette/routing.py", line 297, in handle
    await self.app(scope, receive, send)
  File "/root/.venv/lib/python3.11/site-packages/starlette/routing.py", line 77, in app
    await wrap_app_handling_exceptions(app, request)(scope, receive, send)
  File "/root/.venv/lib/python3.11/site-packages/starlette/_exception_handler.py", line 64, in wrapped_app
    raise exc
  File "/root/.venv/lib/python3.11/site-packages/starlette/_exception_handler.py", line 53, in wrapped_app
    await app(scope, receive, sender)
  File "/root/.venv/lib/python3.11/site-packages/starlette/routing.py", line 72, in app
    response = await func(request)
               ^^^^^^^^^^^^^^^^^^^
  File "/root/.venv/lib/python3.11/site-packages/fastapi/routing.py", line 278, in app
    raw_response = await run_endpoint_function(
                   ^^^^^^^^^^^^^^^^^^^^^^^^^^^^
  File "/root/.venv/lib/python3.11/site-packages/fastapi/routing.py", line 191, in run_endpoint_function
    return await dependant.call(**values)
           ^^^^^^^^^^^^^^^^^^^^^^^^^^^^^^
  File "/app/backend/routes/pos_system.py", line 1131, in get_receipt_pdf
    pdf.cell(0, 4, f"{store.get('name','')} — {store.get('city','')}", ln=1, align="C")
  File "/root/.venv/lib/python3.11/site-packages/fpdf/fpdf.py", line 281, in wrapper
    return fn(*args, **kwargs)
           ^^^^^^^^^^^^^^^^^^^
  File "/root/.venv/lib/python3.11/site-packages/fpdf/deprecation.py", line 36, in wrapper
    return fn(*args, **kwargs)
           ^^^^^^^^^^^^^^^^^^^
  File "/root/.venv/lib/python3.11/site-packages/fpdf/fpdf.py", line 3910, in cell
    text = self.normalize_text(text)
           ^^^^^^^^^^^^^^^^^^^^^^^^^
  File "/root/.venv/lib/python3.11/site-packages/fpdf/fpdf.py", line 5683, in normalize_text
    raise FPDFUnicodeEncodingException(
fpdf.errors.FPDFUnicodeEncodingException: Character "—" at index 13 in text is outside the range of characters supported by the font used: "helvetica". Please consider using a Unicode font.

2026-04-27 20:32:07,045 [ERROR] bidblitz.pos.adv: OCR failed
Traceback (most recent call last):
  File "/root/.venv/lib/python3.11/site-packages/litellm/llms/openai/openai.py", line 745, in completion
    raise e
  File "/root/.venv/lib/python3.11/site-packages/litellm/llms/openai/openai.py", line 673, in completion
    ) = self.make_sync_openai_chat_completion_request(
        ^^^^^^^^^^^^^^^^^^^^^^^^^^^^^^^^^^^^^^^^^^^^^^
  File "/root/.venv/lib/python3.11/site-packages/litellm/litellm_core_utils/logging_utils.py", line 237, in sync_wrapper
    result = func(*args, **kwargs)
             ^^^^^^^^^^^^^^^^^^^^^
  File "/root/.venv/lib/python3.11/site-packages/litellm/llms/openai/openai.py", line 489, in make_sync_openai_chat_completion_request
    raise e
  File "/root/.venv/lib/python3.11/site-packages/litellm/llms/openai/openai.py", line 471, in make_sync_openai_chat_completion_request
    raw_response = openai_client.chat.completions.with_raw_response.create(
                   ^^^^^^^^^^^^^^^^^^^^^^^^^^^^^^^^^^^^^^^^^^^^^^^^^^^^^^^^
  File "/root/.venv/lib/python3.11/site-packages/openai/_legacy_response.py", line 364, in wrapped
    return cast(LegacyAPIResponse[R], func(*args, **kwargs))
                                      ^^^^^^^^^^^^^^^^^^^^^
  File "/root/.venv/lib/python3.11/site-packages/openai/_utils/_utils.py", line 287, in wrapper
    return func(*args, **kwargs)
           ^^^^^^^^^^^^^^^^^^^^^
  File "/root/.venv/lib/python3.11/site-packages/openai/resources/chat/completions/completions.py", line 1150, in create
    return self._post(
           ^^^^^^^^^^^
  File "/root/.venv/lib/python3.11/site-packages/openai/_base_client.py", line 1259, in post
    return cast(ResponseT, self.request(cast_to, opts, stream=stream, stream_cls=stream_cls))
                           ^^^^^^^^^^^^^^^^^^^^^^^^^^^^^^^^^^^^^^^^^^^^^^^^^^^^^^^^^^^^^^^^^
  File "/root/.venv/lib/python3.11/site-packages/openai/_base_client.py", line 1047, in request
    raise self._make_status_error_from_response(err.response) from None
openai.BadRequestError: Error code: 400 - {'error': {'message': 'litellm.BadRequestError: GeminiException BadRequestError - {\n  "error": {\n    "code": 400,\n    "message": "Unable to process input image. Please retry or report in https://developers.generativeai.google/guide/troubleshooting",\n    "status": "INVALID_ARGUMENT"\n  }\n}\n. Received Model Group=gemini/gemini-2.5-pro\nAvailable Model Group Fallbacks=None', 'type': None, 'param': None, 'code': '400'}}

During handling of the above exception, another exception occurred:

Traceback (most recent call last):
  File "/root/.venv/lib/python3.11/site-packages/litellm/main.py", line 2158, in completion
    raise e
  File "/root/.venv/lib/python3.11/site-packages/litellm/main.py", line 2130, in completion
    response = openai_chat_completions.completion(
               ^^^^^^^^^^^^^^^^^^^^^^^^^^^^^^^^^^^
  File "/root/.venv/lib/python3.11/site-packages/litellm/llms/openai/openai.py", line 756, in completion
    raise OpenAIError(
litellm.llms.openai.common_utils.OpenAIError: Error code: 400 - {'error': {'message': 'litellm.BadRequestError: GeminiException BadRequestError - {\n  "error": {\n    "code": 400,\n    "message": "Unable to process input image. Please retry or report in https://developers.generativeai.google/guide/troubleshooting",\n    "status": "INVALID_ARGUMENT"\n  }\n}\n. Received Model Group=gemini/gemini-2.5-pro\nAvailable Model Group Fallbacks=None', 'type': None, 'param': None, 'code': '400'}}

During handling of the above exception, another exception occurred:

Traceback (most recent call last):
  File "/root/.venv/lib/python3.11/site-packages/emergentintegrations/llm/chat.py", line 129, in send_message
    response = await self._execute_completion(messages)
               ^^^^^^^^^^^^^^^^^^^^^^^^^^^^^^^^^^^^^^^^
  File "/root/.venv/lib/python3.11/site-packages/emergentintegrations/llm/chat.py", line 123, in _execute_completion
    return litellm.completion(**params)
           ^^^^^^^^^^^^^^^^^^^^^^^^^^^^
  File "/root/.venv/lib/python3.11/site-packages/litellm/utils.py", line 1381, in wrapper
    raise e
  File "/root/.venv/lib/python3.11/site-packages/litellm/utils.py", line 1250, in wrapper
    result = original_function(*args, **kwargs)
             ^^^^^^^^^^^^^^^^^^^^^^^^^^^^^^^^^^
  File "/root/.venv/lib/python3.11/site-packages/litellm/main.py", line 3772, in completion
    raise exception_type(
          ^^^^^^^^^^^^^^^
  File "/root/.venv/lib/python3.11/site-packages/litellm/litellm_core_utils/exception_mapping_utils.py", line 2328, in exception_type
    raise e
  File "/root/.venv/lib/python3.11/site-packages/litellm/litellm_core_utils/exception_mapping_utils.py", line 473, in exception_type
    raise BadRequestError(
litellm.exceptions.BadRequestError: litellm.BadRequestError: OpenAIException - litellm.BadRequestError: GeminiException BadRequestError - {
  "error": {
    "code": 400,
    "message": "Unable to process input image. Please retry or report in https://developers.generativeai.google/guide/troubleshooting",
    "status": "INVALID_ARGUMENT"
  }
}
. Received Model Group=gemini/gemini-2.5-pro
Available Model Group Fallbacks=None

During handling of the above exception, another exception occurred:

Traceback (most recent call last):
  File "/app/backend/routes/pos_advanced.py", line 59, in ocr_delivery_note
    result = await chat.send_message(msg)
             ^^^^^^^^^^^^^^^^^^^^^^^^^^^^
  File "/root/.venv/lib/python3.11/site-packages/emergentintegrations/llm/chat.py", line 134, in send_message
    raise ChatError(f"Failed to generate chat completion: {str(e)}")
emergentintegrations.llm.chat.ChatError: Failed to generate chat completion: litellm.BadRequestError: OpenAIException - litellm.BadRequestError: GeminiException BadRequestError - {
  "error": {
    "code": 400,
    "message": "Unable to process input image. Please retry or report in https://developers.generativeai.google/guide/troubleshooting",
    "status": "INVALID_ARGUMENT"
  }
}
. Received Model Group=gemini/gemini-2.5-pro
Available Model Group Fallbacks=None
2026-04-27 20:32:07,053 [ERROR] bidblitz: 5xx: POST /api/pos/ocr/delivery-note → 500 (5348ms)
2026-04-27 20:32:12,347 [ERROR] bidblitz.pos.adv: Whisper failed
Traceback (most recent call last):
  File "/root/.venv/lib/python3.11/site-packages/litellm/main.py", line 5435, in atranscription
    response = await init_response  # type: ignore
               ^^^^^^^^^^^^^^^^^^^
  File "/root/.venv/lib/python3.11/site-packages/litellm/llms/openai/transcriptions/handler.py", line 225, in async_audio_transcriptions
    raise e
  File "/root/.venv/lib/python3.11/site-packages/litellm/llms/openai/transcriptions/handler.py", line 194, in async_audio_transcriptions
    headers, response = await self.make_openai_audio_transcriptions_request(
                        ^^^^^^^^^^^^^^^^^^^^^^^^^^^^^^^^^^^^^^^^^^^^^^^^^^^^
  File "/root/.venv/lib/python3.11/site-packages/litellm/llms/openai/transcriptions/handler.py", line 48, in make_openai_audio_transcriptions_request
    raise e
  File "/root/.venv/lib/python3.11/site-packages/litellm/llms/openai/transcriptions/handler.py", line 39, in make_openai_audio_transcriptions_request
    await openai_aclient.audio.transcriptions.with_raw_response.create(
  File "/root/.venv/lib/python3.11/site-packages/openai/_legacy_response.py", line 381, in wrapped
    return cast(LegacyAPIResponse[R], await func(*args, **kwargs))
                                      ^^^^^^^^^^^^^^^^^^^^^^^^^^^
  File "/root/.venv/lib/python3.11/site-packages/openai/resources/audio/transcriptions.py", line 712, in create
    return await self._post(
           ^^^^^^^^^^^^^^^^^
  File "/root/.venv/lib/python3.11/site-packages/openai/_base_client.py", line 1794, in post
    return await self.request(cast_to, opts, stream=stream, stream_cls=stream_cls)
           ^^^^^^^^^^^^^^^^^^^^^^^^^^^^^^^^^^^^^^^^^^^^^^^^^^^^^^^^^^^^^^^^^^^^^^^
  File "/root/.venv/lib/python3.11/site-packages/openai/_base_client.py", line 1594, in request
    raise self._make_status_error_from_response(err.response) from None
openai.BadRequestError: Error code: 400 - {'error': {'message': "litellm.BadRequestError: OpenAIException - Invalid file format. Supported formats: ['flac', 'm4a', 'mp3', 'mp4', 'mpeg', 'mpga', 'oga', 'ogg', 'wav', 'webm']. Received Model Group=whisper-1\nAvailable Model Group Fallbacks=None", 'type': 'invalid_request_error', 'param': None, 'code': '400'}}

During handling of the above exception, another exception occurred:

Traceback (most recent call last):
  File "/root/.venv/lib/python3.11/site-packages/emergentintegrations/llm/openai/speech_to_text.py", line 185, in transcribe
    response = await atranscription(**params)
               ^^^^^^^^^^^^^^^^^^^^^^^^^^^^^^
  File "/root/.venv/lib/python3.11/site-packages/litellm/utils.py", line 1642, in wrapper_async
    raise e
  File "/root/.venv/lib/python3.11/site-packages/litellm/utils.py", line 1488, in wrapper_async
    result = await original_function(*args, **kwargs)
             ^^^^^^^^^^^^^^^^^^^^^^^^^^^^^^^^^^^^^^^^
  File "/root/.venv/lib/python3.11/site-packages/litellm/main.py", line 5460, in atranscription
    raise exception_type(
          ^^^^^^^^^^^^^^^
  File "/root/.venv/lib/python3.11/site-packages/litellm/litellm_core_utils/exception_mapping_utils.py", line 2328, in exception_type
    raise e
  File "/root/.venv/lib/python3.11/site-packages/litellm/litellm_core_utils/exception_mapping_utils.py", line 417, in exception_type
    raise BadRequestError(
litellm.exceptions.BadRequestError: litellm.BadRequestError: OpenAIException - litellm.BadRequestError: OpenAIException - Invalid file format. Supported formats: ['flac', 'm4a', 'mp3', 'mp4', 'mpeg', 'mpga', 'oga', 'ogg', 'wav', 'webm']. Received Model Group=whisper-1
Available Model Group Fallbacks=None

During handling of the above exception, another exception occurred:

Traceback (most recent call last):
  File "/app/backend/routes/pos_advanced.py", line 98, in transcribe_voice
    result = await stt.transcribe(file=buf, model="whisper-1", language="de", response_format="json")
             ^^^^^^^^^^^^^^^^^^^^^^^^^^^^^^^^^^^^^^^^^^^^^^^^^^^^^^^^^^^^^^^^^^^^^^^^^^^^^^^^^^^^^^^^
  File "/root/.venv/lib/python3.11/site-packages/emergentintegrations/llm/openai/speech_to_text.py", line 192, in transcribe
    raise Exception(f"Failed to transcribe audio: {str(e)}")
Exception: Failed to transcribe audio: litellm.BadRequestError: OpenAIException - litellm.BadRequestError: OpenAIException - Invalid file format. Supported formats: ['flac', 'm4a', 'mp3', 'mp4', 'mpeg', 'mpga', 'oga', 'ogg', 'wav', 'webm']. Received Model Group=whisper-1
Available Model Group Fallbacks=None
2026-04-27 20:32:12,350 [ERROR] bidblitz: 5xx: POST /api/pos/voice/transcribe → 500 (5243ms)
2026-04-27 20:33:11,523 [ERROR] bidblitz.pos.adv: OCR failed
Traceback (most recent call last):
  File "/root/.venv/lib/python3.11/site-packages/litellm/llms/openai/openai.py", line 745, in completion
    raise e
  File "/root/.venv/lib/python3.11/site-packages/litellm/llms/openai/openai.py", line 673, in completion
    ) = self.make_sync_openai_chat_completion_request(
        ^^^^^^^^^^^^^^^^^^^^^^^^^^^^^^^^^^^^^^^^^^^^^^
  File "/root/.venv/lib/python3.11/site-packages/litellm/litellm_core_utils/logging_utils.py", line 237, in sync_wrapper
    result = func(*args, **kwargs)
             ^^^^^^^^^^^^^^^^^^^^^
  File "/root/.venv/lib/python3.11/site-packages/litellm/llms/openai/openai.py", line 489, in make_sync_openai_chat_completion_request
    raise e
  File "/root/.venv/lib/python3.11/site-packages/litellm/llms/openai/openai.py", line 471, in make_sync_openai_chat_completion_request
    raw_response = openai_client.chat.completions.with_raw_response.create(
                   ^^^^^^^^^^^^^^^^^^^^^^^^^^^^^^^^^^^^^^^^^^^^^^^^^^^^^^^^
  File "/root/.venv/lib/python3.11/site-packages/openai/_legacy_response.py", line 364, in wrapped
    return cast(LegacyAPIResponse[R], func(*args, **kwargs))
                                      ^^^^^^^^^^^^^^^^^^^^^
  File "/root/.venv/lib/python3.11/site-packages/openai/_utils/_utils.py", line 287, in wrapper
    return func(*args, **kwargs)
           ^^^^^^^^^^^^^^^^^^^^^
  File "/root/.venv/lib/python3.11/site-packages/openai/resources/chat/completions/completions.py", line 1150, in create
    return self._post(
           ^^^^^^^^^^^
  File "/root/.venv/lib/python3.11/site-packages/openai/_base_client.py", line 1259, in post
    return cast(ResponseT, self.request(cast_to, opts, stream=stream, stream_cls=stream_cls))
                           ^^^^^^^^^^^^^^^^^^^^^^^^^^^^^^^^^^^^^^^^^^^^^^^^^^^^^^^^^^^^^^^^^
  File "/root/.venv/lib/python3.11/site-packages/openai/_base_client.py", line 1047, in request
    raise self._make_status_error_from_response(err.response) from None
openai.BadRequestError: Error code: 400 - {'error': {'message': 'litellm.BadRequestError: GeminiException BadRequestError - {\n  "error": {\n    "code": 400,\n    "message": "Unable to process input image. Please retry or report in https://developers.generativeai.google/guide/troubleshooting",\n    "status": "INVALID_ARGUMENT"\n  }\n}\n. Received Model Group=gemini/gemini-2.5-pro\nAvailable Model Group Fallbacks=None', 'type': None, 'param': None, 'code': '400'}}

During handling of the above exception, another exception occurred:

Traceback (most recent call last):
  File "/root/.venv/lib/python3.11/site-packages/litellm/main.py", line 2158, in completion
    raise e
  File "/root/.venv/lib/python3.11/site-packages/litellm/main.py", line 2130, in completion
    response = openai_chat_completions.completion(
               ^^^^^^^^^^^^^^^^^^^^^^^^^^^^^^^^^^^
  File "/root/.venv/lib/python3.11/site-packages/litellm/llms/openai/openai.py", line 756, in completion
    raise OpenAIError(
litellm.llms.openai.common_utils.OpenAIError: Error code: 400 - {'error': {'message': 'litellm.BadRequestError: GeminiException BadRequestError - {\n  "error": {\n    "code": 400,\n    "message": "Unable to process input image. Please retry or report in https://developers.generativeai.google/guide/troubleshooting",\n    "status": "INVALID_ARGUMENT"\n  }\n}\n. Received Model Group=gemini/gemini-2.5-pro\nAvailable Model Group Fallbacks=None', 'type': None, 'param': None, 'code': '400'}}

During handling of the above exception, another exception occurred:

Traceback (most recent call last):
  File "/root/.venv/lib/python3.11/site-packages/emergentintegrations/llm/chat.py", line 129, in send_message
    response = await self._execute_completion(messages)
               ^^^^^^^^^^^^^^^^^^^^^^^^^^^^^^^^^^^^^^^^
  File "/root/.venv/lib/python3.11/site-packages/emergentintegrations/llm/chat.py", line 123, in _execute_completion
    return litellm.completion(**params)
           ^^^^^^^^^^^^^^^^^^^^^^^^^^^^
  File "/root/.venv/lib/python3.11/site-packages/litellm/utils.py", line 1381, in wrapper
    raise e
  File "/root/.venv/lib/python3.11/site-packages/litellm/utils.py", line 1250, in wrapper
    result = original_function(*args, **kwargs)
             ^^^^^^^^^^^^^^^^^^^^^^^^^^^^^^^^^^
  File "/root/.venv/lib/python3.11/site-packages/litellm/main.py", line 3772, in completion
    raise exception_type(
          ^^^^^^^^^^^^^^^
  File "/root/.venv/lib/python3.11/site-packages/litellm/litellm_core_utils/exception_mapping_utils.py", line 2328, in exception_type
    raise e
  File "/root/.venv/lib/python3.11/site-packages/litellm/litellm_core_utils/exception_mapping_utils.py", line 473, in exception_type
    raise BadRequestError(
litellm.exceptions.BadRequestError: litellm.BadRequestError: OpenAIException - litellm.BadRequestError: GeminiException BadRequestError - {
  "error": {
    "code": 400,
    "message": "Unable to process input image. Please retry or report in https://developers.generativeai.google/guide/troubleshooting",
    "status": "INVALID_ARGUMENT"
  }
}
. Received Model Group=gemini/gemini-2.5-pro
Available Model Group Fallbacks=None

During handling of the above exception, another exception occurred:

Traceback (most recent call last):
  File "/app/backend/routes/pos_advanced.py", line 59, in ocr_delivery_note
    result = await chat.send_message(msg)
             ^^^^^^^^^^^^^^^^^^^^^^^^^^^^
  File "/root/.venv/lib/python3.11/site-packages/emergentintegrations/llm/chat.py", line 134, in send_message
    raise ChatError(f"Failed to generate chat completion: {str(e)}")
emergentintegrations.llm.chat.ChatError: Failed to generate chat completion: litellm.BadRequestError: OpenAIException - litellm.BadRequestError: GeminiException BadRequestError - {
  "error": {
    "code": 400,
    "message": "Unable to process input image. Please retry or report in https://developers.generativeai.google/guide/troubleshooting",
    "status": "INVALID_ARGUMENT"
  }
}
. Received Model Group=gemini/gemini-2.5-pro
Available Model Group Fallbacks=None
2026-04-27 20:33:11,528 [ERROR] bidblitz: 5xx: POST /api/pos/ocr/delivery-note → 500 (5133ms)
2026-04-27 20:33:19,799 [ERROR] bidblitz.pos.adv: Whisper failed
Traceback (most recent call last):
  File "/root/.venv/lib/python3.11/site-packages/litellm/main.py", line 5435, in atranscription
    response = await init_response  # type: ignore
               ^^^^^^^^^^^^^^^^^^^
  File "/root/.venv/lib/python3.11/site-packages/litellm/llms/openai/transcriptions/handler.py", line 225, in async_audio_transcriptions
    raise e
  File "/root/.venv/lib/python3.11/site-packages/litellm/llms/openai/transcriptions/handler.py", line 194, in async_audio_transcriptions
    headers, response = await self.make_openai_audio_transcriptions_request(
                        ^^^^^^^^^^^^^^^^^^^^^^^^^^^^^^^^^^^^^^^^^^^^^^^^^^^^
  File "/root/.venv/lib/python3.11/site-packages/litellm/llms/openai/transcriptions/handler.py", line 48, in make_openai_audio_transcriptions_request
    raise e
  File "/root/.venv/lib/python3.11/site-packages/litellm/llms/openai/transcriptions/handler.py", line 39, in make_openai_audio_transcriptions_request
    await openai_aclient.audio.transcriptions.with_raw_response.create(
  File "/root/.venv/lib/python3.11/site-packages/openai/_legacy_response.py", line 381, in wrapped
    return cast(LegacyAPIResponse[R], await func(*args, **kwargs))
                                      ^^^^^^^^^^^^^^^^^^^^^^^^^^^
  File "/root/.venv/lib/python3.11/site-packages/openai/resources/audio/transcriptions.py", line 712, in create
    return await self._post(
           ^^^^^^^^^^^^^^^^^
  File "/root/.venv/lib/python3.11/site-packages/openai/_base_client.py", line 1794, in post
    return await self.request(cast_to, opts, stream=stream, stream_cls=stream_cls)
           ^^^^^^^^^^^^^^^^^^^^^^^^^^^^^^^^^^^^^^^^^^^^^^^^^^^^^^^^^^^^^^^^^^^^^^^
  File "/root/.venv/lib/python3.11/site-packages/openai/_base_client.py", line 1594, in request
    raise self._make_status_error_from_response(err.response) from None
openai.BadRequestError: Error code: 400 - {'error': {'message': "litellm.BadRequestError: OpenAIException - Invalid file format. Supported formats: ['flac', 'm4a', 'mp3', 'mp4', 'mpeg', 'mpga', 'oga', 'ogg', 'wav', 'webm']. Received Model Group=whisper-1\nAvailable Model Group Fallbacks=None", 'type': 'invalid_request_error', 'param': None, 'code': '400'}}

During handling of the above exception, another exception occurred:

Traceback (most recent call last):
  File "/root/.venv/lib/python3.11/site-packages/emergentintegrations/llm/openai/speech_to_text.py", line 185, in transcribe
    response = await atranscription(**params)
               ^^^^^^^^^^^^^^^^^^^^^^^^^^^^^^
  File "/root/.venv/lib/python3.11/site-packages/litellm/utils.py", line 1642, in wrapper_async
    raise e
  File "/root/.venv/lib/python3.11/site-packages/litellm/utils.py", line 1488, in wrapper_async
    result = await original_function(*args, **kwargs)
             ^^^^^^^^^^^^^^^^^^^^^^^^^^^^^^^^^^^^^^^^
  File "/root/.venv/lib/python3.11/site-packages/litellm/main.py", line 5460, in atranscription
    raise exception_type(
          ^^^^^^^^^^^^^^^
  File "/root/.venv/lib/python3.11/site-packages/litellm/litellm_core_utils/exception_mapping_utils.py", line 2328, in exception_type
    raise e
  File "/root/.venv/lib/python3.11/site-packages/litellm/litellm_core_utils/exception_mapping_utils.py", line 417, in exception_type
    raise BadRequestError(
litellm.exceptions.BadRequestError: litellm.BadRequestError: OpenAIException - litellm.BadRequestError: OpenAIException - Invalid file format. Supported formats: ['flac', 'm4a', 'mp3', 'mp4', 'mpeg', 'mpga', 'oga', 'ogg', 'wav', 'webm']. Received Model Group=whisper-1
Available Model Group Fallbacks=None

During handling of the above exception, another exception occurred:

Traceback (most recent call last):
  File "/app/backend/routes/pos_advanced.py", line 98, in transcribe_voice
    result = await stt.transcribe(file=buf, model="whisper-1", language="de", response_format="json")
             ^^^^^^^^^^^^^^^^^^^^^^^^^^^^^^^^^^^^^^^^^^^^^^^^^^^^^^^^^^^^^^^^^^^^^^^^^^^^^^^^^^^^^^^^
  File "/root/.venv/lib/python3.11/site-packages/emergentintegrations/llm/openai/speech_to_text.py", line 192, in transcribe
    raise Exception(f"Failed to transcribe audio: {str(e)}")
Exception: Failed to transcribe audio: litellm.BadRequestError: OpenAIException - litellm.BadRequestError: OpenAIException - Invalid file format. Supported formats: ['flac', 'm4a', 'mp3', 'mp4', 'mpeg', 'mpga', 'oga', 'ogg', 'wav', 'webm']. Received Model Group=whisper-1
Available Model Group Fallbacks=None
2026-04-27 20:33:19,802 [ERROR] bidblitz: 5xx: POST /api/pos/voice/transcribe → 500 (8201ms)
2026-04-27 20:50:11,470 [ERROR] bidblitz: Unhandled error: POST /api/pos/demo/seed | _audit() takes from 2 to 3 positional arguments but 5 were given
  + Exception Group Traceback (most recent call last):
  |   File "/root/.venv/lib/python3.11/site-packages/starlette/_utils.py", line 87, in collapse_excgroups
  |     yield
  |   File "/root/.venv/lib/python3.11/site-packages/starlette/middleware/base.py", line 190, in __call__
  |     async with anyio.create_task_group() as task_group:
  |   File "/root/.venv/lib/python3.11/site-packages/anyio/_backends/_asyncio.py", line 799, in __aexit__
  |     raise BaseExceptionGroup(
  | ExceptionGroup: unhandled errors in a TaskGroup (1 sub-exception)
  +-+---------------- 1 ----------------
    | Traceback (most recent call last):
    |   File "/root/.venv/lib/python3.11/site-packages/starlette/middleware/errors.py", line 164, in __call__
    |     await self.app(scope, receive, _send)
    |   File "/root/.venv/lib/python3.11/site-packages/starlette/middleware/cors.py", line 85, in __call__
    |     await self.app(scope, receive, send)
    |   File "/root/.venv/lib/python3.11/site-packages/starlette/middleware/base.py", line 189, in __call__
    |     with collapse_excgroups():
    |   File "/usr/local/lib/python3.11/contextlib.py", line 158, in __exit__
    |     self.gen.throw(typ, value, traceback)
    |   File "/root/.venv/lib/python3.11/site-packages/starlette/_utils.py", line 93, in collapse_excgroups
    |     raise exc
    |   File "/root/.venv/lib/python3.11/site-packages/starlette/middleware/base.py", line 191, in __call__
    |     response = await self.dispatch_func(request, call_next)
    |                ^^^^^^^^^^^^^^^^^^^^^^^^^^^^^^^^^^^^^^^^^^^^
    |   File "/app/backend/server.py", line 107, in log_requests
    |     response = await call_next(request)
    |                ^^^^^^^^^^^^^^^^^^^^^^^^
    |   File "/root/.venv/lib/python3.11/site-packages/starlette/middleware/base.py", line 165, in call_next
    |     raise app_exc
    |   File "/root/.venv/lib/python3.11/site-packages/starlette/middleware/base.py", line 151, in coro
    |     await self.app(scope, receive_or_disconnect, send_no_error)
    |   File "/root/.venv/lib/python3.11/site-packages/starlette/middleware/exceptions.py", line 65, in __call__
    |     await wrap_app_handling_exceptions(self.app, conn)(scope, receive, send)
    |   File "/root/.venv/lib/python3.11/site-packages/starlette/_exception_handler.py", line 64, in wrapped_app
    |     raise exc
    |   File "/root/.venv/lib/python3.11/site-packages/starlette/_exception_handler.py", line 53, in wrapped_app
    |     await app(scope, receive, sender)
    |   File "/root/.venv/lib/python3.11/site-packages/starlette/routing.py", line 756, in __call__
    |     await self.middleware_stack(scope, receive, send)
    |   File "/root/.venv/lib/python3.11/site-packages/starlette/routing.py", line 776, in app
    |     await route.handle(scope, receive, send)
    |   File "/root/.venv/lib/python3.11/site-packages/starlette/routing.py", line 297, in handle
    |     await self.app(scope, receive, send)
    |   File "/root/.venv/lib/python3.11/site-packages/starlette/routing.py", line 77, in app
    |     await wrap_app_handling_exceptions(app, request)(scope, receive, send)
    |   File "/root/.venv/lib/python3.11/site-packages/starlette/_exception_handler.py", line 64, in wrapped_app
    |     raise exc
    |   File "/root/.venv/lib/python3.11/site-packages/starlette/_exception_handler.py", line 53, in wrapped_app
    |     await app(scope, receive, sender)
    |   File "/root/.venv/lib/python3.11/site-packages/starlette/routing.py", line 72, in app
    |     response = await func(request)
    |                ^^^^^^^^^^^^^^^^^^^
    |   File "/root/.venv/lib/python3.11/site-packages/fastapi/routing.py", line 278, in app
    |     raw_response = await run_endpoint_function(
    |                    ^^^^^^^^^^^^^^^^^^^^^^^^^^^^
    |   File "/root/.venv/lib/python3.11/site-packages/fastapi/routing.py", line 191, in run_endpoint_function
    |     return await dependant.call(**values)
    |            ^^^^^^^^^^^^^^^^^^^^^^^^^^^^^^
    |   File "/app/backend/routes/pos_advanced.py", line 859, in seed_demo_data
    |     await _audit(user, "demo_seed", "store", store_id, created)
    |           ^^^^^^^^^^^^^^^^^^^^^^^^^^^^^^^^^^^^^^^^^^^^^^^^^^^^^
    | TypeError: _audit() takes from 2 to 3 positional arguments but 5 were given
    +------------------------------------

During handling of the above exception, another exception occurred:

Traceback (most recent call last):
  File "/root/.venv/lib/python3.11/site-packages/starlette/middleware/errors.py", line 164, in __call__
    await self.app(scope, receive, _send)
  File "/root/.venv/lib/python3.11/site-packages/starlette/middleware/cors.py", line 85, in __call__
    await self.app(scope, receive, send)
  File "/root/.venv/lib/python3.11/site-packages/starlette/middleware/base.py", line 189, in __call__
    with collapse_excgroups():
  File "/usr/local/lib/python3.11/contextlib.py", line 158, in __exit__
    self.gen.throw(typ, value, traceback)
  File "/root/.venv/lib/python3.11/site-packages/starlette/_utils.py", line 93, in collapse_excgroups
    raise exc
  File "/root/.venv/lib/python3.11/site-packages/starlette/middleware/base.py", line 191, in __call__
    response = await self.dispatch_func(request, call_next)
               ^^^^^^^^^^^^^^^^^^^^^^^^^^^^^^^^^^^^^^^^^^^^
  File "/app/backend/server.py", line 107, in log_requests
    response = await call_next(request)
               ^^^^^^^^^^^^^^^^^^^^^^^^
  File "/root/.venv/lib/python3.11/site-packages/starlette/middleware/base.py", line 165, in call_next
    raise app_exc
  File "/root/.venv/lib/python3.11/site-packages/starlette/middleware/base.py", line 151, in coro
    await self.app(scope, receive_or_disconnect, send_no_error)
  File "/root/.venv/lib/python3.11/site-packages/starlette/middleware/exceptions.py", line 65, in __call__
    await wrap_app_handling_exceptions(self.app, conn)(scope, receive, send)
  File "/root/.venv/lib/python3.11/site-packages/starlette/_exception_handler.py", line 64, in wrapped_app
    raise exc
  File "/root/.venv/lib/python3.11/site-packages/starlette/_exception_handler.py", line 53, in wrapped_app
    await app(scope, receive, sender)
  File "/root/.venv/lib/python3.11/site-packages/starlette/routing.py", line 756, in __call__
    await self.middleware_stack(scope, receive, send)
  File "/root/.venv/lib/python3.11/site-packages/starlette/routing.py", line 776, in app
    await route.handle(scope, receive, send)
  File "/root/.venv/lib/python3.11/site-packages/starlette/routing.py", line 297, in handle
    await self.app(scope, receive, send)
  File "/root/.venv/lib/python3.11/site-packages/starlette/routing.py", line 77, in app
    await wrap_app_handling_exceptions(app, request)(scope, receive, send)
  File "/root/.venv/lib/python3.11/site-packages/starlette/_exception_handler.py", line 64, in wrapped_app
    raise exc
  File "/root/.venv/lib/python3.11/site-packages/starlette/_exception_handler.py", line 53, in wrapped_app
    await app(scope, receive, sender)
  File "/root/.venv/lib/python3.11/site-packages/starlette/routing.py", line 72, in app
    response = await func(request)
               ^^^^^^^^^^^^^^^^^^^
  File "/root/.venv/lib/python3.11/site-packages/fastapi/routing.py", line 278, in app
    raw_response = await run_endpoint_function(
                   ^^^^^^^^^^^^^^^^^^^^^^^^^^^^
  File "/root/.venv/lib/python3.11/site-packages/fastapi/routing.py", line 191, in run_endpoint_function
    return await dependant.call(**values)
           ^^^^^^^^^^^^^^^^^^^^^^^^^^^^^^
  File "/app/backend/routes/pos_advanced.py", line 859, in seed_demo_data
    await _audit(user, "demo_seed", "store", store_id, created)
          ^^^^^^^^^^^^^^^^^^^^^^^^^^^^^^^^^^^^^^^^^^^^^^^^^^^^^
TypeError: _audit() takes from 2 to 3 positional arguments but 5 were given

2026-04-29 03:17:48,017 [ERROR] bidblitz: Unhandled error: POST /api/pos/features/checkout/create | Invalid API Key provided: sk_live_***********************************************************************************************3kcO
  + Exception Group Traceback (most recent call last):
  |   File "/root/.venv/lib/python3.11/site-packages/starlette/_utils.py", line 87, in collapse_excgroups
  |     yield
  |   File "/root/.venv/lib/python3.11/site-packages/starlette/middleware/base.py", line 190, in __call__
  |     async with anyio.create_task_group() as task_group:
  |   File "/root/.venv/lib/python3.11/site-packages/anyio/_backends/_asyncio.py", line 799, in __aexit__
  |     raise BaseExceptionGroup(
  | ExceptionGroup: unhandled errors in a TaskGroup (1 sub-exception)
  +-+---------------- 1 ----------------
    | Traceback (most recent call last):
    |   File "/root/.venv/lib/python3.11/site-packages/starlette/middleware/errors.py", line 164, in __call__
    |     await self.app(scope, receive, _send)
    |   File "/root/.venv/lib/python3.11/site-packages/starlette/middleware/cors.py", line 85, in __call__
    |     await self.app(scope, receive, send)
    |   File "/root/.venv/lib/python3.11/site-packages/starlette/middleware/base.py", line 189, in __call__
    |     with collapse_excgroups():
    |   File "/usr/local/lib/python3.11/contextlib.py", line 158, in __exit__
    |     self.gen.throw(typ, value, traceback)
    |   File "/root/.venv/lib/python3.11/site-packages/starlette/_utils.py", line 93, in collapse_excgroups
    |     raise exc
    |   File "/root/.venv/lib/python3.11/site-packages/starlette/middleware/base.py", line 191, in __call__
    |     response = await self.dispatch_func(request, call_next)
    |                ^^^^^^^^^^^^^^^^^^^^^^^^^^^^^^^^^^^^^^^^^^^^
    |   File "/app/backend/server.py", line 107, in log_requests
    |     response = await call_next(request)
    |                ^^^^^^^^^^^^^^^^^^^^^^^^
    |   File "/root/.venv/lib/python3.11/site-packages/starlette/middleware/base.py", line 165, in call_next
    |     raise app_exc
    |   File "/root/.venv/lib/python3.11/site-packages/starlette/middleware/base.py", line 151, in coro
    |     await self.app(scope, receive_or_disconnect, send_no_error)
    |   File "/root/.venv/lib/python3.11/site-packages/starlette/middleware/exceptions.py", line 65, in __call__
    |     await wrap_app_handling_exceptions(self.app, conn)(scope, receive, send)
    |   File "/root/.venv/lib/python3.11/site-packages/starlette/_exception_handler.py", line 64, in wrapped_app
    |     raise exc
    |   File "/root/.venv/lib/python3.11/site-packages/starlette/_exception_handler.py", line 53, in wrapped_app
    |     await app(scope, receive, sender)
    |   File "/root/.venv/lib/python3.11/site-packages/starlette/routing.py", line 756, in __call__
    |     await self.middleware_stack(scope, receive, send)
    |   File "/root/.venv/lib/python3.11/site-packages/starlette/routing.py", line 776, in app
    |     await route.handle(scope, receive, send)
    |   File "/root/.venv/lib/python3.11/site-packages/starlette/routing.py", line 297, in handle
    |     await self.app(scope, receive, send)
    |   File "/root/.venv/lib/python3.11/site-packages/starlette/routing.py", line 77, in app
    |     await wrap_app_handling_exceptions(app, request)(scope, receive, send)
    |   File "/root/.venv/lib/python3.11/site-packages/starlette/_exception_handler.py", line 64, in wrapped_app
    |     raise exc
    |   File "/root/.venv/lib/python3.11/site-packages/starlette/_exception_handler.py", line 53, in wrapped_app
    |     await app(scope, receive, sender)
    |   File "/root/.venv/lib/python3.11/site-packages/starlette/routing.py", line 72, in app
    |     response = await func(request)
    |                ^^^^^^^^^^^^^^^^^^^
    |   File "/root/.venv/lib/python3.11/site-packages/fastapi/routing.py", line 278, in app
    |     raw_response = await run_endpoint_function(
    |                    ^^^^^^^^^^^^^^^^^^^^^^^^^^^^
    |   File "/root/.venv/lib/python3.11/site-packages/fastapi/routing.py", line 191, in run_endpoint_function
    |     return await dependant.call(**values)
    |            ^^^^^^^^^^^^^^^^^^^^^^^^^^^^^^
    |   File "/app/backend/routes/pos_features.py", line 431, in create_feature_checkout
    |     session = stripe_sdk.checkout.Session.create(**session_params)
    |               ^^^^^^^^^^^^^^^^^^^^^^^^^^^^^^^^^^^^^^^^^^^^^^^^^^^^
    |   File "/root/.venv/lib/python3.11/site-packages/stripe/checkout/_session.py", line 2471, in create
    |     cls._static_request(
    |   File "/root/.venv/lib/python3.11/site-packages/stripe/_api_resource.py", line 172, in _static_request
    |     return _APIRequestor._global_instance().request(
    |            ^^^^^^^^^^^^^^^^^^^^^^^^^^^^^^^^^^^^^^^^^
    |   File "/root/.venv/lib/python3.11/site-packages/stripe/_api_requestor.py", line 211, in request
    |     resp = requestor._interpret_response(rbody, rcode, rheaders, api_mode)
    |            ^^^^^^^^^^^^^^^^^^^^^^^^^^^^^^^^^^^^^^^^^^^^^^^^^^^^^^^^^^^^^^^
    |   File "/root/.venv/lib/python3.11/site-packages/stripe/_api_requestor.py", line 897, in _interpret_response
    |     self.handle_error_response(
    |   File "/root/.venv/lib/python3.11/site-packages/stripe/_api_requestor.py", line 352, in handle_error_response
    |     raise err
    | stripe._error.AuthenticationError: Invalid API Key provided: sk_live_***********************************************************************************************3kcO
    +------------------------------------

During handling of the above exception, another exception occurred:

Traceback (most recent call last):
  File "/root/.venv/lib/python3.11/site-packages/starlette/middleware/errors.py", line 164, in __call__
    await self.app(scope, receive, _send)
  File "/root/.venv/lib/python3.11/site-packages/starlette/middleware/cors.py", line 85, in __call__
    await self.app(scope, receive, send)
  File "/root/.venv/lib/python3.11/site-packages/starlette/middleware/base.py", line 189, in __call__
    with collapse_excgroups():
  File "/usr/local/lib/python3.11/contextlib.py", line 158, in __exit__
    self.gen.throw(typ, value, traceback)
  File "/root/.venv/lib/python3.11/site-packages/starlette/_utils.py", line 93, in collapse_excgroups
    raise exc
  File "/root/.venv/lib/python3.11/site-packages/starlette/middleware/base.py", line 191, in __call__
    response = await self.dispatch_func(request, call_next)
               ^^^^^^^^^^^^^^^^^^^^^^^^^^^^^^^^^^^^^^^^^^^^
  File "/app/backend/server.py", line 107, in log_requests
    response = await call_next(request)
               ^^^^^^^^^^^^^^^^^^^^^^^^
  File "/root/.venv/lib/python3.11/site-packages/starlette/middleware/base.py", line 165, in call_next
    raise app_exc
  File "/root/.venv/lib/python3.11/site-packages/starlette/middleware/base.py", line 151, in coro
    await self.app(scope, receive_or_disconnect, send_no_error)
  File "/root/.venv/lib/python3.11/site-packages/starlette/middleware/exceptions.py", line 65, in __call__
    await wrap_app_handling_exceptions(self.app, conn)(scope, receive, send)
  File "/root/.venv/lib/python3.11/site-packages/starlette/_exception_handler.py", line 64, in wrapped_app
    raise exc
  File "/root/.venv/lib/python3.11/site-packages/starlette/_exception_handler.py", line 53, in wrapped_app
    await app(scope, receive, sender)
  File "/root/.venv/lib/python3.11/site-packages/starlette/routing.py", line 756, in __call__
    await self.middleware_stack(scope, receive, send)
  File "/root/.venv/lib/python3.11/site-packages/starlette/routing.py", line 776, in app
    await route.handle(scope, receive, send)
  File "/root/.venv/lib/python3.11/site-packages/starlette/routing.py", line 297, in handle
    await self.app(scope, receive, send)
  File "/root/.venv/lib/python3.11/site-packages/starlette/routing.py", line 77, in app
    await wrap_app_handling_exceptions(app, request)(scope, receive, send)
  File "/root/.venv/lib/python3.11/site-packages/starlette/_exception_handler.py", line 64, in wrapped_app
    raise exc
  File "/root/.venv/lib/python3.11/site-packages/starlette/_exception_handler.py", line 53, in wrapped_app
    await app(scope, receive, sender)
  File "/root/.venv/lib/python3.11/site-packages/starlette/routing.py", line 72, in app
    response = await func(request)
               ^^^^^^^^^^^^^^^^^^^
  File "/root/.venv/lib/python3.11/site-packages/fastapi/routing.py", line 278, in app
    raw_response = await run_endpoint_function(
                   ^^^^^^^^^^^^^^^^^^^^^^^^^^^^
  File "/root/.venv/lib/python3.11/site-packages/fastapi/routing.py", line 191, in run_endpoint_function
    return await dependant.call(**values)
           ^^^^^^^^^^^^^^^^^^^^^^^^^^^^^^
  File "/app/backend/routes/pos_features.py", line 431, in create_feature_checkout
    session = stripe_sdk.checkout.Session.create(**session_params)
              ^^^^^^^^^^^^^^^^^^^^^^^^^^^^^^^^^^^^^^^^^^^^^^^^^^^^
  File "/root/.venv/lib/python3.11/site-packages/stripe/checkout/_session.py", line 2471, in create
    cls._static_request(
  File "/root/.venv/lib/python3.11/site-packages/stripe/_api_resource.py", line 172, in _static_request
    return _APIRequestor._global_instance().request(
           ^^^^^^^^^^^^^^^^^^^^^^^^^^^^^^^^^^^^^^^^^
  File "/root/.venv/lib/python3.11/site-packages/stripe/_api_requestor.py", line 211, in request
    resp = requestor._interpret_response(rbody, rcode, rheaders, api_mode)
           ^^^^^^^^^^^^^^^^^^^^^^^^^^^^^^^^^^^^^^^^^^^^^^^^^^^^^^^^^^^^^^^
  File "/root/.venv/lib/python3.11/site-packages/stripe/_api_requestor.py", line 897, in _interpret_response
    self.handle_error_response(
  File "/root/.venv/lib/python3.11/site-packages/stripe/_api_requestor.py", line 352, in handle_error_response
    raise err
stripe._error.AuthenticationError: Invalid API Key provided: sk_live_***********************************************************************************************3kcO

2026-04-29 03:18:29,989 [ERROR] bidblitz: Unhandled error: POST /api/stripe/checkout | Invalid API Key provided: sk_live_***********************************************************************************************3kcO
  + Exception Group Traceback (most recent call last):
  |   File "/root/.venv/lib/python3.11/site-packages/starlette/_utils.py", line 87, in collapse_excgroups
  |     yield
  |   File "/root/.venv/lib/python3.11/site-packages/starlette/middleware/base.py", line 190, in __call__
  |     async with anyio.create_task_group() as task_group:
  |   File "/root/.venv/lib/python3.11/site-packages/anyio/_backends/_asyncio.py", line 799, in __aexit__
  |     raise BaseExceptionGroup(
  | ExceptionGroup: unhandled errors in a TaskGroup (1 sub-exception)
  +-+---------------- 1 ----------------
    | Traceback (most recent call last):
    |   File "/root/.venv/lib/python3.11/site-packages/starlette/middleware/errors.py", line 164, in __call__
    |     await self.app(scope, receive, _send)
    |   File "/root/.venv/lib/python3.11/site-packages/starlette/middleware/cors.py", line 85, in __call__
    |     await self.app(scope, receive, send)
    |   File "/root/.venv/lib/python3.11/site-packages/starlette/middleware/base.py", line 189, in __call__
    |     with collapse_excgroups():
    |   File "/usr/local/lib/python3.11/contextlib.py", line 158, in __exit__
    |     self.gen.throw(typ, value, traceback)
    |   File "/root/.venv/lib/python3.11/site-packages/starlette/_utils.py", line 93, in collapse_excgroups
    |     raise exc
    |   File "/root/.venv/lib/python3.11/site-packages/starlette/middleware/base.py", line 191, in __call__
    |     response = await self.dispatch_func(request, call_next)
    |                ^^^^^^^^^^^^^^^^^^^^^^^^^^^^^^^^^^^^^^^^^^^^
    |   File "/app/backend/server.py", line 107, in log_requests
    |     response = await call_next(request)
    |                ^^^^^^^^^^^^^^^^^^^^^^^^
    |   File "/root/.venv/lib/python3.11/site-packages/starlette/middleware/base.py", line 165, in call_next
    |     raise app_exc
    |   File "/root/.venv/lib/python3.11/site-packages/starlette/middleware/base.py", line 151, in coro
    |     await self.app(scope, receive_or_disconnect, send_no_error)
    |   File "/root/.venv/lib/python3.11/site-packages/starlette/middleware/exceptions.py", line 65, in __call__
    |     await wrap_app_handling_exceptions(self.app, conn)(scope, receive, send)
    |   File "/root/.venv/lib/python3.11/site-packages/starlette/_exception_handler.py", line 64, in wrapped_app
    |     raise exc
    |   File "/root/.venv/lib/python3.11/site-packages/starlette/_exception_handler.py", line 53, in wrapped_app
    |     await app(scope, receive, sender)
    |   File "/root/.venv/lib/python3.11/site-packages/starlette/routing.py", line 756, in __call__
    |     await self.middleware_stack(scope, receive, send)
    |   File "/root/.venv/lib/python3.11/site-packages/starlette/routing.py", line 776, in app
    |     await route.handle(scope, receive, send)
    |   File "/root/.venv/lib/python3.11/site-packages/starlette/routing.py", line 297, in handle
    |     await self.app(scope, receive, send)
    |   File "/root/.venv/lib/python3.11/site-packages/starlette/routing.py", line 77, in app
    |     await wrap_app_handling_exceptions(app, request)(scope, receive, send)
    |   File "/root/.venv/lib/python3.11/site-packages/starlette/_exception_handler.py", line 64, in wrapped_app
    |     raise exc
    |   File "/root/.venv/lib/python3.11/site-packages/starlette/_exception_handler.py", line 53, in wrapped_app
    |     await app(scope, receive, sender)
    |   File "/root/.venv/lib/python3.11/site-packages/starlette/routing.py", line 72, in app
    |     response = await func(request)
    |                ^^^^^^^^^^^^^^^^^^^
    |   File "/root/.venv/lib/python3.11/site-packages/fastapi/routing.py", line 278, in app
    |     raw_response = await run_endpoint_function(
    |                    ^^^^^^^^^^^^^^^^^^^^^^^^^^^^
    |   File "/root/.venv/lib/python3.11/site-packages/fastapi/routing.py", line 191, in run_endpoint_function
    |     return await dependant.call(**values)
    |            ^^^^^^^^^^^^^^^^^^^^^^^^^^^^^^
    |   File "/root/.venv/lib/python3.11/site-packages/slowapi/extension.py", line 734, in async_wrapper
    |     response = await func(*args, **kwargs)  # type: ignore
    |                ^^^^^^^^^^^^^^^^^^^^^^^^^^^
    |   File "/app/backend/routes/stripe.py", line 171, in create_checkout
    |     session = stripe.checkout.Session.create(**session_params)
    |               ^^^^^^^^^^^^^^^^^^^^^^^^^^^^^^^^^^^^^^^^^^^^^^^^
    |   File "/root/.venv/lib/python3.11/site-packages/stripe/checkout/_session.py", line 2471, in create
    |     cls._static_request(
    |   File "/root/.venv/lib/python3.11/site-packages/stripe/_api_resource.py", line 172, in _static_request
    |     return _APIRequestor._global_instance().request(
    |            ^^^^^^^^^^^^^^^^^^^^^^^^^^^^^^^^^^^^^^^^^
    |   File "/root/.venv/lib/python3.11/site-packages/stripe/_api_requestor.py", line 211, in request
    |     resp = requestor._interpret_response(rbody, rcode, rheaders, api_mode)
    |            ^^^^^^^^^^^^^^^^^^^^^^^^^^^^^^^^^^^^^^^^^^^^^^^^^^^^^^^^^^^^^^^
    |   File "/root/.venv/lib/python3.11/site-packages/stripe/_api_requestor.py", line 897, in _interpret_response
    |     self.handle_error_response(
    |   File "/root/.venv/lib/python3.11/site-packages/stripe/_api_requestor.py", line 352, in handle_error_response
    |     raise err
    | stripe._error.AuthenticationError: Invalid API Key provided: sk_live_***********************************************************************************************3kcO
    +------------------------------------

During handling of the above exception, another exception occurred:

Traceback (most recent call last):
  File "/root/.venv/lib/python3.11/site-packages/starlette/middleware/errors.py", line 164, in __call__
    await self.app(scope, receive, _send)
  File "/root/.venv/lib/python3.11/site-packages/starlette/middleware/cors.py", line 85, in __call__
    await self.app(scope, receive, send)
  File "/root/.venv/lib/python3.11/site-packages/starlette/middleware/base.py", line 189, in __call__
    with collapse_excgroups():
  File "/usr/local/lib/python3.11/contextlib.py", line 158, in __exit__
    self.gen.throw(typ, value, traceback)
  File "/root/.venv/lib/python3.11/site-packages/starlette/_utils.py", line 93, in collapse_excgroups
    raise exc
  File "/root/.venv/lib/python3.11/site-packages/starlette/middleware/base.py", line 191, in __call__
    response = await self.dispatch_func(request, call_next)
               ^^^^^^^^^^^^^^^^^^^^^^^^^^^^^^^^^^^^^^^^^^^^
  File "/app/backend/server.py", line 107, in log_requests
    response = await call_next(request)
               ^^^^^^^^^^^^^^^^^^^^^^^^
  File "/root/.venv/lib/python3.11/site-packages/starlette/middleware/base.py", line 165, in call_next
    raise app_exc
  File "/root/.venv/lib/python3.11/site-packages/starlette/middleware/base.py", line 151, in coro
    await self.app(scope, receive_or_disconnect, send_no_error)
  File "/root/.venv/lib/python3.11/site-packages/starlette/middleware/exceptions.py", line 65, in __call__
    await wrap_app_handling_exceptions(self.app, conn)(scope, receive, send)
  File "/root/.venv/lib/python3.11/site-packages/starlette/_exception_handler.py", line 64, in wrapped_app
    raise exc
  File "/root/.venv/lib/python3.11/site-packages/starlette/_exception_handler.py", line 53, in wrapped_app
    await app(scope, receive, sender)
  File "/root/.venv/lib/python3.11/site-packages/starlette/routing.py", line 756, in __call__
    await self.middleware_stack(scope, receive, send)
  File "/root/.venv/lib/python3.11/site-packages/starlette/routing.py", line 776, in app
    await route.handle(scope, receive, send)
  File "/root/.venv/lib/python3.11/site-packages/starlette/routing.py", line 297, in handle
    await self.app(scope, receive, send)
  File "/root/.venv/lib/python3.11/site-packages/starlette/routing.py", line 77, in app
    await wrap_app_handling_exceptions(app, request)(scope, receive, send)
  File "/root/.venv/lib/python3.11/site-packages/starlette/_exception_handler.py", line 64, in wrapped_app
    raise exc
  File "/root/.venv/lib/python3.11/site-packages/starlette/_exception_handler.py", line 53, in wrapped_app
    await app(scope, receive, sender)
  File "/root/.venv/lib/python3.11/site-packages/starlette/routing.py", line 72, in app
    response = await func(request)
               ^^^^^^^^^^^^^^^^^^^
  File "/root/.venv/lib/python3.11/site-packages/fastapi/routing.py", line 278, in app
    raw_response = await run_endpoint_function(
                   ^^^^^^^^^^^^^^^^^^^^^^^^^^^^
  File "/root/.venv/lib/python3.11/site-packages/fastapi/routing.py", line 191, in run_endpoint_function
    return await dependant.call(**values)
           ^^^^^^^^^^^^^^^^^^^^^^^^^^^^^^
  File "/root/.venv/lib/python3.11/site-packages/slowapi/extension.py", line 734, in async_wrapper
    response = await func(*args, **kwargs)  # type: ignore
               ^^^^^^^^^^^^^^^^^^^^^^^^^^^
  File "/app/backend/routes/stripe.py", line 171, in create_checkout
    session = stripe.checkout.Session.create(**session_params)
              ^^^^^^^^^^^^^^^^^^^^^^^^^^^^^^^^^^^^^^^^^^^^^^^^
  File "/root/.venv/lib/python3.11/site-packages/stripe/checkout/_session.py", line 2471, in create
    cls._static_request(
  File "/root/.venv/lib/python3.11/site-packages/stripe/_api_resource.py", line 172, in _static_request
    return _APIRequestor._global_instance().request(
           ^^^^^^^^^^^^^^^^^^^^^^^^^^^^^^^^^^^^^^^^^
  File "/root/.venv/lib/python3.11/site-packages/stripe/_api_requestor.py", line 211, in request
    resp = requestor._interpret_response(rbody, rcode, rheaders, api_mode)
           ^^^^^^^^^^^^^^^^^^^^^^^^^^^^^^^^^^^^^^^^^^^^^^^^^^^^^^^^^^^^^^^
  File "/root/.venv/lib/python3.11/site-packages/stripe/_api_requestor.py", line 897, in _interpret_response
    self.handle_error_response(
  File "/root/.venv/lib/python3.11/site-packages/stripe/_api_requestor.py", line 352, in handle_error_response
    raise err
stripe._error.AuthenticationError: Invalid API Key provided: sk_live_***********************************************************************************************3kcO

2026-04-29 06:30:49,291 [ERROR] bidblitz: Unhandled error: GET /api/loyalty/my-points | 'user_id'
  + Exception Group Traceback (most recent call last):
  |   File "/root/.venv/lib/python3.11/site-packages/starlette/_utils.py", line 87, in collapse_excgroups
  |     yield
  |   File "/root/.venv/lib/python3.11/site-packages/starlette/middleware/base.py", line 190, in __call__
  |     async with anyio.create_task_group() as task_group:
  |   File "/root/.venv/lib/python3.11/site-packages/anyio/_backends/_asyncio.py", line 799, in __aexit__
  |     raise BaseExceptionGroup(
  | ExceptionGroup: unhandled errors in a TaskGroup (1 sub-exception)
  +-+---------------- 1 ----------------
    | Traceback (most recent call last):
    |   File "/root/.venv/lib/python3.11/site-packages/starlette/middleware/errors.py", line 164, in __call__
    |     await self.app(scope, receive, _send)
    |   File "/root/.venv/lib/python3.11/site-packages/starlette/middleware/cors.py", line 85, in __call__
    |     await self.app(scope, receive, send)
    |   File "/root/.venv/lib/python3.11/site-packages/starlette/middleware/base.py", line 189, in __call__
    |     with collapse_excgroups():
    |   File "/usr/local/lib/python3.11/contextlib.py", line 158, in __exit__
    |     self.gen.throw(typ, value, traceback)
    |   File "/root/.venv/lib/python3.11/site-packages/starlette/_utils.py", line 93, in collapse_excgroups
    |     raise exc
    |   File "/root/.venv/lib/python3.11/site-packages/starlette/middleware/base.py", line 191, in __call__
    |     response = await self.dispatch_func(request, call_next)
    |                ^^^^^^^^^^^^^^^^^^^^^^^^^^^^^^^^^^^^^^^^^^^^
    |   File "/app/backend/server.py", line 107, in log_requests
    |     response = await call_next(request)
    |                ^^^^^^^^^^^^^^^^^^^^^^^^
    |   File "/root/.venv/lib/python3.11/site-packages/starlette/middleware/base.py", line 165, in call_next
    |     raise app_exc
    |   File "/root/.venv/lib/python3.11/site-packages/starlette/middleware/base.py", line 151, in coro
    |     await self.app(scope, receive_or_disconnect, send_no_error)
    |   File "/root/.venv/lib/python3.11/site-packages/starlette/middleware/exceptions.py", line 65, in __call__
    |     await wrap_app_handling_exceptions(self.app, conn)(scope, receive, send)
    |   File "/root/.venv/lib/python3.11/site-packages/starlette/_exception_handler.py", line 64, in wrapped_app
    |     raise exc
    |   File "/root/.venv/lib/python3.11/site-packages/starlette/_exception_handler.py", line 53, in wrapped_app
    |     await app(scope, receive, sender)
    |   File "/root/.venv/lib/python3.11/site-packages/starlette/routing.py", line 756, in __call__
    |     await self.middleware_stack(scope, receive, send)
    |   File "/root/.venv/lib/python3.11/site-packages/starlette/routing.py", line 776, in app
    |     await route.handle(scope, receive, send)
    |   File "/root/.venv/lib/python3.11/site-packages/starlette/routing.py", line 297, in handle
    |     await self.app(scope, receive, send)
    |   File "/root/.venv/lib/python3.11/site-packages/starlette/routing.py", line 77, in app
    |     await wrap_app_handling_exceptions(app, request)(scope, receive, send)
    |   File "/root/.venv/lib/python3.11/site-packages/starlette/_exception_handler.py", line 64, in wrapped_app
    |     raise exc
    |   File "/root/.venv/lib/python3.11/site-packages/starlette/_exception_handler.py", line 53, in wrapped_app
    |     await app(scope, receive, sender)
    |   File "/root/.venv/lib/python3.11/site-packages/starlette/routing.py", line 72, in app
    |     response = await func(request)
    |                ^^^^^^^^^^^^^^^^^^^
    |   File "/root/.venv/lib/python3.11/site-packages/fastapi/routing.py", line 278, in app
    |     raw_response = await run_endpoint_function(
    |                    ^^^^^^^^^^^^^^^^^^^^^^^^^^^^
    |   File "/root/.venv/lib/python3.11/site-packages/fastapi/routing.py", line 191, in run_endpoint_function
    |     return await dependant.call(**values)
    |            ^^^^^^^^^^^^^^^^^^^^^^^^^^^^^^
    |   File "/app/backend/routes/loyalty.py", line 22, in get_my_points
    |     loyalty = await db.loyalty.find_one({"user_id": user["user_id"]}, {"_id": 0})
    |                                                     ~~~~^^^^^^^^^^^
    | KeyError: 'user_id'
    +------------------------------------

During handling of the above exception, another exception occurred:

Traceback (most recent call last):
  File "/root/.venv/lib/python3.11/site-packages/starlette/middleware/errors.py", line 164, in __call__
    await self.app(scope, receive, _send)
  File "/root/.venv/lib/python3.11/site-packages/starlette/middleware/cors.py", line 85, in __call__
    await self.app(scope, receive, send)
  File "/root/.venv/lib/python3.11/site-packages/starlette/middleware/base.py", line 189, in __call__
    with collapse_excgroups():
  File "/usr/local/lib/python3.11/contextlib.py", line 158, in __exit__
    self.gen.throw(typ, value, traceback)
  File "/root/.venv/lib/python3.11/site-packages/starlette/_utils.py", line 93, in collapse_excgroups
    raise exc
  File "/root/.venv/lib/python3.11/site-packages/starlette/middleware/base.py", line 191, in __call__
    response = await self.dispatch_func(request, call_next)
               ^^^^^^^^^^^^^^^^^^^^^^^^^^^^^^^^^^^^^^^^^^^^
  File "/app/backend/server.py", line 107, in log_requests
    response = await call_next(request)
               ^^^^^^^^^^^^^^^^^^^^^^^^
  File "/root/.venv/lib/python3.11/site-packages/starlette/middleware/base.py", line 165, in call_next
    raise app_exc
  File "/root/.venv/lib/python3.11/site-packages/starlette/middleware/base.py", line 151, in coro
    await self.app(scope, receive_or_disconnect, send_no_error)
  File "/root/.venv/lib/python3.11/site-packages/starlette/middleware/exceptions.py", line 65, in __call__
    await wrap_app_handling_exceptions(self.app, conn)(scope, receive, send)
  File "/root/.venv/lib/python3.11/site-packages/starlette/_exception_handler.py", line 64, in wrapped_app
    raise exc
  File "/root/.venv/lib/python3.11/site-packages/starlette/_exception_handler.py", line 53, in wrapped_app
    await app(scope, receive, sender)
  File "/root/.venv/lib/python3.11/site-packages/starlette/routing.py", line 756, in __call__
    await self.middleware_stack(scope, receive, send)
  File "/root/.venv/lib/python3.11/site-packages/starlette/routing.py", line 776, in app
    await route.handle(scope, receive, send)
  File "/root/.venv/lib/python3.11/site-packages/starlette/routing.py", line 297, in handle
    await self.app(scope, receive, send)
  File "/root/.venv/lib/python3.11/site-packages/starlette/routing.py", line 77, in app
    await wrap_app_handling_exceptions(app, request)(scope, receive, send)
  File "/root/.venv/lib/python3.11/site-packages/starlette/_exception_handler.py", line 64, in wrapped_app
    raise exc
  File "/root/.venv/lib/python3.11/site-packages/starlette/_exception_handler.py", line 53, in wrapped_app
    await app(scope, receive, sender)
  File "/root/.venv/lib/python3.11/site-packages/starlette/routing.py", line 72, in app
    response = await func(request)
               ^^^^^^^^^^^^^^^^^^^
  File "/root/.venv/lib/python3.11/site-packages/fastapi/routing.py", line 278, in app
    raw_response = await run_endpoint_function(
                   ^^^^^^^^^^^^^^^^^^^^^^^^^^^^
  File "/root/.venv/lib/python3.11/site-packages/fastapi/routing.py", line 191, in run_endpoint_function
    return await dependant.call(**values)
           ^^^^^^^^^^^^^^^^^^^^^^^^^^^^^^
  File "/app/backend/routes/loyalty.py", line 22, in get_my_points
    loyalty = await db.loyalty.find_one({"user_id": user["user_id"]}, {"_id": 0})
                                                    ~~~~^^^^^^^^^^^
KeyError: 'user_id'

2026-04-29 06:30:50,018 [ERROR] bidblitz: Unhandled error: POST /api/reviews/create | 'user_id'
  + Exception Group Traceback (most recent call last):
  |   File "/root/.venv/lib/python3.11/site-packages/starlette/_utils.py", line 87, in collapse_excgroups
  |     yield
  |   File "/root/.venv/lib/python3.11/site-packages/starlette/middleware/base.py", line 190, in __call__
  |     async with anyio.create_task_group() as task_group:
  |   File "/root/.venv/lib/python3.11/site-packages/anyio/_backends/_asyncio.py", line 799, in __aexit__
  |     raise BaseExceptionGroup(
  | ExceptionGroup: unhandled errors in a TaskGroup (1 sub-exception)
  +-+---------------- 1 ----------------
    | Traceback (most recent call last):
    |   File "/root/.venv/lib/python3.11/site-packages/starlette/middleware/errors.py", line 164, in __call__
    |     await self.app(scope, receive, _send)
    |   File "/root/.venv/lib/python3.11/site-packages/starlette/middleware/cors.py", line 85, in __call__
    |     await self.app(scope, receive, send)
    |   File "/root/.venv/lib/python3.11/site-packages/starlette/middleware/base.py", line 189, in __call__
    |     with collapse_excgroups():
    |   File "/usr/local/lib/python3.11/contextlib.py", line 158, in __exit__
    |     self.gen.throw(typ, value, traceback)
    |   File "/root/.venv/lib/python3.11/site-packages/starlette/_utils.py", line 93, in collapse_excgroups
    |     raise exc
    |   File "/root/.venv/lib/python3.11/site-packages/starlette/middleware/base.py", line 191, in __call__
    |     response = await self.dispatch_func(request, call_next)
    |                ^^^^^^^^^^^^^^^^^^^^^^^^^^^^^^^^^^^^^^^^^^^^
    |   File "/app/backend/server.py", line 107, in log_requests
    |     response = await call_next(request)
    |                ^^^^^^^^^^^^^^^^^^^^^^^^
    |   File "/root/.venv/lib/python3.11/site-packages/starlette/middleware/base.py", line 165, in call_next
    |     raise app_exc
    |   File "/root/.venv/lib/python3.11/site-packages/starlette/middleware/base.py", line 151, in coro
    |     await self.app(scope, receive_or_disconnect, send_no_error)
    |   File "/root/.venv/lib/python3.11/site-packages/starlette/middleware/exceptions.py", line 65, in __call__
    |     await wrap_app_handling_exceptions(self.app, conn)(scope, receive, send)
    |   File "/root/.venv/lib/python3.11/site-packages/starlette/_exception_handler.py", line 64, in wrapped_app
    |     raise exc
    |   File "/root/.venv/lib/python3.11/site-packages/starlette/_exception_handler.py", line 53, in wrapped_app
    |     await app(scope, receive, sender)
    |   File "/root/.venv/lib/python3.11/site-packages/starlette/routing.py", line 756, in __call__
    |     await self.middleware_stack(scope, receive, send)
    |   File "/root/.venv/lib/python3.11/site-packages/starlette/routing.py", line 776, in app
    |     await route.handle(scope, receive, send)
    |   File "/root/.venv/lib/python3.11/site-packages/starlette/routing.py", line 297, in handle
    |     await self.app(scope, receive, send)
    |   File "/root/.venv/lib/python3.11/site-packages/starlette/routing.py", line 77, in app
    |     await wrap_app_handling_exceptions(app, request)(scope, receive, send)
    |   File "/root/.venv/lib/python3.11/site-packages/starlette/_exception_handler.py", line 64, in wrapped_app
    |     raise exc
    |   File "/root/.venv/lib/python3.11/site-packages/starlette/_exception_handler.py", line 53, in wrapped_app
    |     await app(scope, receive, sender)
    |   File "/root/.venv/lib/python3.11/site-packages/starlette/routing.py", line 72, in app
    |     response = await func(request)
    |                ^^^^^^^^^^^^^^^^^^^
    |   File "/root/.venv/lib/python3.11/site-packages/fastapi/routing.py", line 278, in app
    |     raw_response = await run_endpoint_function(
    |                    ^^^^^^^^^^^^^^^^^^^^^^^^^^^^
    |   File "/root/.venv/lib/python3.11/site-packages/fastapi/routing.py", line 191, in run_endpoint_function
    |     return await dependant.call(**values)
    |            ^^^^^^^^^^^^^^^^^^^^^^^^^^^^^^
    |   File "/app/backend/routes/reviews.py", line 27, in create_review
    |     "user_id": user["user_id"],
    |                ~~~~^^^^^^^^^^^
    | KeyError: 'user_id'
    +------------------------------------

During handling of the above exception, another exception occurred:

Traceback (most recent call last):
  File "/root/.venv/lib/python3.11/site-packages/starlette/middleware/errors.py", line 164, in __call__
    await self.app(scope, receive, _send)
  File "/root/.venv/lib/python3.11/site-packages/starlette/middleware/cors.py", line 85, in __call__
    await self.app(scope, receive, send)
  File "/root/.venv/lib/python3.11/site-packages/starlette/middleware/base.py", line 189, in __call__
    with collapse_excgroups():
  File "/usr/local/lib/python3.11/contextlib.py", line 158, in __exit__
    self.gen.throw(typ, value, traceback)
  File "/root/.venv/lib/python3.11/site-packages/starlette/_utils.py", line 93, in collapse_excgroups
    raise exc
  File "/root/.venv/lib/python3.11/site-packages/starlette/middleware/base.py", line 191, in __call__
    response = await self.dispatch_func(request, call_next)
               ^^^^^^^^^^^^^^^^^^^^^^^^^^^^^^^^^^^^^^^^^^^^
  File "/app/backend/server.py", line 107, in log_requests
    response = await call_next(request)
               ^^^^^^^^^^^^^^^^^^^^^^^^
  File "/root/.venv/lib/python3.11/site-packages/starlette/middleware/base.py", line 165, in call_next
    raise app_exc
  File "/root/.venv/lib/python3.11/site-packages/starlette/middleware/base.py", line 151, in coro
    await self.app(scope, receive_or_disconnect, send_no_error)
  File "/root/.venv/lib/python3.11/site-packages/starlette/middleware/exceptions.py", line 65, in __call__
    await wrap_app_handling_exceptions(self.app, conn)(scope, receive, send)
  File "/root/.venv/lib/python3.11/site-packages/starlette/_exception_handler.py", line 64, in wrapped_app
    raise exc
  File "/root/.venv/lib/python3.11/site-packages/starlette/_exception_handler.py", line 53, in wrapped_app
    await app(scope, receive, sender)
  File "/root/.venv/lib/python3.11/site-packages/starlette/routing.py", line 756, in __call__
    await self.middleware_stack(scope, receive, send)
  File "/root/.venv/lib/python3.11/site-packages/starlette/routing.py", line 776, in app
    await route.handle(scope, receive, send)
  File "/root/.venv/lib/python3.11/site-packages/starlette/routing.py", line 297, in handle
    await self.app(scope, receive, send)
  File "/root/.venv/lib/python3.11/site-packages/starlette/routing.py", line 77, in app
    await wrap_app_handling_exceptions(app, request)(scope, receive, send)
  File "/root/.venv/lib/python3.11/site-packages/starlette/_exception_handler.py", line 64, in wrapped_app
    raise exc
  File "/root/.venv/lib/python3.11/site-packages/starlette/_exception_handler.py", line 53, in wrapped_app
    await app(scope, receive, sender)
  File "/root/.venv/lib/python3.11/site-packages/starlette/routing.py", line 72, in app
    response = await func(request)
               ^^^^^^^^^^^^^^^^^^^
  File "/root/.venv/lib/python3.11/site-packages/fastapi/routing.py", line 278, in app
    raw_response = await run_endpoint_function(
                   ^^^^^^^^^^^^^^^^^^^^^^^^^^^^
  File "/root/.venv/lib/python3.11/site-packages/fastapi/routing.py", line 191, in run_endpoint_function
    return await dependant.call(**values)
           ^^^^^^^^^^^^^^^^^^^^^^^^^^^^^^
  File "/app/backend/routes/reviews.py", line 27, in create_review
    "user_id": user["user_id"],
               ~~~~^^^^^^^^^^^
KeyError: 'user_id'

2026-04-29 06:30:50,261 [ERROR] bidblitz: Unhandled error: POST /api/scheduled/create | 'user_id'
  + Exception Group Traceback (most recent call last):
  |   File "/root/.venv/lib/python3.11/site-packages/starlette/_utils.py", line 87, in collapse_excgroups
  |     yield
  |   File "/root/.venv/lib/python3.11/site-packages/starlette/middleware/base.py", line 190, in __call__
  |     async with anyio.create_task_group() as task_group:
  |   File "/root/.venv/lib/python3.11/site-packages/anyio/_backends/_asyncio.py", line 799, in __aexit__
  |     raise BaseExceptionGroup(
  | ExceptionGroup: unhandled errors in a TaskGroup (1 sub-exception)
  +-+---------------- 1 ----------------
    | Traceback (most recent call last):
    |   File "/root/.venv/lib/python3.11/site-packages/starlette/middleware/errors.py", line 164, in __call__
    |     await self.app(scope, receive, _send)
    |   File "/root/.venv/lib/python3.11/site-packages/starlette/middleware/cors.py", line 85, in __call__
    |     await self.app(scope, receive, send)
    |   File "/root/.venv/lib/python3.11/site-packages/starlette/middleware/base.py", line 189, in __call__
    |     with collapse_excgroups():
    |   File "/usr/local/lib/python3.11/contextlib.py", line 158, in __exit__
    |     self.gen.throw(typ, value, traceback)
    |   File "/root/.venv/lib/python3.11/site-packages/starlette/_utils.py", line 93, in collapse_excgroups
    |     raise exc
    |   File "/root/.venv/lib/python3.11/site-packages/starlette/middleware/base.py", line 191, in __call__
    |     response = await self.dispatch_func(request, call_next)
    |                ^^^^^^^^^^^^^^^^^^^^^^^^^^^^^^^^^^^^^^^^^^^^
    |   File "/app/backend/server.py", line 107, in log_requests
    |     response = await call_next(request)
    |                ^^^^^^^^^^^^^^^^^^^^^^^^
    |   File "/root/.venv/lib/python3.11/site-packages/starlette/middleware/base.py", line 165, in call_next
    |     raise app_exc
    |   File "/root/.venv/lib/python3.11/site-packages/starlette/middleware/base.py", line 151, in coro
    |     await self.app(scope, receive_or_disconnect, send_no_error)
    |   File "/root/.venv/lib/python3.11/site-packages/starlette/middleware/exceptions.py", line 65, in __call__
    |     await wrap_app_handling_exceptions(self.app, conn)(scope, receive, send)
    |   File "/root/.venv/lib/python3.11/site-packages/starlette/_exception_handler.py", line 64, in wrapped_app
    |     raise exc
    |   File "/root/.venv/lib/python3.11/site-packages/starlette/_exception_handler.py", line 53, in wrapped_app
    |     await app(scope, receive, sender)
    |   File "/root/.venv/lib/python3.11/site-packages/starlette/routing.py", line 756, in __call__
    |     await self.middleware_stack(scope, receive, send)
    |   File "/root/.venv/lib/python3.11/site-packages/starlette/routing.py", line 776, in app
    |     await route.handle(scope, receive, send)
    |   File "/root/.venv/lib/python3.11/site-packages/starlette/routing.py", line 297, in handle
    |     await self.app(scope, receive, send)
    |   File "/root/.venv/lib/python3.11/site-packages/starlette/routing.py", line 77, in app
    |     await wrap_app_handling_exceptions(app, request)(scope, receive, send)
    |   File "/root/.venv/lib/python3.11/site-packages/starlette/_exception_handler.py", line 64, in wrapped_app
    |     raise exc
    |   File "/root/.venv/lib/python3.11/site-packages/starlette/_exception_handler.py", line 53, in wrapped_app
    |     await app(scope, receive, sender)
    |   File "/root/.venv/lib/python3.11/site-packages/starlette/routing.py", line 72, in app
    |     response = await func(request)
    |                ^^^^^^^^^^^^^^^^^^^
    |   File "/root/.venv/lib/python3.11/site-packages/fastapi/routing.py", line 278, in app
    |     raw_response = await run_endpoint_function(
    |                    ^^^^^^^^^^^^^^^^^^^^^^^^^^^^
    |   File "/root/.venv/lib/python3.11/site-packages/fastapi/routing.py", line 191, in run_endpoint_function
    |     return await dependant.call(**values)
    |            ^^^^^^^^^^^^^^^^^^^^^^^^^^^^^^
    |   File "/app/backend/routes/scheduled.py", line 35, in create_scheduled_booking
    |     "user_id": user["user_id"],
    |                ~~~~^^^^^^^^^^^
    | KeyError: 'user_id'
    +------------------------------------

During handling of the above exception, another exception occurred:

Traceback (most recent call last):
  File "/root/.venv/lib/python3.11/site-packages/starlette/middleware/errors.py", line 164, in __call__
    await self.app(scope, receive, _send)
  File "/root/.venv/lib/python3.11/site-packages/starlette/middleware/cors.py", line 85, in __call__
    await self.app(scope, receive, send)
  File "/root/.venv/lib/python3.11/site-packages/starlette/middleware/base.py", line 189, in __call__
    with collapse_excgroups():
  File "/usr/local/lib/python3.11/contextlib.py", line 158, in __exit__
    self.gen.throw(typ, value, traceback)
  File "/root/.venv/lib/python3.11/site-packages/starlette/_utils.py", line 93, in collapse_excgroups
    raise exc
  File "/root/.venv/lib/python3.11/site-packages/starlette/middleware/base.py", line 191, in __call__
    response = await self.dispatch_func(request, call_next)
               ^^^^^^^^^^^^^^^^^^^^^^^^^^^^^^^^^^^^^^^^^^^^
  File "/app/backend/server.py", line 107, in log_requests
    response = await call_next(request)
               ^^^^^^^^^^^^^^^^^^^^^^^^
  File "/root/.venv/lib/python3.11/site-packages/starlette/middleware/base.py", line 165, in call_next
    raise app_exc
  File "/root/.venv/lib/python3.11/site-packages/starlette/middleware/base.py", line 151, in coro
    await self.app(scope, receive_or_disconnect, send_no_error)
  File "/root/.venv/lib/python3.11/site-packages/starlette/middleware/exceptions.py", line 65, in __call__
    await wrap_app_handling_exceptions(self.app, conn)(scope, receive, send)
  File "/root/.venv/lib/python3.11/site-packages/starlette/_exception_handler.py", line 64, in wrapped_app
    raise exc
  File "/root/.venv/lib/python3.11/site-packages/starlette/_exception_handler.py", line 53, in wrapped_app
    await app(scope, receive, sender)
  File "/root/.venv/lib/python3.11/site-packages/starlette/routing.py", line 756, in __call__
    await self.middleware_stack(scope, receive, send)
  File "/root/.venv/lib/python3.11/site-packages/starlette/routing.py", line 776, in app
    await route.handle(scope, receive, send)
  File "/root/.venv/lib/python3.11/site-packages/starlette/routing.py", line 297, in handle
    await self.app(scope, receive, send)
  File "/root/.venv/lib/python3.11/site-packages/starlette/routing.py", line 77, in app
    await wrap_app_handling_exceptions(app, request)(scope, receive, send)
  File "/root/.venv/lib/python3.11/site-packages/starlette/_exception_handler.py", line 64, in wrapped_app
    raise exc
  File "/root/.venv/lib/python3.11/site-packages/starlette/_exception_handler.py", line 53, in wrapped_app
    await app(scope, receive, sender)
  File "/root/.venv/lib/python3.11/site-packages/starlette/routing.py", line 72, in app
    response = await func(request)
               ^^^^^^^^^^^^^^^^^^^
  File "/root/.venv/lib/python3.11/site-packages/fastapi/routing.py", line 278, in app
    raw_response = await run_endpoint_function(
                   ^^^^^^^^^^^^^^^^^^^^^^^^^^^^
  File "/root/.venv/lib/python3.11/site-packages/fastapi/routing.py", line 191, in run_endpoint_function
    return await dependant.call(**values)
           ^^^^^^^^^^^^^^^^^^^^^^^^^^^^^^
  File "/app/backend/routes/scheduled.py", line 35, in create_scheduled_booking
    "user_id": user["user_id"],
               ~~~~^^^^^^^^^^^
KeyError: 'user_id'

2026-04-29 06:30:50,607 [ERROR] bidblitz: Unhandled error: GET /api/subscriptions/my-subscriptions | 'user_id'
  + Exception Group Traceback (most recent call last):
  |   File "/root/.venv/lib/python3.11/site-packages/starlette/_utils.py", line 87, in collapse_excgroups
  |     yield
  |   File "/root/.venv/lib/python3.11/site-packages/starlette/middleware/base.py", line 190, in __call__
  |     async with anyio.create_task_group() as task_group:
  |   File "/root/.venv/lib/python3.11/site-packages/anyio/_backends/_asyncio.py", line 799, in __aexit__
  |     raise BaseExceptionGroup(
  | ExceptionGroup: unhandled errors in a TaskGroup (1 sub-exception)
  +-+---------------- 1 ----------------
    | Traceback (most recent call last):
    |   File "/root/.venv/lib/python3.11/site-packages/starlette/middleware/errors.py", line 164, in __call__
    |     await self.app(scope, receive, _send)
    |   File "/root/.venv/lib/python3.11/site-packages/starlette/middleware/cors.py", line 85, in __call__
    |     await self.app(scope, receive, send)
    |   File "/root/.venv/lib/python3.11/site-packages/starlette/middleware/base.py", line 189, in __call__
    |     with collapse_excgroups():
    |   File "/usr/local/lib/python3.11/contextlib.py", line 158, in __exit__
    |     self.gen.throw(typ, value, traceback)
    |   File "/root/.venv/lib/python3.11/site-packages/starlette/_utils.py", line 93, in collapse_excgroups
    |     raise exc
    |   File "/root/.venv/lib/python3.11/site-packages/starlette/middleware/base.py", line 191, in __call__
    |     response = await self.dispatch_func(request, call_next)
    |                ^^^^^^^^^^^^^^^^^^^^^^^^^^^^^^^^^^^^^^^^^^^^
    |   File "/app/backend/server.py", line 107, in log_requests
    |     response = await call_next(request)
    |                ^^^^^^^^^^^^^^^^^^^^^^^^
    |   File "/root/.venv/lib/python3.11/site-packages/starlette/middleware/base.py", line 165, in call_next
    |     raise app_exc
    |   File "/root/.venv/lib/python3.11/site-packages/starlette/middleware/base.py", line 151, in coro
    |     await self.app(scope, receive_or_disconnect, send_no_error)
    |   File "/root/.venv/lib/python3.11/site-packages/starlette/middleware/exceptions.py", line 65, in __call__
    |     await wrap_app_handling_exceptions(self.app, conn)(scope, receive, send)
    |   File "/root/.venv/lib/python3.11/site-packages/starlette/_exception_handler.py", line 64, in wrapped_app
    |     raise exc
    |   File "/root/.venv/lib/python3.11/site-packages/starlette/_exception_handler.py", line 53, in wrapped_app
    |     await app(scope, receive, sender)
    |   File "/root/.venv/lib/python3.11/site-packages/starlette/routing.py", line 756, in __call__
    |     await self.middleware_stack(scope, receive, send)
    |   File "/root/.venv/lib/python3.11/site-packages/starlette/routing.py", line 776, in app
    |     await route.handle(scope, receive, send)
    |   File "/root/.venv/lib/python3.11/site-packages/starlette/routing.py", line 297, in handle
    |     await self.app(scope, receive, send)
    |   File "/root/.venv/lib/python3.11/site-packages/starlette/routing.py", line 77, in app
    |     await wrap_app_handling_exceptions(app, request)(scope, receive, send)
    |   File "/root/.venv/lib/python3.11/site-packages/starlette/_exception_handler.py", line 64, in wrapped_app
    |     raise exc
    |   File "/root/.venv/lib/python3.11/site-packages/starlette/_exception_handler.py", line 53, in wrapped_app
    |     await app(scope, receive, sender)
    |   File "/root/.venv/lib/python3.11/site-packages/starlette/routing.py", line 72, in app
    |     response = await func(request)
    |                ^^^^^^^^^^^^^^^^^^^
    |   File "/root/.venv/lib/python3.11/site-packages/fastapi/routing.py", line 278, in app
    |     raw_response = await run_endpoint_function(
    |                    ^^^^^^^^^^^^^^^^^^^^^^^^^^^^
    |   File "/root/.venv/lib/python3.11/site-packages/fastapi/routing.py", line 191, in run_endpoint_function
    |     return await dependant.call(**values)
    |            ^^^^^^^^^^^^^^^^^^^^^^^^^^^^^^
    |   File "/app/backend/routes/subscriptions.py", line 89, in get_my_subscriptions
    |     "user_id": user["user_id"],
    |                ~~~~^^^^^^^^^^^
    | KeyError: 'user_id'
    +------------------------------------

During handling of the above exception, another exception occurred:

Traceback (most recent call last):
  File "/root/.venv/lib/python3.11/site-packages/starlette/middleware/errors.py", line 164, in __call__
    await self.app(scope, receive, _send)
  File "/root/.venv/lib/python3.11/site-packages/starlette/middleware/cors.py", line 85, in __call__
    await self.app(scope, receive, send)
  File "/root/.venv/lib/python3.11/site-packages/starlette/middleware/base.py", line 189, in __call__
    with collapse_excgroups():
  File "/usr/local/lib/python3.11/contextlib.py", line 158, in __exit__
    self.gen.throw(typ, value, traceback)
  File "/root/.venv/lib/python3.11/site-packages/starlette/_utils.py", line 93, in collapse_excgroups
    raise exc
  File "/root/.venv/lib/python3.11/site-packages/starlette/middleware/base.py", line 191, in __call__
    response = await self.dispatch_func(request, call_next)
               ^^^^^^^^^^^^^^^^^^^^^^^^^^^^^^^^^^^^^^^^^^^^
  File "/app/backend/server.py", line 107, in log_requests
    response = await call_next(request)
               ^^^^^^^^^^^^^^^^^^^^^^^^
  File "/root/.venv/lib/python3.11/site-packages/starlette/middleware/base.py", line 165, in call_next
    raise app_exc
  File "/root/.venv/lib/python3.11/site-packages/starlette/middleware/base.py", line 151, in coro
    await self.app(scope, receive_or_disconnect, send_no_error)
  File "/root/.venv/lib/python3.11/site-packages/starlette/middleware/exceptions.py", line 65, in __call__
    await wrap_app_handling_exceptions(self.app, conn)(scope, receive, send)
  File "/root/.venv/lib/python3.11/site-packages/starlette/_exception_handler.py", line 64, in wrapped_app
    raise exc
  File "/root/.venv/lib/python3.11/site-packages/starlette/_exception_handler.py", line 53, in wrapped_app
    await app(scope, receive, sender)
  File "/root/.venv/lib/python3.11/site-packages/starlette/routing.py", line 756, in __call__
    await self.middleware_stack(scope, receive, send)
  File "/root/.venv/lib/python3.11/site-packages/starlette/routing.py", line 776, in app
    await route.handle(scope, receive, send)
  File "/root/.venv/lib/python3.11/site-packages/starlette/routing.py", line 297, in handle
    await self.app(scope, receive, send)
  File "/root/.venv/lib/python3.11/site-packages/starlette/routing.py", line 77, in app
    await wrap_app_handling_exceptions(app, request)(scope, receive, send)
  File "/root/.venv/lib/python3.11/site-packages/starlette/_exception_handler.py", line 64, in wrapped_app
    raise exc
  File "/root/.venv/lib/python3.11/site-packages/starlette/_exception_handler.py", line 53, in wrapped_app
    await app(scope, receive, sender)
  File "/root/.venv/lib/python3.11/site-packages/starlette/routing.py", line 72, in app
    response = await func(request)
               ^^^^^^^^^^^^^^^^^^^
  File "/root/.venv/lib/python3.11/site-packages/fastapi/routing.py", line 278, in app
    raw_response = await run_endpoint_function(
                   ^^^^^^^^^^^^^^^^^^^^^^^^^^^^
  File "/root/.venv/lib/python3.11/site-packages/fastapi/routing.py", line 191, in run_endpoint_function
    return await dependant.call(**values)
           ^^^^^^^^^^^^^^^^^^^^^^^^^^^^^^
  File "/app/backend/routes/subscriptions.py", line 89, in get_my_subscriptions
    "user_id": user["user_id"],
               ~~~~^^^^^^^^^^^
KeyError: 'user_id'

2026-04-29 06:30:50,731 [ERROR] bidblitz: Unhandled error: GET /api/subscriptions/check-benefits | 'user_id'
  + Exception Group Traceback (most recent call last):
  |   File "/root/.venv/lib/python3.11/site-packages/starlette/_utils.py", line 87, in collapse_excgroups
  |     yield
  |   File "/root/.venv/lib/python3.11/site-packages/starlette/middleware/base.py", line 190, in __call__
  |     async with anyio.create_task_group() as task_group:
  |   File "/root/.venv/lib/python3.11/site-packages/anyio/_backends/_asyncio.py", line 799, in __aexit__
  |     raise BaseExceptionGroup(
  | ExceptionGroup: unhandled errors in a TaskGroup (1 sub-exception)
  +-+---------------- 1 ----------------
    | Traceback (most recent call last):
    |   File "/root/.venv/lib/python3.11/site-packages/starlette/middleware/errors.py", line 164, in __call__
    |     await self.app(scope, receive, _send)
    |   File "/root/.venv/lib/python3.11/site-packages/starlette/middleware/cors.py", line 85, in __call__
    |     await self.app(scope, receive, send)
    |   File "/root/.venv/lib/python3.11/site-packages/starlette/middleware/base.py", line 189, in __call__
    |     with collapse_excgroups():
    |   File "/usr/local/lib/python3.11/contextlib.py", line 158, in __exit__
    |     self.gen.throw(typ, value, traceback)
    |   File "/root/.venv/lib/python3.11/site-packages/starlette/_utils.py", line 93, in collapse_excgroups
    |     raise exc
    |   File "/root/.venv/lib/python3.11/site-packages/starlette/middleware/base.py", line 191, in __call__
    |     response = await self.dispatch_func(request, call_next)
    |                ^^^^^^^^^^^^^^^^^^^^^^^^^^^^^^^^^^^^^^^^^^^^
    |   File "/app/backend/server.py", line 107, in log_requests
    |     response = await call_next(request)
    |                ^^^^^^^^^^^^^^^^^^^^^^^^
    |   File "/root/.venv/lib/python3.11/site-packages/starlette/middleware/base.py", line 165, in call_next
    |     raise app_exc
    |   File "/root/.venv/lib/python3.11/site-packages/starlette/middleware/base.py", line 151, in coro
    |     await self.app(scope, receive_or_disconnect, send_no_error)
    |   File "/root/.venv/lib/python3.11/site-packages/starlette/middleware/exceptions.py", line 65, in __call__
    |     await wrap_app_handling_exceptions(self.app, conn)(scope, receive, send)
    |   File "/root/.venv/lib/python3.11/site-packages/starlette/_exception_handler.py", line 64, in wrapped_app
    |     raise exc
    |   File "/root/.venv/lib/python3.11/site-packages/starlette/_exception_handler.py", line 53, in wrapped_app
    |     await app(scope, receive, sender)
    |   File "/root/.venv/lib/python3.11/site-packages/starlette/routing.py", line 756, in __call__
    |     await self.middleware_stack(scope, receive, send)
    |   File "/root/.venv/lib/python3.11/site-packages/starlette/routing.py", line 776, in app
    |     await route.handle(scope, receive, send)
    |   File "/root/.venv/lib/python3.11/site-packages/starlette/routing.py", line 297, in handle
    |     await self.app(scope, receive, send)
    |   File "/root/.venv/lib/python3.11/site-packages/starlette/routing.py", line 77, in app
    |     await wrap_app_handling_exceptions(app, request)(scope, receive, send)
    |   File "/root/.venv/lib/python3.11/site-packages/starlette/_exception_handler.py", line 64, in wrapped_app
    |     raise exc
    |   File "/root/.venv/lib/python3.11/site-packages/starlette/_exception_handler.py", line 53, in wrapped_app
    |     await app(scope, receive, sender)
    |   File "/root/.venv/lib/python3.11/site-packages/starlette/routing.py", line 72, in app
    |     response = await func(request)
    |                ^^^^^^^^^^^^^^^^^^^
    |   File "/root/.venv/lib/python3.11/site-packages/fastapi/routing.py", line 278, in app
    |     raw_response = await run_endpoint_function(
    |                    ^^^^^^^^^^^^^^^^^^^^^^^^^^^^
    |   File "/root/.venv/lib/python3.11/site-packages/fastapi/routing.py", line 191, in run_endpoint_function
    |     return await dependant.call(**values)
    |            ^^^^^^^^^^^^^^^^^^^^^^^^^^^^^^
    |   File "/app/backend/routes/subscriptions.py", line 117, in check_benefits
    |     "user_id": user["user_id"],
    |                ~~~~^^^^^^^^^^^
    | KeyError: 'user_id'
    +------------------------------------

During handling of the above exception, another exception occurred:

Traceback (most recent call last):
  File "/root/.venv/lib/python3.11/site-packages/starlette/middleware/errors.py", line 164, in __call__
    await self.app(scope, receive, _send)
  File "/root/.venv/lib/python3.11/site-packages/starlette/middleware/cors.py", line 85, in __call__
    await self.app(scope, receive, send)
  File "/root/.venv/lib/python3.11/site-packages/starlette/middleware/base.py", line 189, in __call__
    with collapse_excgroups():
  File "/usr/local/lib/python3.11/contextlib.py", line 158, in __exit__
    self.gen.throw(typ, value, traceback)
  File "/root/.venv/lib/python3.11/site-packages/starlette/_utils.py", line 93, in collapse_excgroups
    raise exc
  File "/root/.venv/lib/python3.11/site-packages/starlette/middleware/base.py", line 191, in __call__
    response = await self.dispatch_func(request, call_next)
               ^^^^^^^^^^^^^^^^^^^^^^^^^^^^^^^^^^^^^^^^^^^^
  File "/app/backend/server.py", line 107, in log_requests
    response = await call_next(request)
               ^^^^^^^^^^^^^^^^^^^^^^^^
  File "/root/.venv/lib/python3.11/site-packages/starlette/middleware/base.py", line 165, in call_next
    raise app_exc
  File "/root/.venv/lib/python3.11/site-packages/starlette/middleware/base.py", line 151, in coro
    await self.app(scope, receive_or_disconnect, send_no_error)
  File "/root/.venv/lib/python3.11/site-packages/starlette/middleware/exceptions.py", line 65, in __call__
    await wrap_app_handling_exceptions(self.app, conn)(scope, receive, send)
  File "/root/.venv/lib/python3.11/site-packages/starlette/_exception_handler.py", line 64, in wrapped_app
    raise exc
  File "/root/.venv/lib/python3.11/site-packages/starlette/_exception_handler.py", line 53, in wrapped_app
    await app(scope, receive, sender)
  File "/root/.venv/lib/python3.11/site-packages/starlette/routing.py", line 756, in __call__
    await self.middleware_stack(scope, receive, send)
  File "/root/.venv/lib/python3.11/site-packages/starlette/routing.py", line 776, in app
    await route.handle(scope, receive, send)
  File "/root/.venv/lib/python3.11/site-packages/starlette/routing.py", line 297, in handle
    await self.app(scope, receive, send)
  File "/root/.venv/lib/python3.11/site-packages/starlette/routing.py", line 77, in app
    await wrap_app_handling_exceptions(app, request)(scope, receive, send)
  File "/root/.venv/lib/python3.11/site-packages/starlette/_exception_handler.py", line 64, in wrapped_app
    raise exc
  File "/root/.venv/lib/python3.11/site-packages/starlette/_exception_handler.py", line 53, in wrapped_app
    await app(scope, receive, sender)
  File "/root/.venv/lib/python3.11/site-packages/starlette/routing.py", line 72, in app
    response = await func(request)
               ^^^^^^^^^^^^^^^^^^^
  File "/root/.venv/lib/python3.11/site-packages/fastapi/routing.py", line 278, in app
    raw_response = await run_endpoint_function(
                   ^^^^^^^^^^^^^^^^^^^^^^^^^^^^
  File "/root/.venv/lib/python3.11/site-packages/fastapi/routing.py", line 191, in run_endpoint_function
    return await dependant.call(**values)
           ^^^^^^^^^^^^^^^^^^^^^^^^^^^^^^
  File "/app/backend/routes/subscriptions.py", line 117, in check_benefits
    "user_id": user["user_id"],
               ~~~~^^^^^^^^^^^
KeyError: 'user_id'

2026-04-29 06:30:50,847 [ERROR] bidblitz: Unhandled error: GET /api/safety/my-emergency-contacts | 'user_id'
  + Exception Group Traceback (most recent call last):
  |   File "/root/.venv/lib/python3.11/site-packages/starlette/_utils.py", line 87, in collapse_excgroups
  |     yield
  |   File "/root/.venv/lib/python3.11/site-packages/starlette/middleware/base.py", line 190, in __call__
  |     async with anyio.create_task_group() as task_group:
  |   File "/root/.venv/lib/python3.11/site-packages/anyio/_backends/_asyncio.py", line 799, in __aexit__
  |     raise BaseExceptionGroup(
  | ExceptionGroup: unhandled errors in a TaskGroup (1 sub-exception)
  +-+---------------- 1 ----------------
    | Traceback (most recent call last):
    |   File "/root/.venv/lib/python3.11/site-packages/starlette/middleware/errors.py", line 164, in __call__
    |     await self.app(scope, receive, _send)
    |   File "/root/.venv/lib/python3.11/site-packages/starlette/middleware/cors.py", line 85, in __call__
    |     await self.app(scope, receive, send)
    |   File "/root/.venv/lib/python3.11/site-packages/starlette/middleware/base.py", line 189, in __call__
    |     with collapse_excgroups():
    |   File "/usr/local/lib/python3.11/contextlib.py", line 158, in __exit__
    |     self.gen.throw(typ, value, traceback)
    |   File "/root/.venv/lib/python3.11/site-packages/starlette/_utils.py", line 93, in collapse_excgroups
    |     raise exc
    |   File "/root/.venv/lib/python3.11/site-packages/starlette/middleware/base.py", line 191, in __call__
    |     response = await self.dispatch_func(request, call_next)
    |                ^^^^^^^^^^^^^^^^^^^^^^^^^^^^^^^^^^^^^^^^^^^^
    |   File "/app/backend/server.py", line 107, in log_requests
    |     response = await call_next(request)
    |                ^^^^^^^^^^^^^^^^^^^^^^^^
    |   File "/root/.venv/lib/python3.11/site-packages/starlette/middleware/base.py", line 165, in call_next
    |     raise app_exc
    |   File "/root/.venv/lib/python3.11/site-packages/starlette/middleware/base.py", line 151, in coro
    |     await self.app(scope, receive_or_disconnect, send_no_error)
    |   File "/root/.venv/lib/python3.11/site-packages/starlette/middleware/exceptions.py", line 65, in __call__
    |     await wrap_app_handling_exceptions(self.app, conn)(scope, receive, send)
    |   File "/root/.venv/lib/python3.11/site-packages/starlette/_exception_handler.py", line 64, in wrapped_app
    |     raise exc
    |   File "/root/.venv/lib/python3.11/site-packages/starlette/_exception_handler.py", line 53, in wrapped_app
    |     await app(scope, receive, sender)
    |   File "/root/.venv/lib/python3.11/site-packages/starlette/routing.py", line 756, in __call__
    |     await self.middleware_stack(scope, receive, send)
    |   File "/root/.venv/lib/python3.11/site-packages/starlette/routing.py", line 776, in app
    |     await route.handle(scope, receive, send)
    |   File "/root/.venv/lib/python3.11/site-packages/starlette/routing.py", line 297, in handle
    |     await self.app(scope, receive, send)
    |   File "/root/.venv/lib/python3.11/site-packages/starlette/routing.py", line 77, in app
    |     await wrap_app_handling_exceptions(app, request)(scope, receive, send)
    |   File "/root/.venv/lib/python3.11/site-packages/starlette/_exception_handler.py", line 64, in wrapped_app
    |     raise exc
    |   File "/root/.venv/lib/python3.11/site-packages/starlette/_exception_handler.py", line 53, in wrapped_app
    |     await app(scope, receive, sender)
    |   File "/root/.venv/lib/python3.11/site-packages/starlette/routing.py", line 72, in app
    |     response = await func(request)
    |                ^^^^^^^^^^^^^^^^^^^
    |   File "/root/.venv/lib/python3.11/site-packages/fastapi/routing.py", line 278, in app
    |     raw_response = await run_endpoint_function(
    |                    ^^^^^^^^^^^^^^^^^^^^^^^^^^^^
    |   File "/root/.venv/lib/python3.11/site-packages/fastapi/routing.py", line 191, in run_endpoint_function
    |     return await dependant.call(**values)
    |            ^^^^^^^^^^^^^^^^^^^^^^^^^^^^^^
    |   File "/app/backend/routes/safety.py", line 134, in get_emergency_contacts
    |     {"user_id": user["user_id"]},
    |                 ~~~~^^^^^^^^^^^
    | KeyError: 'user_id'
    +------------------------------------

During handling of the above exception, another exception occurred:

Traceback (most recent call last):
  File "/root/.venv/lib/python3.11/site-packages/starlette/middleware/errors.py", line 164, in __call__
    await self.app(scope, receive, _send)
  File "/root/.venv/lib/python3.11/site-packages/starlette/middleware/cors.py", line 85, in __call__
    await self.app(scope, receive, send)
  File "/root/.venv/lib/python3.11/site-packages/starlette/middleware/base.py", line 189, in __call__
    with collapse_excgroups():
  File "/usr/local/lib/python3.11/contextlib.py", line 158, in __exit__
    self.gen.throw(typ, value, traceback)
  File "/root/.venv/lib/python3.11/site-packages/starlette/_utils.py", line 93, in collapse_excgroups
    raise exc
  File "/root/.venv/lib/python3.11/site-packages/starlette/middleware/base.py", line 191, in __call__
    response = await self.dispatch_func(request, call_next)
               ^^^^^^^^^^^^^^^^^^^^^^^^^^^^^^^^^^^^^^^^^^^^
  File "/app/backend/server.py", line 107, in log_requests
    response = await call_next(request)
               ^^^^^^^^^^^^^^^^^^^^^^^^
  File "/root/.venv/lib/python3.11/site-packages/starlette/middleware/base.py", line 165, in call_next
    raise app_exc
  File "/root/.venv/lib/python3.11/site-packages/starlette/middleware/base.py", line 151, in coro
    await self.app(scope, receive_or_disconnect, send_no_error)
  File "/root/.venv/lib/python3.11/site-packages/starlette/middleware/exceptions.py", line 65, in __call__
    await wrap_app_handling_exceptions(self.app, conn)(scope, receive, send)
  File "/root/.venv/lib/python3.11/site-packages/starlette/_exception_handler.py", line 64, in wrapped_app
    raise exc
  File "/root/.venv/lib/python3.11/site-packages/starlette/_exception_handler.py", line 53, in wrapped_app
    await app(scope, receive, sender)
  File "/root/.venv/lib/python3.11/site-packages/starlette/routing.py", line 756, in __call__
    await self.middleware_stack(scope, receive, send)
  File "/root/.venv/lib/python3.11/site-packages/starlette/routing.py", line 776, in app
    await route.handle(scope, receive, send)
  File "/root/.venv/lib/python3.11/site-packages/starlette/routing.py", line 297, in handle
    await self.app(scope, receive, send)
  File "/root/.venv/lib/python3.11/site-packages/starlette/routing.py", line 77, in app
    await wrap_app_handling_exceptions(app, request)(scope, receive, send)
  File "/root/.venv/lib/python3.11/site-packages/starlette/_exception_handler.py", line 64, in wrapped_app
    raise exc
  File "/root/.venv/lib/python3.11/site-packages/starlette/_exception_handler.py", line 53, in wrapped_app
    await app(scope, receive, sender)
  File "/root/.venv/lib/python3.11/site-packages/starlette/routing.py", line 72, in app
    response = await func(request)
               ^^^^^^^^^^^^^^^^^^^
  File "/root/.venv/lib/python3.11/site-packages/fastapi/routing.py", line 278, in app
    raw_response = await run_endpoint_function(
                   ^^^^^^^^^^^^^^^^^^^^^^^^^^^^
  File "/root/.venv/lib/python3.11/site-packages/fastapi/routing.py", line 191, in run_endpoint_function
    return await dependant.call(**values)
           ^^^^^^^^^^^^^^^^^^^^^^^^^^^^^^
  File "/app/backend/routes/safety.py", line 134, in get_emergency_contacts
    {"user_id": user["user_id"]},
                ~~~~^^^^^^^^^^^
KeyError: 'user_id'

2026-04-29 06:30:50,968 [ERROR] bidblitz: Unhandled error: POST /api/safety/add-emergency-contact | 'user_id'
  + Exception Group Traceback (most recent call last):
  |   File "/root/.venv/lib/python3.11/site-packages/starlette/_utils.py", line 87, in collapse_excgroups
  |     yield
  |   File "/root/.venv/lib/python3.11/site-packages/starlette/middleware/base.py", line 190, in __call__
  |     async with anyio.create_task_group() as task_group:
  |   File "/root/.venv/lib/python3.11/site-packages/anyio/_backends/_asyncio.py", line 799, in __aexit__
  |     raise BaseExceptionGroup(
  | ExceptionGroup: unhandled errors in a TaskGroup (1 sub-exception)
  +-+---------------- 1 ----------------
    | Traceback (most recent call last):
    |   File "/root/.venv/lib/python3.11/site-packages/starlette/middleware/errors.py", line 164, in __call__
    |     await self.app(scope, receive, _send)
    |   File "/root/.venv/lib/python3.11/site-packages/starlette/middleware/cors.py", line 85, in __call__
    |     await self.app(scope, receive, send)
    |   File "/root/.venv/lib/python3.11/site-packages/starlette/middleware/base.py", line 189, in __call__
    |     with collapse_excgroups():
    |   File "/usr/local/lib/python3.11/contextlib.py", line 158, in __exit__
    |     self.gen.throw(typ, value, traceback)
    |   File "/root/.venv/lib/python3.11/site-packages/starlette/_utils.py", line 93, in collapse_excgroups
    |     raise exc
    |   File "/root/.venv/lib/python3.11/site-packages/starlette/middleware/base.py", line 191, in __call__
    |     response = await self.dispatch_func(request, call_next)
    |                ^^^^^^^^^^^^^^^^^^^^^^^^^^^^^^^^^^^^^^^^^^^^
    |   File "/app/backend/server.py", line 107, in log_requests
    |     response = await call_next(request)
    |                ^^^^^^^^^^^^^^^^^^^^^^^^
    |   File "/root/.venv/lib/python3.11/site-packages/starlette/middleware/base.py", line 165, in call_next
    |     raise app_exc
    |   File "/root/.venv/lib/python3.11/site-packages/starlette/middleware/base.py", line 151, in coro
    |     await self.app(scope, receive_or_disconnect, send_no_error)
    |   File "/root/.venv/lib/python3.11/site-packages/starlette/middleware/exceptions.py", line 65, in __call__
    |     await wrap_app_handling_exceptions(self.app, conn)(scope, receive, send)
    |   File "/root/.venv/lib/python3.11/site-packages/starlette/_exception_handler.py", line 64, in wrapped_app
    |     raise exc
    |   File "/root/.venv/lib/python3.11/site-packages/starlette/_exception_handler.py", line 53, in wrapped_app
    |     await app(scope, receive, sender)
    |   File "/root/.venv/lib/python3.11/site-packages/starlette/routing.py", line 756, in __call__
    |     await self.middleware_stack(scope, receive, send)
    |   File "/root/.venv/lib/python3.11/site-packages/starlette/routing.py", line 776, in app
    |     await route.handle(scope, receive, send)
    |   File "/root/.venv/lib/python3.11/site-packages/starlette/routing.py", line 297, in handle
    |     await self.app(scope, receive, send)
    |   File "/root/.venv/lib/python3.11/site-packages/starlette/routing.py", line 77, in app
    |     await wrap_app_handling_exceptions(app, request)(scope, receive, send)
    |   File "/root/.venv/lib/python3.11/site-packages/starlette/_exception_handler.py", line 64, in wrapped_app
    |     raise exc
    |   File "/root/.venv/lib/python3.11/site-packages/starlette/_exception_handler.py", line 53, in wrapped_app
    |     await app(scope, receive, sender)
    |   File "/root/.venv/lib/python3.11/site-packages/starlette/routing.py", line 72, in app
    |     response = await func(request)
    |                ^^^^^^^^^^^^^^^^^^^
    |   File "/root/.venv/lib/python3.11/site-packages/fastapi/routing.py", line 278, in app
    |     raw_response = await run_endpoint_function(
    |                    ^^^^^^^^^^^^^^^^^^^^^^^^^^^^
    |   File "/root/.venv/lib/python3.11/site-packages/fastapi/routing.py", line 191, in run_endpoint_function
    |     return await dependant.call(**values)
    |            ^^^^^^^^^^^^^^^^^^^^^^^^^^^^^^
    |   File "/app/backend/routes/safety.py", line 144, in add_emergency_contact
    |     {"user_id": user["user_id"]},
    |                 ~~~~^^^^^^^^^^^
    | KeyError: 'user_id'
    +------------------------------------

During handling of the above exception, another exception occurred:

Traceback (most recent call last):
  File "/root/.venv/lib/python3.11/site-packages/starlette/middleware/errors.py", line 164, in __call__
    await self.app(scope, receive, _send)
  File "/root/.venv/lib/python3.11/site-packages/starlette/middleware/cors.py", line 85, in __call__
    await self.app(scope, receive, send)
  File "/root/.venv/lib/python3.11/site-packages/starlette/middleware/base.py", line 189, in __call__
    with collapse_excgroups():
  File "/usr/local/lib/python3.11/contextlib.py", line 158, in __exit__
    self.gen.throw(typ, value, traceback)
  File "/root/.venv/lib/python3.11/site-packages/starlette/_utils.py", line 93, in collapse_excgroups
    raise exc
  File "/root/.venv/lib/python3.11/site-packages/starlette/middleware/base.py", line 191, in __call__
    response = await self.dispatch_func(request, call_next)
               ^^^^^^^^^^^^^^^^^^^^^^^^^^^^^^^^^^^^^^^^^^^^
  File "/app/backend/server.py", line 107, in log_requests
    response = await call_next(request)
               ^^^^^^^^^^^^^^^^^^^^^^^^
  File "/root/.venv/lib/python3.11/site-packages/starlette/middleware/base.py", line 165, in call_next
    raise app_exc
  File "/root/.venv/lib/python3.11/site-packages/starlette/middleware/base.py", line 151, in coro
    await self.app(scope, receive_or_disconnect, send_no_error)
  File "/root/.venv/lib/python3.11/site-packages/starlette/middleware/exceptions.py", line 65, in __call__
    await wrap_app_handling_exceptions(self.app, conn)(scope, receive, send)
  File "/root/.venv/lib/python3.11/site-packages/starlette/_exception_handler.py", line 64, in wrapped_app
    raise exc
  File "/root/.venv/lib/python3.11/site-packages/starlette/_exception_handler.py", line 53, in wrapped_app
    await app(scope, receive, sender)
  File "/root/.venv/lib/python3.11/site-packages/starlette/routing.py", line 756, in __call__
    await self.middleware_stack(scope, receive, send)
  File "/root/.venv/lib/python3.11/site-packages/starlette/routing.py", line 776, in app
    await route.handle(scope, receive, send)
  File "/root/.venv/lib/python3.11/site-packages/starlette/routing.py", line 297, in handle
    await self.app(scope, receive, send)
  File "/root/.venv/lib/python3.11/site-packages/starlette/routing.py", line 77, in app
    await wrap_app_handling_exceptions(app, request)(scope, receive, send)
  File "/root/.venv/lib/python3.11/site-packages/starlette/_exception_handler.py", line 64, in wrapped_app
    raise exc
  File "/root/.venv/lib/python3.11/site-packages/starlette/_exception_handler.py", line 53, in wrapped_app
    await app(scope, receive, sender)
  File "/root/.venv/lib/python3.11/site-packages/starlette/routing.py", line 72, in app
    response = await func(request)
               ^^^^^^^^^^^^^^^^^^^
  File "/root/.venv/lib/python3.11/site-packages/fastapi/routing.py", line 278, in app
    raw_response = await run_endpoint_function(
                   ^^^^^^^^^^^^^^^^^^^^^^^^^^^^
  File "/root/.venv/lib/python3.11/site-packages/fastapi/routing.py", line 191, in run_endpoint_function
    return await dependant.call(**values)
           ^^^^^^^^^^^^^^^^^^^^^^^^^^^^^^
  File "/app/backend/routes/safety.py", line 144, in add_emergency_contact
    {"user_id": user["user_id"]},
                ~~~~^^^^^^^^^^^
KeyError: 'user_id'

2026-04-29 06:30:51,085 [ERROR] bidblitz: Unhandled error: POST /api/safety/share-location | 'user_id'
  + Exception Group Traceback (most recent call last):
  |   File "/root/.venv/lib/python3.11/site-packages/starlette/_utils.py", line 87, in collapse_excgroups
  |     yield
  |   File "/root/.venv/lib/python3.11/site-packages/starlette/middleware/base.py", line 190, in __call__
  |     async with anyio.create_task_group() as task_group:
  |   File "/root/.venv/lib/python3.11/site-packages/anyio/_backends/_asyncio.py", line 799, in __aexit__
  |     raise BaseExceptionGroup(
  | ExceptionGroup: unhandled errors in a TaskGroup (1 sub-exception)
  +-+---------------- 1 ----------------
    | Traceback (most recent call last):
    |   File "/root/.venv/lib/python3.11/site-packages/starlette/middleware/errors.py", line 164, in __call__
    |     await self.app(scope, receive, _send)
    |   File "/root/.venv/lib/python3.11/site-packages/starlette/middleware/cors.py", line 85, in __call__
    |     await self.app(scope, receive, send)
    |   File "/root/.venv/lib/python3.11/site-packages/starlette/middleware/base.py", line 189, in __call__
    |     with collapse_excgroups():
    |   File "/usr/local/lib/python3.11/contextlib.py", line 158, in __exit__
    |     self.gen.throw(typ, value, traceback)
    |   File "/root/.venv/lib/python3.11/site-packages/starlette/_utils.py", line 93, in collapse_excgroups
    |     raise exc
    |   File "/root/.venv/lib/python3.11/site-packages/starlette/middleware/base.py", line 191, in __call__
    |     response = await self.dispatch_func(request, call_next)
    |                ^^^^^^^^^^^^^^^^^^^^^^^^^^^^^^^^^^^^^^^^^^^^
    |   File "/app/backend/server.py", line 107, in log_requests
    |     response = await call_next(request)
    |                ^^^^^^^^^^^^^^^^^^^^^^^^
    |   File "/root/.venv/lib/python3.11/site-packages/starlette/middleware/base.py", line 165, in call_next
    |     raise app_exc
    |   File "/root/.venv/lib/python3.11/site-packages/starlette/middleware/base.py", line 151, in coro
    |     await self.app(scope, receive_or_disconnect, send_no_error)
    |   File "/root/.venv/lib/python3.11/site-packages/starlette/middleware/exceptions.py", line 65, in __call__
    |     await wrap_app_handling_exceptions(self.app, conn)(scope, receive, send)
    |   File "/root/.venv/lib/python3.11/site-packages/starlette/_exception_handler.py", line 64, in wrapped_app
    |     raise exc
    |   File "/root/.venv/lib/python3.11/site-packages/starlette/_exception_handler.py", line 53, in wrapped_app
    |     await app(scope, receive, sender)
    |   File "/root/.venv/lib/python3.11/site-packages/starlette/routing.py", line 756, in __call__
    |     await self.middleware_stack(scope, receive, send)
    |   File "/root/.venv/lib/python3.11/site-packages/starlette/routing.py", line 776, in app
    |     await route.handle(scope, receive, send)
    |   File "/root/.venv/lib/python3.11/site-packages/starlette/routing.py", line 297, in handle
    |     await self.app(scope, receive, send)
    |   File "/root/.venv/lib/python3.11/site-packages/starlette/routing.py", line 77, in app
    |     await wrap_app_handling_exceptions(app, request)(scope, receive, send)
    |   File "/root/.venv/lib/python3.11/site-packages/starlette/_exception_handler.py", line 64, in wrapped_app
    |     raise exc
    |   File "/root/.venv/lib/python3.11/site-packages/starlette/_exception_handler.py", line 53, in wrapped_app
    |     await app(scope, receive, sender)
    |   File "/root/.venv/lib/python3.11/site-packages/starlette/routing.py", line 72, in app
    |     response = await func(request)
    |                ^^^^^^^^^^^^^^^^^^^
    |   File "/root/.venv/lib/python3.11/site-packages/fastapi/routing.py", line 278, in app
    |     raw_response = await run_endpoint_function(
    |                    ^^^^^^^^^^^^^^^^^^^^^^^^^^^^
    |   File "/root/.venv/lib/python3.11/site-packages/fastapi/routing.py", line 191, in run_endpoint_function
    |     return await dependant.call(**values)
    |            ^^^^^^^^^^^^^^^^^^^^^^^^^^^^^^
    |   File "/app/backend/routes/safety.py", line 26, in share_location
    |     ride = await db.taxi_rides.find_one({"ride_id": req.ride_id, "user_id": user["user_id"]}, {"_id": 0})
    |                                                                             ~~~~^^^^^^^^^^^
    | KeyError: 'user_id'
    +------------------------------------

During handling of the above exception, another exception occurred:

Traceback (most recent call last):
  File "/root/.venv/lib/python3.11/site-packages/starlette/middleware/errors.py", line 164, in __call__
    await self.app(scope, receive, _send)
  File "/root/.venv/lib/python3.11/site-packages/starlette/middleware/cors.py", line 85, in __call__
    await self.app(scope, receive, send)
  File "/root/.venv/lib/python3.11/site-packages/starlette/middleware/base.py", line 189, in __call__
    with collapse_excgroups():
  File "/usr/local/lib/python3.11/contextlib.py", line 158, in __exit__
    self.gen.throw(typ, value, traceback)
  File "/root/.venv/lib/python3.11/site-packages/starlette/_utils.py", line 93, in collapse_excgroups
    raise exc
  File "/root/.venv/lib/python3.11/site-packages/starlette/middleware/base.py", line 191, in __call__
    response = await self.dispatch_func(request, call_next)
               ^^^^^^^^^^^^^^^^^^^^^^^^^^^^^^^^^^^^^^^^^^^^
  File "/app/backend/server.py", line 107, in log_requests
    response = await call_next(request)
               ^^^^^^^^^^^^^^^^^^^^^^^^
  File "/root/.venv/lib/python3.11/site-packages/starlette/middleware/base.py", line 165, in call_next
    raise app_exc
  File "/root/.venv/lib/python3.11/site-packages/starlette/middleware/base.py", line 151, in coro
    await self.app(scope, receive_or_disconnect, send_no_error)
  File "/root/.venv/lib/python3.11/site-packages/starlette/middleware/exceptions.py", line 65, in __call__
    await wrap_app_handling_exceptions(self.app, conn)(scope, receive, send)
  File "/root/.venv/lib/python3.11/site-packages/starlette/_exception_handler.py", line 64, in wrapped_app
    raise exc
  File "/root/.venv/lib/python3.11/site-packages/starlette/_exception_handler.py", line 53, in wrapped_app
    await app(scope, receive, sender)
  File "/root/.venv/lib/python3.11/site-packages/starlette/routing.py", line 756, in __call__
    await self.middleware_stack(scope, receive, send)
  File "/root/.venv/lib/python3.11/site-packages/starlette/routing.py", line 776, in app
    await route.handle(scope, receive, send)
  File "/root/.venv/lib/python3.11/site-packages/starlette/routing.py", line 297, in handle
    await self.app(scope, receive, send)
  File "/root/.venv/lib/python3.11/site-packages/starlette/routing.py", line 77, in app
    await wrap_app_handling_exceptions(app, request)(scope, receive, send)
  File "/root/.venv/lib/python3.11/site-packages/starlette/_exception_handler.py", line 64, in wrapped_app
    raise exc
  File "/root/.venv/lib/python3.11/site-packages/starlette/_exception_handler.py", line 53, in wrapped_app
    await app(scope, receive, sender)
  File "/root/.venv/lib/python3.11/site-packages/starlette/routing.py", line 72, in app
    response = await func(request)
               ^^^^^^^^^^^^^^^^^^^
  File "/root/.venv/lib/python3.11/site-packages/fastapi/routing.py", line 278, in app
    raw_response = await run_endpoint_function(
                   ^^^^^^^^^^^^^^^^^^^^^^^^^^^^
  File "/root/.venv/lib/python3.11/site-packages/fastapi/routing.py", line 191, in run_endpoint_function
    return await dependant.call(**values)
           ^^^^^^^^^^^^^^^^^^^^^^^^^^^^^^
  File "/app/backend/routes/safety.py", line 26, in share_location
    ride = await db.taxi_rides.find_one({"ride_id": req.ride_id, "user_id": user["user_id"]}, {"_id": 0})
                                                                            ~~~~^^^^^^^^^^^
KeyError: 'user_id'

2026-04-29 06:30:51,201 [ERROR] bidblitz: Unhandled error: POST /api/safety/emergency | 'user_id'
  + Exception Group Traceback (most recent call last):
  |   File "/root/.venv/lib/python3.11/site-packages/starlette/_utils.py", line 87, in collapse_excgroups
  |     yield
  |   File "/root/.venv/lib/python3.11/site-packages/starlette/middleware/base.py", line 190, in __call__
  |     async with anyio.create_task_group() as task_group:
  |   File "/root/.venv/lib/python3.11/site-packages/anyio/_backends/_asyncio.py", line 799, in __aexit__
  |     raise BaseExceptionGroup(
  | ExceptionGroup: unhandled errors in a TaskGroup (1 sub-exception)
  +-+---------------- 1 ----------------
    | Traceback (most recent call last):
    |   File "/root/.venv/lib/python3.11/site-packages/starlette/middleware/errors.py", line 164, in __call__
    |     await self.app(scope, receive, _send)
    |   File "/root/.venv/lib/python3.11/site-packages/starlette/middleware/cors.py", line 85, in __call__
    |     await self.app(scope, receive, send)
    |   File "/root/.venv/lib/python3.11/site-packages/starlette/middleware/base.py", line 189, in __call__
    |     with collapse_excgroups():
    |   File "/usr/local/lib/python3.11/contextlib.py", line 158, in __exit__
    |     self.gen.throw(typ, value, traceback)
    |   File "/root/.venv/lib/python3.11/site-packages/starlette/_utils.py", line 93, in collapse_excgroups
    |     raise exc
    |   File "/root/.venv/lib/python3.11/site-packages/starlette/middleware/base.py", line 191, in __call__
    |     response = await self.dispatch_func(request, call_next)
    |                ^^^^^^^^^^^^^^^^^^^^^^^^^^^^^^^^^^^^^^^^^^^^
    |   File "/app/backend/server.py", line 107, in log_requests
    |     response = await call_next(request)
    |                ^^^^^^^^^^^^^^^^^^^^^^^^
    |   File "/root/.venv/lib/python3.11/site-packages/starlette/middleware/base.py", line 165, in call_next
    |     raise app_exc
    |   File "/root/.venv/lib/python3.11/site-packages/starlette/middleware/base.py", line 151, in coro
    |     await self.app(scope, receive_or_disconnect, send_no_error)
    |   File "/root/.venv/lib/python3.11/site-packages/starlette/middleware/exceptions.py", line 65, in __call__
    |     await wrap_app_handling_exceptions(self.app, conn)(scope, receive, send)
    |   File "/root/.venv/lib/python3.11/site-packages/starlette/_exception_handler.py", line 64, in wrapped_app
    |     raise exc
    |   File "/root/.venv/lib/python3.11/site-packages/starlette/_exception_handler.py", line 53, in wrapped_app
    |     await app(scope, receive, sender)
    |   File "/root/.venv/lib/python3.11/site-packages/starlette/routing.py", line 756, in __call__
    |     await self.middleware_stack(scope, receive, send)
    |   File "/root/.venv/lib/python3.11/site-packages/starlette/routing.py", line 776, in app
    |     await route.handle(scope, receive, send)
    |   File "/root/.venv/lib/python3.11/site-packages/starlette/routing.py", line 297, in handle
    |     await self.app(scope, receive, send)
    |   File "/root/.venv/lib/python3.11/site-packages/starlette/routing.py", line 77, in app
    |     await wrap_app_handling_exceptions(app, request)(scope, receive, send)
    |   File "/root/.venv/lib/python3.11/site-packages/starlette/_exception_handler.py", line 64, in wrapped_app
    |     raise exc
    |   File "/root/.venv/lib/python3.11/site-packages/starlette/_exception_handler.py", line 53, in wrapped_app
    |     await app(scope, receive, sender)
    |   File "/root/.venv/lib/python3.11/site-packages/starlette/routing.py", line 72, in app
    |     response = await func(request)
    |                ^^^^^^^^^^^^^^^^^^^
    |   File "/root/.venv/lib/python3.11/site-packages/fastapi/routing.py", line 278, in app
    |     raw_response = await run_endpoint_function(
    |                    ^^^^^^^^^^^^^^^^^^^^^^^^^^^^
    |   File "/root/.venv/lib/python3.11/site-packages/fastapi/routing.py", line 191, in run_endpoint_function
    |     return await dependant.call(**values)
    |            ^^^^^^^^^^^^^^^^^^^^^^^^^^^^^^
    |   File "/app/backend/routes/safety.py", line 75, in trigger_emergency
    |     "user_id": user["user_id"],
    |                ~~~~^^^^^^^^^^^
    | KeyError: 'user_id'
    +------------------------------------

During handling of the above exception, another exception occurred:

Traceback (most recent call last):
  File "/root/.venv/lib/python3.11/site-packages/starlette/middleware/errors.py", line 164, in __call__
    await self.app(scope, receive, _send)
  File "/root/.venv/lib/python3.11/site-packages/starlette/middleware/cors.py", line 85, in __call__
    await self.app(scope, receive, send)
  File "/root/.venv/lib/python3.11/site-packages/starlette/middleware/base.py", line 189, in __call__
    with collapse_excgroups():
  File "/usr/local/lib/python3.11/contextlib.py", line 158, in __exit__
    self.gen.throw(typ, value, traceback)
  File "/root/.venv/lib/python3.11/site-packages/starlette/_utils.py", line 93, in collapse_excgroups
    raise exc
  File "/root/.venv/lib/python3.11/site-packages/starlette/middleware/base.py", line 191, in __call__
    response = await self.dispatch_func(request, call_next)
               ^^^^^^^^^^^^^^^^^^^^^^^^^^^^^^^^^^^^^^^^^^^^
  File "/app/backend/server.py", line 107, in log_requests
    response = await call_next(request)
               ^^^^^^^^^^^^^^^^^^^^^^^^
  File "/root/.venv/lib/python3.11/site-packages/starlette/middleware/base.py", line 165, in call_next
    raise app_exc
  File "/root/.venv/lib/python3.11/site-packages/starlette/middleware/base.py", line 151, in coro
    await self.app(scope, receive_or_disconnect, send_no_error)
  File "/root/.venv/lib/python3.11/site-packages/starlette/middleware/exceptions.py", line 65, in __call__
    await wrap_app_handling_exceptions(self.app, conn)(scope, receive, send)
  File "/root/.venv/lib/python3.11/site-packages/starlette/_exception_handler.py", line 64, in wrapped_app
    raise exc
  File "/root/.venv/lib/python3.11/site-packages/starlette/_exception_handler.py", line 53, in wrapped_app
    await app(scope, receive, sender)
  File "/root/.venv/lib/python3.11/site-packages/starlette/routing.py", line 756, in __call__
    await self.middleware_stack(scope, receive, send)
  File "/root/.venv/lib/python3.11/site-packages/starlette/routing.py", line 776, in app
    await route.handle(scope, receive, send)
  File "/root/.venv/lib/python3.11/site-packages/starlette/routing.py", line 297, in handle
    await self.app(scope, receive, send)
  File "/root/.venv/lib/python3.11/site-packages/starlette/routing.py", line 77, in app
    await wrap_app_handling_exceptions(app, request)(scope, receive, send)
  File "/root/.venv/lib/python3.11/site-packages/starlette/_exception_handler.py", line 64, in wrapped_app
    raise exc
  File "/root/.venv/lib/python3.11/site-packages/starlette/_exception_handler.py", line 53, in wrapped_app
    await app(scope, receive, sender)
  File "/root/.venv/lib/python3.11/site-packages/starlette/routing.py", line 72, in app
    response = await func(request)
               ^^^^^^^^^^^^^^^^^^^
  File "/root/.venv/lib/python3.11/site-packages/fastapi/routing.py", line 278, in app
    raw_response = await run_endpoint_function(
                   ^^^^^^^^^^^^^^^^^^^^^^^^^^^^
  File "/root/.venv/lib/python3.11/site-packages/fastapi/routing.py", line 191, in run_endpoint_function
    return await dependant.call(**values)
           ^^^^^^^^^^^^^^^^^^^^^^^^^^^^^^
  File "/app/backend/routes/safety.py", line 75, in trigger_emergency
    "user_id": user["user_id"],
               ~~~~^^^^^^^^^^^
KeyError: 'user_id'

2026-04-29 06:30:52,003 [ERROR] bidblitz: Unhandled error: POST /api/group/create | 'user_id'
  + Exception Group Traceback (most recent call last):
  |   File "/root/.venv/lib/python3.11/site-packages/starlette/_utils.py", line 87, in collapse_excgroups
  |     yield
  |   File "/root/.venv/lib/python3.11/site-packages/starlette/middleware/base.py", line 190, in __call__
  |     async with anyio.create_task_group() as task_group:
  |   File "/root/.venv/lib/python3.11/site-packages/anyio/_backends/_asyncio.py", line 799, in __aexit__
  |     raise BaseExceptionGroup(
  | ExceptionGroup: unhandled errors in a TaskGroup (1 sub-exception)
  +-+---------------- 1 ----------------
    | Traceback (most recent call last):
    |   File "/root/.venv/lib/python3.11/site-packages/starlette/middleware/errors.py", line 164, in __call__
    |     await self.app(scope, receive, _send)
    |   File "/root/.venv/lib/python3.11/site-packages/starlette/middleware/cors.py", line 85, in __call__
    |     await self.app(scope, receive, send)
    |   File "/root/.venv/lib/python3.11/site-packages/starlette/middleware/base.py", line 189, in __call__
    |     with collapse_excgroups():
    |   File "/usr/local/lib/python3.11/contextlib.py", line 158, in __exit__
    |     self.gen.throw(typ, value, traceback)
    |   File "/root/.venv/lib/python3.11/site-packages/starlette/_utils.py", line 93, in collapse_excgroups
    |     raise exc
    |   File "/root/.venv/lib/python3.11/site-packages/starlette/middleware/base.py", line 191, in __call__
    |     response = await self.dispatch_func(request, call_next)
    |                ^^^^^^^^^^^^^^^^^^^^^^^^^^^^^^^^^^^^^^^^^^^^
    |   File "/app/backend/server.py", line 107, in log_requests
    |     response = await call_next(request)
    |                ^^^^^^^^^^^^^^^^^^^^^^^^
    |   File "/root/.venv/lib/python3.11/site-packages/starlette/middleware/base.py", line 165, in call_next
    |     raise app_exc
    |   File "/root/.venv/lib/python3.11/site-packages/starlette/middleware/base.py", line 151, in coro
    |     await self.app(scope, receive_or_disconnect, send_no_error)
    |   File "/root/.venv/lib/python3.11/site-packages/starlette/middleware/exceptions.py", line 65, in __call__
    |     await wrap_app_handling_exceptions(self.app, conn)(scope, receive, send)
    |   File "/root/.venv/lib/python3.11/site-packages/starlette/_exception_handler.py", line 64, in wrapped_app
    |     raise exc
    |   File "/root/.venv/lib/python3.11/site-packages/starlette/_exception_handler.py", line 53, in wrapped_app
    |     await app(scope, receive, sender)
    |   File "/root/.venv/lib/python3.11/site-packages/starlette/routing.py", line 756, in __call__
    |     await self.middleware_stack(scope, receive, send)
    |   File "/root/.venv/lib/python3.11/site-packages/starlette/routing.py", line 776, in app
    |     await route.handle(scope, receive, send)
    |   File "/root/.venv/lib/python3.11/site-packages/starlette/routing.py", line 297, in handle
    |     await self.app(scope, receive, send)
    |   File "/root/.venv/lib/python3.11/site-packages/starlette/routing.py", line 77, in app
    |     await wrap_app_handling_exceptions(app, request)(scope, receive, send)
    |   File "/root/.venv/lib/python3.11/site-packages/starlette/_exception_handler.py", line 64, in wrapped_app
    |     raise exc
    |   File "/root/.venv/lib/python3.11/site-packages/starlette/_exception_handler.py", line 53, in wrapped_app
    |     await app(scope, receive, sender)
    |   File "/root/.venv/lib/python3.11/site-packages/starlette/routing.py", line 72, in app
    |     response = await func(request)
    |                ^^^^^^^^^^^^^^^^^^^
    |   File "/root/.venv/lib/python3.11/site-packages/fastapi/routing.py", line 278, in app
    |     raw_response = await run_endpoint_function(
    |                    ^^^^^^^^^^^^^^^^^^^^^^^^^^^^
    |   File "/root/.venv/lib/python3.11/site-packages/fastapi/routing.py", line 191, in run_endpoint_function
    |     return await dependant.call(**values)
    |            ^^^^^^^^^^^^^^^^^^^^^^^^^^^^^^
    |   File "/app/backend/routes/group_orders.py", line 24, in create_group_order
    |     "organizer_id": user["user_id"],
    |                     ~~~~^^^^^^^^^^^
    | KeyError: 'user_id'
    +------------------------------------

During handling of the above exception, another exception occurred:

Traceback (most recent call last):
  File "/root/.venv/lib/python3.11/site-packages/starlette/middleware/errors.py", line 164, in __call__
    await self.app(scope, receive, _send)
  File "/root/.venv/lib/python3.11/site-packages/starlette/middleware/cors.py", line 85, in __call__
    await self.app(scope, receive, send)
  File "/root/.venv/lib/python3.11/site-packages/starlette/middleware/base.py", line 189, in __call__
    with collapse_excgroups():
  File "/usr/local/lib/python3.11/contextlib.py", line 158, in __exit__
    self.gen.throw(typ, value, traceback)
  File "/root/.venv/lib/python3.11/site-packages/starlette/_utils.py", line 93, in collapse_excgroups
    raise exc
  File "/root/.venv/lib/python3.11/site-packages/starlette/middleware/base.py", line 191, in __call__
    response = await self.dispatch_func(request, call_next)
               ^^^^^^^^^^^^^^^^^^^^^^^^^^^^^^^^^^^^^^^^^^^^
  File "/app/backend/server.py", line 107, in log_requests
    response = await call_next(request)
               ^^^^^^^^^^^^^^^^^^^^^^^^
  File "/root/.venv/lib/python3.11/site-packages/starlette/middleware/base.py", line 165, in call_next
    raise app_exc
  File "/root/.venv/lib/python3.11/site-packages/starlette/middleware/base.py", line 151, in coro
    await self.app(scope, receive_or_disconnect, send_no_error)
  File "/root/.venv/lib/python3.11/site-packages/starlette/middleware/exceptions.py", line 65, in __call__
    await wrap_app_handling_exceptions(self.app, conn)(scope, receive, send)
  File "/root/.venv/lib/python3.11/site-packages/starlette/_exception_handler.py", line 64, in wrapped_app
    raise exc
  File "/root/.venv/lib/python3.11/site-packages/starlette/_exception_handler.py", line 53, in wrapped_app
    await app(scope, receive, sender)
  File "/root/.venv/lib/python3.11/site-packages/starlette/routing.py", line 756, in __call__
    await self.middleware_stack(scope, receive, send)
  File "/root/.venv/lib/python3.11/site-packages/starlette/routing.py", line 776, in app
    await route.handle(scope, receive, send)
  File "/root/.venv/lib/python3.11/site-packages/starlette/routing.py", line 297, in handle
    await self.app(scope, receive, send)
  File "/root/.venv/lib/python3.11/site-packages/starlette/routing.py", line 77, in app
    await wrap_app_handling_exceptions(app, request)(scope, receive, send)
  File "/root/.venv/lib/python3.11/site-packages/starlette/_exception_handler.py", line 64, in wrapped_app
    raise exc
  File "/root/.venv/lib/python3.11/site-packages/starlette/_exception_handler.py", line 53, in wrapped_app
    await app(scope, receive, sender)
  File "/root/.venv/lib/python3.11/site-packages/starlette/routing.py", line 72, in app
    response = await func(request)
               ^^^^^^^^^^^^^^^^^^^
  File "/root/.venv/lib/python3.11/site-packages/fastapi/routing.py", line 278, in app
    raw_response = await run_endpoint_function(
                   ^^^^^^^^^^^^^^^^^^^^^^^^^^^^
  File "/root/.venv/lib/python3.11/site-packages/fastapi/routing.py", line 191, in run_endpoint_function
    return await dependant.call(**values)
           ^^^^^^^^^^^^^^^^^^^^^^^^^^^^^^
  File "/app/backend/routes/group_orders.py", line 24, in create_group_order
    "organizer_id": user["user_id"],
                    ~~~~^^^^^^^^^^^
KeyError: 'user_id'

2026-04-29 06:30:52,135 [ERROR] bidblitz: Unhandled error: POST /api/quick/favorite | 'user_id'
  + Exception Group Traceback (most recent call last):
  |   File "/root/.venv/lib/python3.11/site-packages/starlette/_utils.py", line 87, in collapse_excgroups
  |     yield
  |   File "/root/.venv/lib/python3.11/site-packages/starlette/middleware/base.py", line 190, in __call__
  |     async with anyio.create_task_group() as task_group:
  |   File "/root/.venv/lib/python3.11/site-packages/anyio/_backends/_asyncio.py", line 799, in __aexit__
  |     raise BaseExceptionGroup(
  | ExceptionGroup: unhandled errors in a TaskGroup (1 sub-exception)
  +-+---------------- 1 ----------------
    | Traceback (most recent call last):
    |   File "/root/.venv/lib/python3.11/site-packages/starlette/middleware/errors.py", line 164, in __call__
    |     await self.app(scope, receive, _send)
    |   File "/root/.venv/lib/python3.11/site-packages/starlette/middleware/cors.py", line 85, in __call__
    |     await self.app(scope, receive, send)
    |   File "/root/.venv/lib/python3.11/site-packages/starlette/middleware/base.py", line 189, in __call__
    |     with collapse_excgroups():
    |   File "/usr/local/lib/python3.11/contextlib.py", line 158, in __exit__
    |     self.gen.throw(typ, value, traceback)
    |   File "/root/.venv/lib/python3.11/site-packages/starlette/_utils.py", line 93, in collapse_excgroups
    |     raise exc
    |   File "/root/.venv/lib/python3.11/site-packages/starlette/middleware/base.py", line 191, in __call__
    |     response = await self.dispatch_func(request, call_next)
    |                ^^^^^^^^^^^^^^^^^^^^^^^^^^^^^^^^^^^^^^^^^^^^
    |   File "/app/backend/server.py", line 107, in log_requests
    |     response = await call_next(request)
    |                ^^^^^^^^^^^^^^^^^^^^^^^^
    |   File "/root/.venv/lib/python3.11/site-packages/starlette/middleware/base.py", line 165, in call_next
    |     raise app_exc
    |   File "/root/.venv/lib/python3.11/site-packages/starlette/middleware/base.py", line 151, in coro
    |     await self.app(scope, receive_or_disconnect, send_no_error)
    |   File "/root/.venv/lib/python3.11/site-packages/starlette/middleware/exceptions.py", line 65, in __call__
    |     await wrap_app_handling_exceptions(self.app, conn)(scope, receive, send)
    |   File "/root/.venv/lib/python3.11/site-packages/starlette/_exception_handler.py", line 64, in wrapped_app
    |     raise exc
    |   File "/root/.venv/lib/python3.11/site-packages/starlette/_exception_handler.py", line 53, in wrapped_app
    |     await app(scope, receive, sender)
    |   File "/root/.venv/lib/python3.11/site-packages/starlette/routing.py", line 756, in __call__
    |     await self.middleware_stack(scope, receive, send)
    |   File "/root/.venv/lib/python3.11/site-packages/starlette/routing.py", line 776, in app
    |     await route.handle(scope, receive, send)
    |   File "/root/.venv/lib/python3.11/site-packages/starlette/routing.py", line 297, in handle
    |     await self.app(scope, receive, send)
    |   File "/root/.venv/lib/python3.11/site-packages/starlette/routing.py", line 77, in app
    |     await wrap_app_handling_exceptions(app, request)(scope, receive, send)
    |   File "/root/.venv/lib/python3.11/site-packages/starlette/_exception_handler.py", line 64, in wrapped_app
    |     raise exc
    |   File "/root/.venv/lib/python3.11/site-packages/starlette/_exception_handler.py", line 53, in wrapped_app
    |     await app(scope, receive, sender)
    |   File "/root/.venv/lib/python3.11/site-packages/starlette/routing.py", line 72, in app
    |     response = await func(request)
    |                ^^^^^^^^^^^^^^^^^^^
    |   File "/root/.venv/lib/python3.11/site-packages/fastapi/routing.py", line 278, in app
    |     raw_response = await run_endpoint_function(
    |                    ^^^^^^^^^^^^^^^^^^^^^^^^^^^^
    |   File "/root/.venv/lib/python3.11/site-packages/fastapi/routing.py", line 191, in run_endpoint_function
    |     return await dependant.call(**values)
    |            ^^^^^^^^^^^^^^^^^^^^^^^^^^^^^^
    |   File "/app/backend/routes/quick_actions.py", line 54, in add_to_favorites
    |     {"user_id": user["user_id"]},
    |                 ~~~~^^^^^^^^^^^
    | KeyError: 'user_id'
    +------------------------------------

During handling of the above exception, another exception occurred:

Traceback (most recent call last):
  File "/root/.venv/lib/python3.11/site-packages/starlette/middleware/errors.py", line 164, in __call__
    await self.app(scope, receive, _send)
  File "/root/.venv/lib/python3.11/site-packages/starlette/middleware/cors.py", line 85, in __call__
    await self.app(scope, receive, send)
  File "/root/.venv/lib/python3.11/site-packages/starlette/middleware/base.py", line 189, in __call__
    with collapse_excgroups():
  File "/usr/local/lib/python3.11/contextlib.py", line 158, in __exit__
    self.gen.throw(typ, value, traceback)
  File "/root/.venv/lib/python3.11/site-packages/starlette/_utils.py", line 93, in collapse_excgroups
    raise exc
  File "/root/.venv/lib/python3.11/site-packages/starlette/middleware/base.py", line 191, in __call__
    response = await self.dispatch_func(request, call_next)
               ^^^^^^^^^^^^^^^^^^^^^^^^^^^^^^^^^^^^^^^^^^^^
  File "/app/backend/server.py", line 107, in log_requests
    response = await call_next(request)
               ^^^^^^^^^^^^^^^^^^^^^^^^
  File "/root/.venv/lib/python3.11/site-packages/starlette/middleware/base.py", line 165, in call_next
    raise app_exc
  File "/root/.venv/lib/python3.11/site-packages/starlette/middleware/base.py", line 151, in coro
    await self.app(scope, receive_or_disconnect, send_no_error)
  File "/root/.venv/lib/python3.11/site-packages/starlette/middleware/exceptions.py", line 65, in __call__
    await wrap_app_handling_exceptions(self.app, conn)(scope, receive, send)
  File "/root/.venv/lib/python3.11/site-packages/starlette/_exception_handler.py", line 64, in wrapped_app
    raise exc
  File "/root/.venv/lib/python3.11/site-packages/starlette/_exception_handler.py", line 53, in wrapped_app
    await app(scope, receive, sender)
  File "/root/.venv/lib/python3.11/site-packages/starlette/routing.py", line 756, in __call__
    await self.middleware_stack(scope, receive, send)
  File "/root/.venv/lib/python3.11/site-packages/starlette/routing.py", line 776, in app
    await route.handle(scope, receive, send)
  File "/root/.venv/lib/python3.11/site-packages/starlette/routing.py", line 297, in handle
    await self.app(scope, receive, send)
  File "/root/.venv/lib/python3.11/site-packages/starlette/routing.py", line 77, in app
    await wrap_app_handling_exceptions(app, request)(scope, receive, send)
  File "/root/.venv/lib/python3.11/site-packages/starlette/_exception_handler.py", line 64, in wrapped_app
    raise exc
  File "/root/.venv/lib/python3.11/site-packages/starlette/_exception_handler.py", line 53, in wrapped_app
    await app(scope, receive, sender)
  File "/root/.venv/lib/python3.11/site-packages/starlette/routing.py", line 72, in app
    response = await func(request)
               ^^^^^^^^^^^^^^^^^^^
  File "/root/.venv/lib/python3.11/site-packages/fastapi/routing.py", line 278, in app
    raw_response = await run_endpoint_function(
                   ^^^^^^^^^^^^^^^^^^^^^^^^^^^^
  File "/root/.venv/lib/python3.11/site-packages/fastapi/routing.py", line 191, in run_endpoint_function
    return await dependant.call(**values)
           ^^^^^^^^^^^^^^^^^^^^^^^^^^^^^^
  File "/app/backend/routes/quick_actions.py", line 54, in add_to_favorites
    {"user_id": user["user_id"]},
                ~~~~^^^^^^^^^^^
KeyError: 'user_id'

2026-04-29 06:30:52,259 [ERROR] bidblitz: Unhandled error: POST /api/quick/reorder/taxi/TEST_NONEXISTENT | 'user_id'
  + Exception Group Traceback (most recent call last):
  |   File "/root/.venv/lib/python3.11/site-packages/starlette/_utils.py", line 87, in collapse_excgroups
  |     yield
  |   File "/root/.venv/lib/python3.11/site-packages/starlette/middleware/base.py", line 190, in __call__
  |     async with anyio.create_task_group() as task_group:
  |   File "/root/.venv/lib/python3.11/site-packages/anyio/_backends/_asyncio.py", line 799, in __aexit__
  |     raise BaseExceptionGroup(
  | ExceptionGroup: unhandled errors in a TaskGroup (1 sub-exception)
  +-+---------------- 1 ----------------
    | Traceback (most recent call last):
    |   File "/root/.venv/lib/python3.11/site-packages/starlette/middleware/errors.py", line 164, in __call__
    |     await self.app(scope, receive, _send)
    |   File "/root/.venv/lib/python3.11/site-packages/starlette/middleware/cors.py", line 85, in __call__
    |     await self.app(scope, receive, send)
    |   File "/root/.venv/lib/python3.11/site-packages/starlette/middleware/base.py", line 189, in __call__
    |     with collapse_excgroups():
    |   File "/usr/local/lib/python3.11/contextlib.py", line 158, in __exit__
    |     self.gen.throw(typ, value, traceback)
    |   File "/root/.venv/lib/python3.11/site-packages/starlette/_utils.py", line 93, in collapse_excgroups
    |     raise exc
    |   File "/root/.venv/lib/python3.11/site-packages/starlette/middleware/base.py", line 191, in __call__
    |     response = await self.dispatch_func(request, call_next)
    |                ^^^^^^^^^^^^^^^^^^^^^^^^^^^^^^^^^^^^^^^^^^^^
    |   File "/app/backend/server.py", line 107, in log_requests
    |     response = await call_next(request)
    |                ^^^^^^^^^^^^^^^^^^^^^^^^
    |   File "/root/.venv/lib/python3.11/site-packages/starlette/middleware/base.py", line 165, in call_next
    |     raise app_exc
    |   File "/root/.venv/lib/python3.11/site-packages/starlette/middleware/base.py", line 151, in coro
    |     await self.app(scope, receive_or_disconnect, send_no_error)
    |   File "/root/.venv/lib/python3.11/site-packages/starlette/middleware/exceptions.py", line 65, in __call__
    |     await wrap_app_handling_exceptions(self.app, conn)(scope, receive, send)
    |   File "/root/.venv/lib/python3.11/site-packages/starlette/_exception_handler.py", line 64, in wrapped_app
    |     raise exc
    |   File "/root/.venv/lib/python3.11/site-packages/starlette/_exception_handler.py", line 53, in wrapped_app
    |     await app(scope, receive, sender)
    |   File "/root/.venv/lib/python3.11/site-packages/starlette/routing.py", line 756, in __call__
    |     await self.middleware_stack(scope, receive, send)
    |   File "/root/.venv/lib/python3.11/site-packages/starlette/routing.py", line 776, in app
    |     await route.handle(scope, receive, send)
    |   File "/root/.venv/lib/python3.11/site-packages/starlette/routing.py", line 297, in handle
    |     await self.app(scope, receive, send)
    |   File "/root/.venv/lib/python3.11/site-packages/starlette/routing.py", line 77, in app
    |     await wrap_app_handling_exceptions(app, request)(scope, receive, send)
    |   File "/root/.venv/lib/python3.11/site-packages/starlette/_exception_handler.py", line 64, in wrapped_app
    |     raise exc
    |   File "/root/.venv/lib/python3.11/site-packages/starlette/_exception_handler.py", line 53, in wrapped_app
    |     await app(scope, receive, sender)
    |   File "/root/.venv/lib/python3.11/site-packages/starlette/routing.py", line 72, in app
    |     response = await func(request)
    |                ^^^^^^^^^^^^^^^^^^^
    |   File "/root/.venv/lib/python3.11/site-packages/fastapi/routing.py", line 278, in app
    |     raw_response = await run_endpoint_function(
    |                    ^^^^^^^^^^^^^^^^^^^^^^^^^^^^
    |   File "/root/.venv/lib/python3.11/site-packages/fastapi/routing.py", line 191, in run_endpoint_function
    |     return await dependant.call(**values)
    |            ^^^^^^^^^^^^^^^^^^^^^^^^^^^^^^
    |   File "/app/backend/routes/quick_actions.py", line 15, in reorder
    |     original = await db.taxi_rides.find_one({"ride_id": order_id, "user_id": user["user_id"]}, {"_id": 0})
    |                                                                              ~~~~^^^^^^^^^^^
    | KeyError: 'user_id'
    +------------------------------------

During handling of the above exception, another exception occurred:

Traceback (most recent call last):
  File "/root/.venv/lib/python3.11/site-packages/starlette/middleware/errors.py", line 164, in __call__
    await self.app(scope, receive, _send)
  File "/root/.venv/lib/python3.11/site-packages/starlette/middleware/cors.py", line 85, in __call__
    await self.app(scope, receive, send)
  File "/root/.venv/lib/python3.11/site-packages/starlette/middleware/base.py", line 189, in __call__
    with collapse_excgroups():
  File "/usr/local/lib/python3.11/contextlib.py", line 158, in __exit__
    self.gen.throw(typ, value, traceback)
  File "/root/.venv/lib/python3.11/site-packages/starlette/_utils.py", line 93, in collapse_excgroups
    raise exc
  File "/root/.venv/lib/python3.11/site-packages/starlette/middleware/base.py", line 191, in __call__
    response = await self.dispatch_func(request, call_next)
               ^^^^^^^^^^^^^^^^^^^^^^^^^^^^^^^^^^^^^^^^^^^^
  File "/app/backend/server.py", line 107, in log_requests
    response = await call_next(request)
               ^^^^^^^^^^^^^^^^^^^^^^^^
  File "/root/.venv/lib/python3.11/site-packages/starlette/middleware/base.py", line 165, in call_next
    raise app_exc
  File "/root/.venv/lib/python3.11/site-packages/starlette/middleware/base.py", line 151, in coro
    await self.app(scope, receive_or_disconnect, send_no_error)
  File "/root/.venv/lib/python3.11/site-packages/starlette/middleware/exceptions.py", line 65, in __call__
    await wrap_app_handling_exceptions(self.app, conn)(scope, receive, send)
  File "/root/.venv/lib/python3.11/site-packages/starlette/_exception_handler.py", line 64, in wrapped_app
    raise exc
  File "/root/.venv/lib/python3.11/site-packages/starlette/_exception_handler.py", line 53, in wrapped_app
    await app(scope, receive, sender)
  File "/root/.venv/lib/python3.11/site-packages/starlette/routing.py", line 756, in __call__
    await self.middleware_stack(scope, receive, send)
  File "/root/.venv/lib/python3.11/site-packages/starlette/routing.py", line 776, in app
    await route.handle(scope, receive, send)
  File "/root/.venv/lib/python3.11/site-packages/starlette/routing.py", line 297, in handle
    await self.app(scope, receive, send)
  File "/root/.venv/lib/python3.11/site-packages/starlette/routing.py", line 77, in app
    await wrap_app_handling_exceptions(app, request)(scope, receive, send)
  File "/root/.venv/lib/python3.11/site-packages/starlette/_exception_handler.py", line 64, in wrapped_app
    raise exc
  File "/root/.venv/lib/python3.11/site-packages/starlette/_exception_handler.py", line 53, in wrapped_app
    await app(scope, receive, sender)
  File "/root/.venv/lib/python3.11/site-packages/starlette/routing.py", line 72, in app
    response = await func(request)
               ^^^^^^^^^^^^^^^^^^^
  File "/root/.venv/lib/python3.11/site-packages/fastapi/routing.py", line 278, in app
    raw_response = await run_endpoint_function(
                   ^^^^^^^^^^^^^^^^^^^^^^^^^^^^
  File "/root/.venv/lib/python3.11/site-packages/fastapi/routing.py", line 191, in run_endpoint_function
    return await dependant.call(**values)
           ^^^^^^^^^^^^^^^^^^^^^^^^^^^^^^
  File "/app/backend/routes/quick_actions.py", line 15, in reorder
    original = await db.taxi_rides.find_one({"ride_id": order_id, "user_id": user["user_id"]}, {"_id": 0})
                                                                             ~~~~^^^^^^^^^^^
KeyError: 'user_id'

2026-04-29 06:30:52,630 [ERROR] bidblitz: Unhandled error: POST /api/delivery/preferences | 'user_id'
  + Exception Group Traceback (most recent call last):
  |   File "/root/.venv/lib/python3.11/site-packages/starlette/_utils.py", line 87, in collapse_excgroups
  |     yield
  |   File "/root/.venv/lib/python3.11/site-packages/starlette/middleware/base.py", line 190, in __call__
  |     async with anyio.create_task_group() as task_group:
  |   File "/root/.venv/lib/python3.11/site-packages/anyio/_backends/_asyncio.py", line 799, in __aexit__
  |     raise BaseExceptionGroup(
  | ExceptionGroup: unhandled errors in a TaskGroup (1 sub-exception)
  +-+---------------- 1 ----------------
    | Traceback (most recent call last):
    |   File "/root/.venv/lib/python3.11/site-packages/starlette/middleware/errors.py", line 164, in __call__
    |     await self.app(scope, receive, _send)
    |   File "/root/.venv/lib/python3.11/site-packages/starlette/middleware/cors.py", line 85, in __call__
    |     await self.app(scope, receive, send)
    |   File "/root/.venv/lib/python3.11/site-packages/starlette/middleware/base.py", line 189, in __call__
    |     with collapse_excgroups():
    |   File "/usr/local/lib/python3.11/contextlib.py", line 158, in __exit__
    |     self.gen.throw(typ, value, traceback)
    |   File "/root/.venv/lib/python3.11/site-packages/starlette/_utils.py", line 93, in collapse_excgroups
    |     raise exc
    |   File "/root/.venv/lib/python3.11/site-packages/starlette/middleware/base.py", line 191, in __call__
    |     response = await self.dispatch_func(request, call_next)
    |                ^^^^^^^^^^^^^^^^^^^^^^^^^^^^^^^^^^^^^^^^^^^^
    |   File "/app/backend/server.py", line 107, in log_requests
    |     response = await call_next(request)
    |                ^^^^^^^^^^^^^^^^^^^^^^^^
    |   File "/root/.venv/lib/python3.11/site-packages/starlette/middleware/base.py", line 165, in call_next
    |     raise app_exc
    |   File "/root/.venv/lib/python3.11/site-packages/starlette/middleware/base.py", line 151, in coro
    |     await self.app(scope, receive_or_disconnect, send_no_error)
    |   File "/root/.venv/lib/python3.11/site-packages/starlette/middleware/exceptions.py", line 65, in __call__
    |     await wrap_app_handling_exceptions(self.app, conn)(scope, receive, send)
    |   File "/root/.venv/lib/python3.11/site-packages/starlette/_exception_handler.py", line 64, in wrapped_app
    |     raise exc
    |   File "/root/.venv/lib/python3.11/site-packages/starlette/_exception_handler.py", line 53, in wrapped_app
    |     await app(scope, receive, sender)
    |   File "/root/.venv/lib/python3.11/site-packages/starlette/routing.py", line 756, in __call__
    |     await self.middleware_stack(scope, receive, send)
    |   File "/root/.venv/lib/python3.11/site-packages/starlette/routing.py", line 776, in app
    |     await route.handle(scope, receive, send)
    |   File "/root/.venv/lib/python3.11/site-packages/starlette/routing.py", line 297, in handle
    |     await self.app(scope, receive, send)
    |   File "/root/.venv/lib/python3.11/site-packages/starlette/routing.py", line 77, in app
    |     await wrap_app_handling_exceptions(app, request)(scope, receive, send)
    |   File "/root/.venv/lib/python3.11/site-packages/starlette/_exception_handler.py", line 64, in wrapped_app
    |     raise exc
    |   File "/root/.venv/lib/python3.11/site-packages/starlette/_exception_handler.py", line 53, in wrapped_app
    |     await app(scope, receive, sender)
    |   File "/root/.venv/lib/python3.11/site-packages/starlette/routing.py", line 72, in app
    |     response = await func(request)
    |                ^^^^^^^^^^^^^^^^^^^
    |   File "/root/.venv/lib/python3.11/site-packages/fastapi/routing.py", line 278, in app
    |     raw_response = await run_endpoint_function(
    |                    ^^^^^^^^^^^^^^^^^^^^^^^^^^^^
    |   File "/root/.venv/lib/python3.11/site-packages/fastapi/routing.py", line 191, in run_endpoint_function
    |     return await dependant.call(**values)
    |            ^^^^^^^^^^^^^^^^^^^^^^^^^^^^^^
    |   File "/app/backend/routes/delivery_options.py", line 25, in set_delivery_preferences
    |     {"user_id": user["user_id"]},
    |                 ~~~~^^^^^^^^^^^
    | KeyError: 'user_id'
    +------------------------------------

During handling of the above exception, another exception occurred:

Traceback (most recent call last):
  File "/root/.venv/lib/python3.11/site-packages/starlette/middleware/errors.py", line 164, in __call__
    await self.app(scope, receive, _send)
  File "/root/.venv/lib/python3.11/site-packages/starlette/middleware/cors.py", line 85, in __call__
    await self.app(scope, receive, send)
  File "/root/.venv/lib/python3.11/site-packages/starlette/middleware/base.py", line 189, in __call__
    with collapse_excgroups():
  File "/usr/local/lib/python3.11/contextlib.py", line 158, in __exit__
    self.gen.throw(typ, value, traceback)
  File "/root/.venv/lib/python3.11/site-packages/starlette/_utils.py", line 93, in collapse_excgroups
    raise exc
  File "/root/.venv/lib/python3.11/site-packages/starlette/middleware/base.py", line 191, in __call__
    response = await self.dispatch_func(request, call_next)
               ^^^^^^^^^^^^^^^^^^^^^^^^^^^^^^^^^^^^^^^^^^^^
  File "/app/backend/server.py", line 107, in log_requests
    response = await call_next(request)
               ^^^^^^^^^^^^^^^^^^^^^^^^
  File "/root/.venv/lib/python3.11/site-packages/starlette/middleware/base.py", line 165, in call_next
    raise app_exc
  File "/root/.venv/lib/python3.11/site-packages/starlette/middleware/base.py", line 151, in coro
    await self.app(scope, receive_or_disconnect, send_no_error)
  File "/root/.venv/lib/python3.11/site-packages/starlette/middleware/exceptions.py", line 65, in __call__
    await wrap_app_handling_exceptions(self.app, conn)(scope, receive, send)
  File "/root/.venv/lib/python3.11/site-packages/starlette/_exception_handler.py", line 64, in wrapped_app
    raise exc
  File "/root/.venv/lib/python3.11/site-packages/starlette/_exception_handler.py", line 53, in wrapped_app
    await app(scope, receive, sender)
  File "/root/.venv/lib/python3.11/site-packages/starlette/routing.py", line 756, in __call__
    await self.middleware_stack(scope, receive, send)
  File "/root/.venv/lib/python3.11/site-packages/starlette/routing.py", line 776, in app
    await route.handle(scope, receive, send)
  File "/root/.venv/lib/python3.11/site-packages/starlette/routing.py", line 297, in handle
    await self.app(scope, receive, send)
  File "/root/.venv/lib/python3.11/site-packages/starlette/routing.py", line 77, in app
    await wrap_app_handling_exceptions(app, request)(scope, receive, send)
  File "/root/.venv/lib/python3.11/site-packages/starlette/_exception_handler.py", line 64, in wrapped_app
    raise exc
  File "/root/.venv/lib/python3.11/site-packages/starlette/_exception_handler.py", line 53, in wrapped_app
    await app(scope, receive, sender)
  File "/root/.venv/lib/python3.11/site-packages/starlette/routing.py", line 72, in app
    response = await func(request)
               ^^^^^^^^^^^^^^^^^^^
  File "/root/.venv/lib/python3.11/site-packages/fastapi/routing.py", line 278, in app
    raw_response = await run_endpoint_function(
                   ^^^^^^^^^^^^^^^^^^^^^^^^^^^^
  File "/root/.venv/lib/python3.11/site-packages/fastapi/routing.py", line 191, in run_endpoint_function
    return await dependant.call(**values)
           ^^^^^^^^^^^^^^^^^^^^^^^^^^^^^^
  File "/app/backend/routes/delivery_options.py", line 25, in set_delivery_preferences
    {"user_id": user["user_id"]},
                ~~~~^^^^^^^^^^^
KeyError: 'user_id'

2026-04-29 06:30:52,746 [ERROR] bidblitz: Unhandled error: POST /api/delivery/order/TEST_NONE/instructions | 'user_id'
  + Exception Group Traceback (most recent call last):
  |   File "/root/.venv/lib/python3.11/site-packages/starlette/_utils.py", line 87, in collapse_excgroups
  |     yield
  |   File "/root/.venv/lib/python3.11/site-packages/starlette/middleware/base.py", line 190, in __call__
  |     async with anyio.create_task_group() as task_group:
  |   File "/root/.venv/lib/python3.11/site-packages/anyio/_backends/_asyncio.py", line 799, in __aexit__
  |     raise BaseExceptionGroup(
  | ExceptionGroup: unhandled errors in a TaskGroup (1 sub-exception)
  +-+---------------- 1 ----------------
    | Traceback (most recent call last):
    |   File "/root/.venv/lib/python3.11/site-packages/starlette/middleware/errors.py", line 164, in __call__
    |     await self.app(scope, receive, _send)
    |   File "/root/.venv/lib/python3.11/site-packages/starlette/middleware/cors.py", line 85, in __call__
    |     await self.app(scope, receive, send)
    |   File "/root/.venv/lib/python3.11/site-packages/starlette/middleware/base.py", line 189, in __call__
    |     with collapse_excgroups():
    |   File "/usr/local/lib/python3.11/contextlib.py", line 158, in __exit__
    |     self.gen.throw(typ, value, traceback)
    |   File "/root/.venv/lib/python3.11/site-packages/starlette/_utils.py", line 93, in collapse_excgroups
    |     raise exc
    |   File "/root/.venv/lib/python3.11/site-packages/starlette/middleware/base.py", line 191, in __call__
    |     response = await self.dispatch_func(request, call_next)
    |                ^^^^^^^^^^^^^^^^^^^^^^^^^^^^^^^^^^^^^^^^^^^^
    |   File "/app/backend/server.py", line 107, in log_requests
    |     response = await call_next(request)
    |                ^^^^^^^^^^^^^^^^^^^^^^^^
    |   File "/root/.venv/lib/python3.11/site-packages/starlette/middleware/base.py", line 165, in call_next
    |     raise app_exc
    |   File "/root/.venv/lib/python3.11/site-packages/starlette/middleware/base.py", line 151, in coro
    |     await self.app(scope, receive_or_disconnect, send_no_error)
    |   File "/root/.venv/lib/python3.11/site-packages/starlette/middleware/exceptions.py", line 65, in __call__
    |     await wrap_app_handling_exceptions(self.app, conn)(scope, receive, send)
    |   File "/root/.venv/lib/python3.11/site-packages/starlette/_exception_handler.py", line 64, in wrapped_app
    |     raise exc
    |   File "/root/.venv/lib/python3.11/site-packages/starlette/_exception_handler.py", line 53, in wrapped_app
    |     await app(scope, receive, sender)
    |   File "/root/.venv/lib/python3.11/site-packages/starlette/routing.py", line 756, in __call__
    |     await self.middleware_stack(scope, receive, send)
    |   File "/root/.venv/lib/python3.11/site-packages/starlette/routing.py", line 776, in app
    |     await route.handle(scope, receive, send)
    |   File "/root/.venv/lib/python3.11/site-packages/starlette/routing.py", line 297, in handle
    |     await self.app(scope, receive, send)
    |   File "/root/.venv/lib/python3.11/site-packages/starlette/routing.py", line 77, in app
    |     await wrap_app_handling_exceptions(app, request)(scope, receive, send)
    |   File "/root/.venv/lib/python3.11/site-packages/starlette/_exception_handler.py", line 64, in wrapped_app
    |     raise exc
    |   File "/root/.venv/lib/python3.11/site-packages/starlette/_exception_handler.py", line 53, in wrapped_app
    |     await app(scope, receive, sender)
    |   File "/root/.venv/lib/python3.11/site-packages/starlette/routing.py", line 72, in app
    |     response = await func(request)
    |                ^^^^^^^^^^^^^^^^^^^
    |   File "/root/.venv/lib/python3.11/site-packages/fastapi/routing.py", line 278, in app
    |     raw_response = await run_endpoint_function(
    |                    ^^^^^^^^^^^^^^^^^^^^^^^^^^^^
    |   File "/root/.venv/lib/python3.11/site-packages/fastapi/routing.py", line 191, in run_endpoint_function
    |     return await dependant.call(**values)
    |            ^^^^^^^^^^^^^^^^^^^^^^^^^^^^^^
    |   File "/app/backend/routes/delivery_options.py", line 49, in set_order_instructions
    |     order = await db.food_orders.find_one({"order_id": order_id, "user_id": user["user_id"]})
    |                                                                             ~~~~^^^^^^^^^^^
    | KeyError: 'user_id'
    +------------------------------------

During handling of the above exception, another exception occurred:

Traceback (most recent call last):
  File "/root/.venv/lib/python3.11/site-packages/starlette/middleware/errors.py", line 164, in __call__
    await self.app(scope, receive, _send)
  File "/root/.venv/lib/python3.11/site-packages/starlette/middleware/cors.py", line 85, in __call__
    await self.app(scope, receive, send)
  File "/root/.venv/lib/python3.11/site-packages/starlette/middleware/base.py", line 189, in __call__
    with collapse_excgroups():
  File "/usr/local/lib/python3.11/contextlib.py", line 158, in __exit__
    self.gen.throw(typ, value, traceback)
  File "/root/.venv/lib/python3.11/site-packages/starlette/_utils.py", line 93, in collapse_excgroups
    raise exc
  File "/root/.venv/lib/python3.11/site-packages/starlette/middleware/base.py", line 191, in __call__
    response = await self.dispatch_func(request, call_next)
               ^^^^^^^^^^^^^^^^^^^^^^^^^^^^^^^^^^^^^^^^^^^^
  File "/app/backend/server.py", line 107, in log_requests
    response = await call_next(request)
               ^^^^^^^^^^^^^^^^^^^^^^^^
  File "/root/.venv/lib/python3.11/site-packages/starlette/middleware/base.py", line 165, in call_next
    raise app_exc
  File "/root/.venv/lib/python3.11/site-packages/starlette/middleware/base.py", line 151, in coro
    await self.app(scope, receive_or_disconnect, send_no_error)
  File "/root/.venv/lib/python3.11/site-packages/starlette/middleware/exceptions.py", line 65, in __call__
    await wrap_app_handling_exceptions(self.app, conn)(scope, receive, send)
  File "/root/.venv/lib/python3.11/site-packages/starlette/_exception_handler.py", line 64, in wrapped_app
    raise exc
  File "/root/.venv/lib/python3.11/site-packages/starlette/_exception_handler.py", line 53, in wrapped_app
    await app(scope, receive, sender)
  File "/root/.venv/lib/python3.11/site-packages/starlette/routing.py", line 756, in __call__
    await self.middleware_stack(scope, receive, send)
  File "/root/.venv/lib/python3.11/site-packages/starlette/routing.py", line 776, in app
    await route.handle(scope, receive, send)
  File "/root/.venv/lib/python3.11/site-packages/starlette/routing.py", line 297, in handle
    await self.app(scope, receive, send)
  File "/root/.venv/lib/python3.11/site-packages/starlette/routing.py", line 77, in app
    await wrap_app_handling_exceptions(app, request)(scope, receive, send)
  File "/root/.venv/lib/python3.11/site-packages/starlette/_exception_handler.py", line 64, in wrapped_app
    raise exc
  File "/root/.venv/lib/python3.11/site-packages/starlette/_exception_handler.py", line 53, in wrapped_app
    await app(scope, receive, sender)
  File "/root/.venv/lib/python3.11/site-packages/starlette/routing.py", line 72, in app
    response = await func(request)
               ^^^^^^^^^^^^^^^^^^^
  File "/root/.venv/lib/python3.11/site-packages/fastapi/routing.py", line 278, in app
    raw_response = await run_endpoint_function(
                   ^^^^^^^^^^^^^^^^^^^^^^^^^^^^
  File "/root/.venv/lib/python3.11/site-packages/fastapi/routing.py", line 191, in run_endpoint_function
    return await dependant.call(**values)
           ^^^^^^^^^^^^^^^^^^^^^^^^^^^^^^
  File "/app/backend/routes/delivery_options.py", line 49, in set_order_instructions
    order = await db.food_orders.find_one({"order_id": order_id, "user_id": user["user_id"]})
                                                                            ~~~~^^^^^^^^^^^
KeyError: 'user_id'

2026-04-29 06:30:52,962 [ERROR] bidblitz: Unhandled error: POST /api/bnpl/check-eligibility | 'user_id'
  + Exception Group Traceback (most recent call last):
  |   File "/root/.venv/lib/python3.11/site-packages/starlette/_utils.py", line 87, in collapse_excgroups
  |     yield
  |   File "/root/.venv/lib/python3.11/site-packages/starlette/middleware/base.py", line 190, in __call__
  |     async with anyio.create_task_group() as task_group:
  |   File "/root/.venv/lib/python3.11/site-packages/anyio/_backends/_asyncio.py", line 799, in __aexit__
  |     raise BaseExceptionGroup(
  | ExceptionGroup: unhandled errors in a TaskGroup (1 sub-exception)
  +-+---------------- 1 ----------------
    | Traceback (most recent call last):
    |   File "/root/.venv/lib/python3.11/site-packages/starlette/middleware/errors.py", line 164, in __call__
    |     await self.app(scope, receive, _send)
    |   File "/root/.venv/lib/python3.11/site-packages/starlette/middleware/cors.py", line 85, in __call__
    |     await self.app(scope, receive, send)
    |   File "/root/.venv/lib/python3.11/site-packages/starlette/middleware/base.py", line 189, in __call__
    |     with collapse_excgroups():
    |   File "/usr/local/lib/python3.11/contextlib.py", line 158, in __exit__
    |     self.gen.throw(typ, value, traceback)
    |   File "/root/.venv/lib/python3.11/site-packages/starlette/_utils.py", line 93, in collapse_excgroups
    |     raise exc
    |   File "/root/.venv/lib/python3.11/site-packages/starlette/middleware/base.py", line 191, in __call__
    |     response = await self.dispatch_func(request, call_next)
    |                ^^^^^^^^^^^^^^^^^^^^^^^^^^^^^^^^^^^^^^^^^^^^
    |   File "/app/backend/server.py", line 107, in log_requests
    |     response = await call_next(request)
    |                ^^^^^^^^^^^^^^^^^^^^^^^^
    |   File "/root/.venv/lib/python3.11/site-packages/starlette/middleware/base.py", line 165, in call_next
    |     raise app_exc
    |   File "/root/.venv/lib/python3.11/site-packages/starlette/middleware/base.py", line 151, in coro
    |     await self.app(scope, receive_or_disconnect, send_no_error)
    |   File "/root/.venv/lib/python3.11/site-packages/starlette/middleware/exceptions.py", line 65, in __call__
    |     await wrap_app_handling_exceptions(self.app, conn)(scope, receive, send)
    |   File "/root/.venv/lib/python3.11/site-packages/starlette/_exception_handler.py", line 64, in wrapped_app
    |     raise exc
    |   File "/root/.venv/lib/python3.11/site-packages/starlette/_exception_handler.py", line 53, in wrapped_app
    |     await app(scope, receive, sender)
    |   File "/root/.venv/lib/python3.11/site-packages/starlette/routing.py", line 756, in __call__
    |     await self.middleware_stack(scope, receive, send)
    |   File "/root/.venv/lib/python3.11/site-packages/starlette/routing.py", line 776, in app
    |     await route.handle(scope, receive, send)
    |   File "/root/.venv/lib/python3.11/site-packages/starlette/routing.py", line 297, in handle
    |     await self.app(scope, receive, send)
    |   File "/root/.venv/lib/python3.11/site-packages/starlette/routing.py", line 77, in app
    |     await wrap_app_handling_exceptions(app, request)(scope, receive, send)
    |   File "/root/.venv/lib/python3.11/site-packages/starlette/_exception_handler.py", line 64, in wrapped_app
    |     raise exc
    |   File "/root/.venv/lib/python3.11/site-packages/starlette/_exception_handler.py", line 53, in wrapped_app
    |     await app(scope, receive, sender)
    |   File "/root/.venv/lib/python3.11/site-packages/starlette/routing.py", line 72, in app
    |     response = await func(request)
    |                ^^^^^^^^^^^^^^^^^^^
    |   File "/root/.venv/lib/python3.11/site-packages/fastapi/routing.py", line 278, in app
    |     raw_response = await run_endpoint_function(
    |                    ^^^^^^^^^^^^^^^^^^^^^^^^^^^^
    |   File "/root/.venv/lib/python3.11/site-packages/fastapi/routing.py", line 191, in run_endpoint_function
    |     return await dependant.call(**values)
    |            ^^^^^^^^^^^^^^^^^^^^^^^^^^^^^^
    |   File "/app/backend/routes/bnpl.py", line 41, in check_bnpl_eligibility
    |     user_doc = await db.users.find_one({"user_id": user["user_id"]}, {"_id": 0})
    |                                                    ~~~~^^^^^^^^^^^
    | KeyError: 'user_id'
    +------------------------------------

During handling of the above exception, another exception occurred:

Traceback (most recent call last):
  File "/root/.venv/lib/python3.11/site-packages/starlette/middleware/errors.py", line 164, in __call__
    await self.app(scope, receive, _send)
  File "/root/.venv/lib/python3.11/site-packages/starlette/middleware/cors.py", line 85, in __call__
    await self.app(scope, receive, send)
  File "/root/.venv/lib/python3.11/site-packages/starlette/middleware/base.py", line 189, in __call__
    with collapse_excgroups():
  File "/usr/local/lib/python3.11/contextlib.py", line 158, in __exit__
    self.gen.throw(typ, value, traceback)
  File "/root/.venv/lib/python3.11/site-packages/starlette/_utils.py", line 93, in collapse_excgroups
    raise exc
  File "/root/.venv/lib/python3.11/site-packages/starlette/middleware/base.py", line 191, in __call__
    response = await self.dispatch_func(request, call_next)
               ^^^^^^^^^^^^^^^^^^^^^^^^^^^^^^^^^^^^^^^^^^^^
  File "/app/backend/server.py", line 107, in log_requests
    response = await call_next(request)
               ^^^^^^^^^^^^^^^^^^^^^^^^
  File "/root/.venv/lib/python3.11/site-packages/starlette/middleware/base.py", line 165, in call_next
    raise app_exc
  File "/root/.venv/lib/python3.11/site-packages/starlette/middleware/base.py", line 151, in coro
    await self.app(scope, receive_or_disconnect, send_no_error)
  File "/root/.venv/lib/python3.11/site-packages/starlette/middleware/exceptions.py", line 65, in __call__
    await wrap_app_handling_exceptions(self.app, conn)(scope, receive, send)
  File "/root/.venv/lib/python3.11/site-packages/starlette/_exception_handler.py", line 64, in wrapped_app
    raise exc
  File "/root/.venv/lib/python3.11/site-packages/starlette/_exception_handler.py", line 53, in wrapped_app
    await app(scope, receive, sender)
  File "/root/.venv/lib/python3.11/site-packages/starlette/routing.py", line 756, in __call__
    await self.middleware_stack(scope, receive, send)
  File "/root/.venv/lib/python3.11/site-packages/starlette/routing.py", line 776, in app
    await route.handle(scope, receive, send)
  File "/root/.venv/lib/python3.11/site-packages/starlette/routing.py", line 297, in handle
    await self.app(scope, receive, send)
  File "/root/.venv/lib/python3.11/site-packages/starlette/routing.py", line 77, in app
    await wrap_app_handling_exceptions(app, request)(scope, receive, send)
  File "/root/.venv/lib/python3.11/site-packages/starlette/_exception_handler.py", line 64, in wrapped_app
    raise exc
  File "/root/.venv/lib/python3.11/site-packages/starlette/_exception_handler.py", line 53, in wrapped_app
    await app(scope, receive, sender)
  File "/root/.venv/lib/python3.11/site-packages/starlette/routing.py", line 72, in app
    response = await func(request)
               ^^^^^^^^^^^^^^^^^^^
  File "/root/.venv/lib/python3.11/site-packages/fastapi/routing.py", line 278, in app
    raw_response = await run_endpoint_function(
                   ^^^^^^^^^^^^^^^^^^^^^^^^^^^^
  File "/root/.venv/lib/python3.11/site-packages/fastapi/routing.py", line 191, in run_endpoint_function
    return await dependant.call(**values)
           ^^^^^^^^^^^^^^^^^^^^^^^^^^^^^^
  File "/app/backend/routes/bnpl.py", line 41, in check_bnpl_eligibility
    user_doc = await db.users.find_one({"user_id": user["user_id"]}, {"_id": 0})
                                                   ~~~~^^^^^^^^^^^
KeyError: 'user_id'

2026-04-29 06:30:53,090 [ERROR] bidblitz: Unhandled error: GET /api/bnpl/my-orders | 'user_id'
  + Exception Group Traceback (most recent call last):
  |   File "/root/.venv/lib/python3.11/site-packages/starlette/_utils.py", line 87, in collapse_excgroups
  |     yield
  |   File "/root/.venv/lib/python3.11/site-packages/starlette/middleware/base.py", line 190, in __call__
  |     async with anyio.create_task_group() as task_group:
  |   File "/root/.venv/lib/python3.11/site-packages/anyio/_backends/_asyncio.py", line 799, in __aexit__
  |     raise BaseExceptionGroup(
  | ExceptionGroup: unhandled errors in a TaskGroup (1 sub-exception)
  +-+---------------- 1 ----------------
    | Traceback (most recent call last):
    |   File "/root/.venv/lib/python3.11/site-packages/starlette/middleware/errors.py", line 164, in __call__
    |     await self.app(scope, receive, _send)
    |   File "/root/.venv/lib/python3.11/site-packages/starlette/middleware/cors.py", line 85, in __call__
    |     await self.app(scope, receive, send)
    |   File "/root/.venv/lib/python3.11/site-packages/starlette/middleware/base.py", line 189, in __call__
    |     with collapse_excgroups():
    |   File "/usr/local/lib/python3.11/contextlib.py", line 158, in __exit__
    |     self.gen.throw(typ, value, traceback)
    |   File "/root/.venv/lib/python3.11/site-packages/starlette/_utils.py", line 93, in collapse_excgroups
    |     raise exc
    |   File "/root/.venv/lib/python3.11/site-packages/starlette/middleware/base.py", line 191, in __call__
    |     response = await self.dispatch_func(request, call_next)
    |                ^^^^^^^^^^^^^^^^^^^^^^^^^^^^^^^^^^^^^^^^^^^^
    |   File "/app/backend/server.py", line 107, in log_requests
    |     response = await call_next(request)
    |                ^^^^^^^^^^^^^^^^^^^^^^^^
    |   File "/root/.venv/lib/python3.11/site-packages/starlette/middleware/base.py", line 165, in call_next
    |     raise app_exc
    |   File "/root/.venv/lib/python3.11/site-packages/starlette/middleware/base.py", line 151, in coro
    |     await self.app(scope, receive_or_disconnect, send_no_error)
    |   File "/root/.venv/lib/python3.11/site-packages/starlette/middleware/exceptions.py", line 65, in __call__
    |     await wrap_app_handling_exceptions(self.app, conn)(scope, receive, send)
    |   File "/root/.venv/lib/python3.11/site-packages/starlette/_exception_handler.py", line 64, in wrapped_app
    |     raise exc
    |   File "/root/.venv/lib/python3.11/site-packages/starlette/_exception_handler.py", line 53, in wrapped_app
    |     await app(scope, receive, sender)
    |   File "/root/.venv/lib/python3.11/site-packages/starlette/routing.py", line 756, in __call__
    |     await self.middleware_stack(scope, receive, send)
    |   File "/root/.venv/lib/python3.11/site-packages/starlette/routing.py", line 776, in app
    |     await route.handle(scope, receive, send)
    |   File "/root/.venv/lib/python3.11/site-packages/starlette/routing.py", line 297, in handle
    |     await self.app(scope, receive, send)
    |   File "/root/.venv/lib/python3.11/site-packages/starlette/routing.py", line 77, in app
    |     await wrap_app_handling_exceptions(app, request)(scope, receive, send)
    |   File "/root/.venv/lib/python3.11/site-packages/starlette/_exception_handler.py", line 64, in wrapped_app
    |     raise exc
    |   File "/root/.venv/lib/python3.11/site-packages/starlette/_exception_handler.py", line 53, in wrapped_app
    |     await app(scope, receive, sender)
    |   File "/root/.venv/lib/python3.11/site-packages/starlette/routing.py", line 72, in app
    |     response = await func(request)
    |                ^^^^^^^^^^^^^^^^^^^
    |   File "/root/.venv/lib/python3.11/site-packages/fastapi/routing.py", line 278, in app
    |     raw_response = await run_endpoint_function(
    |                    ^^^^^^^^^^^^^^^^^^^^^^^^^^^^
    |   File "/root/.venv/lib/python3.11/site-packages/fastapi/routing.py", line 191, in run_endpoint_function
    |     return await dependant.call(**values)
    |            ^^^^^^^^^^^^^^^^^^^^^^^^^^^^^^
    |   File "/app/backend/routes/bnpl.py", line 187, in get_my_bnpl_orders
    |     {"user_id": user["user_id"]},
    |                 ~~~~^^^^^^^^^^^
    | KeyError: 'user_id'
    +------------------------------------

During handling of the above exception, another exception occurred:

Traceback (most recent call last):
  File "/root/.venv/lib/python3.11/site-packages/starlette/middleware/errors.py", line 164, in __call__
    await self.app(scope, receive, _send)
  File "/root/.venv/lib/python3.11/site-packages/starlette/middleware/cors.py", line 85, in __call__
    await self.app(scope, receive, send)
  File "/root/.venv/lib/python3.11/site-packages/starlette/middleware/base.py", line 189, in __call__
    with collapse_excgroups():
  File "/usr/local/lib/python3.11/contextlib.py", line 158, in __exit__
    self.gen.throw(typ, value, traceback)
  File "/root/.venv/lib/python3.11/site-packages/starlette/_utils.py", line 93, in collapse_excgroups
    raise exc
  File "/root/.venv/lib/python3.11/site-packages/starlette/middleware/base.py", line 191, in __call__
    response = await self.dispatch_func(request, call_next)
               ^^^^^^^^^^^^^^^^^^^^^^^^^^^^^^^^^^^^^^^^^^^^
  File "/app/backend/server.py", line 107, in log_requests
    response = await call_next(request)
               ^^^^^^^^^^^^^^^^^^^^^^^^
  File "/root/.venv/lib/python3.11/site-packages/starlette/middleware/base.py", line 165, in call_next
    raise app_exc
  File "/root/.venv/lib/python3.11/site-packages/starlette/middleware/base.py", line 151, in coro
    await self.app(scope, receive_or_disconnect, send_no_error)
  File "/root/.venv/lib/python3.11/site-packages/starlette/middleware/exceptions.py", line 65, in __call__
    await wrap_app_handling_exceptions(self.app, conn)(scope, receive, send)
  File "/root/.venv/lib/python3.11/site-packages/starlette/_exception_handler.py", line 64, in wrapped_app
    raise exc
  File "/root/.venv/lib/python3.11/site-packages/starlette/_exception_handler.py", line 53, in wrapped_app
    await app(scope, receive, sender)
  File "/root/.venv/lib/python3.11/site-packages/starlette/routing.py", line 756, in __call__
    await self.middleware_stack(scope, receive, send)
  File "/root/.venv/lib/python3.11/site-packages/starlette/routing.py", line 776, in app
    await route.handle(scope, receive, send)
  File "/root/.venv/lib/python3.11/site-packages/starlette/routing.py", line 297, in handle
    await self.app(scope, receive, send)
  File "/root/.venv/lib/python3.11/site-packages/starlette/routing.py", line 77, in app
    await wrap_app_handling_exceptions(app, request)(scope, receive, send)
  File "/root/.venv/lib/python3.11/site-packages/starlette/_exception_handler.py", line 64, in wrapped_app
    raise exc
  File "/root/.venv/lib/python3.11/site-packages/starlette/_exception_handler.py", line 53, in wrapped_app
    await app(scope, receive, sender)
  File "/root/.venv/lib/python3.11/site-packages/starlette/routing.py", line 72, in app
    response = await func(request)
               ^^^^^^^^^^^^^^^^^^^
  File "/root/.venv/lib/python3.11/site-packages/fastapi/routing.py", line 278, in app
    raw_response = await run_endpoint_function(
                   ^^^^^^^^^^^^^^^^^^^^^^^^^^^^
  File "/root/.venv/lib/python3.11/site-packages/fastapi/routing.py", line 191, in run_endpoint_function
    return await dependant.call(**values)
           ^^^^^^^^^^^^^^^^^^^^^^^^^^^^^^
  File "/app/backend/routes/bnpl.py", line 187, in get_my_bnpl_orders
    {"user_id": user["user_id"]},
                ~~~~^^^^^^^^^^^
KeyError: 'user_id'

2026-04-29 06:30:53,449 [ERROR] bidblitz: Unhandled error: POST /api/split-payment/taxi/create | 'user_id'
  + Exception Group Traceback (most recent call last):
  |   File "/root/.venv/lib/python3.11/site-packages/starlette/_utils.py", line 87, in collapse_excgroups
  |     yield
  |   File "/root/.venv/lib/python3.11/site-packages/starlette/middleware/base.py", line 190, in __call__
  |     async with anyio.create_task_group() as task_group:
  |   File "/root/.venv/lib/python3.11/site-packages/anyio/_backends/_asyncio.py", line 799, in __aexit__
  |     raise BaseExceptionGroup(
  | ExceptionGroup: unhandled errors in a TaskGroup (1 sub-exception)
  +-+---------------- 1 ----------------
    | Traceback (most recent call last):
    |   File "/root/.venv/lib/python3.11/site-packages/starlette/middleware/errors.py", line 164, in __call__
    |     await self.app(scope, receive, _send)
    |   File "/root/.venv/lib/python3.11/site-packages/starlette/middleware/cors.py", line 85, in __call__
    |     await self.app(scope, receive, send)
    |   File "/root/.venv/lib/python3.11/site-packages/starlette/middleware/base.py", line 189, in __call__
    |     with collapse_excgroups():
    |   File "/usr/local/lib/python3.11/contextlib.py", line 158, in __exit__
    |     self.gen.throw(typ, value, traceback)
    |   File "/root/.venv/lib/python3.11/site-packages/starlette/_utils.py", line 93, in collapse_excgroups
    |     raise exc
    |   File "/root/.venv/lib/python3.11/site-packages/starlette/middleware/base.py", line 191, in __call__
    |     response = await self.dispatch_func(request, call_next)
    |                ^^^^^^^^^^^^^^^^^^^^^^^^^^^^^^^^^^^^^^^^^^^^
    |   File "/app/backend/server.py", line 107, in log_requests
    |     response = await call_next(request)
    |                ^^^^^^^^^^^^^^^^^^^^^^^^
    |   File "/root/.venv/lib/python3.11/site-packages/starlette/middleware/base.py", line 165, in call_next
    |     raise app_exc
    |   File "/root/.venv/lib/python3.11/site-packages/starlette/middleware/base.py", line 151, in coro
    |     await self.app(scope, receive_or_disconnect, send_no_error)
    |   File "/root/.venv/lib/python3.11/site-packages/starlette/middleware/exceptions.py", line 65, in __call__
    |     await wrap_app_handling_exceptions(self.app, conn)(scope, receive, send)
    |   File "/root/.venv/lib/python3.11/site-packages/starlette/_exception_handler.py", line 64, in wrapped_app
    |     raise exc
    |   File "/root/.venv/lib/python3.11/site-packages/starlette/_exception_handler.py", line 53, in wrapped_app
    |     await app(scope, receive, sender)
    |   File "/root/.venv/lib/python3.11/site-packages/starlette/routing.py", line 756, in __call__
    |     await self.middleware_stack(scope, receive, send)
    |   File "/root/.venv/lib/python3.11/site-packages/starlette/routing.py", line 776, in app
    |     await route.handle(scope, receive, send)
    |   File "/root/.venv/lib/python3.11/site-packages/starlette/routing.py", line 297, in handle
    |     await self.app(scope, receive, send)
    |   File "/root/.venv/lib/python3.11/site-packages/starlette/routing.py", line 77, in app
    |     await wrap_app_handling_exceptions(app, request)(scope, receive, send)
    |   File "/root/.venv/lib/python3.11/site-packages/starlette/_exception_handler.py", line 64, in wrapped_app
    |     raise exc
    |   File "/root/.venv/lib/python3.11/site-packages/starlette/_exception_handler.py", line 53, in wrapped_app
    |     await app(scope, receive, sender)
    |   File "/root/.venv/lib/python3.11/site-packages/starlette/routing.py", line 72, in app
    |     response = await func(request)
    |                ^^^^^^^^^^^^^^^^^^^
    |   File "/root/.venv/lib/python3.11/site-packages/fastapi/routing.py", line 278, in app
    |     raw_response = await run_endpoint_function(
    |                    ^^^^^^^^^^^^^^^^^^^^^^^^^^^^
    |   File "/root/.venv/lib/python3.11/site-packages/fastapi/routing.py", line 191, in run_endpoint_function
    |     return await dependant.call(**values)
    |            ^^^^^^^^^^^^^^^^^^^^^^^^^^^^^^
    |   File "/app/backend/routes/split_payment.py", line 23, in create_taxi_split
    |     ride = await db.taxi_rides.find_one({"ride_id": req.ride_id, "user_id": user["user_id"]}, {"_id": 0})
    |                                                                             ~~~~^^^^^^^^^^^
    | KeyError: 'user_id'
    +------------------------------------

During handling of the above exception, another exception occurred:

Traceback (most recent call last):
  File "/root/.venv/lib/python3.11/site-packages/starlette/middleware/errors.py", line 164, in __call__
    await self.app(scope, receive, _send)
  File "/root/.venv/lib/python3.11/site-packages/starlette/middleware/cors.py", line 85, in __call__
    await self.app(scope, receive, send)
  File "/root/.venv/lib/python3.11/site-packages/starlette/middleware/base.py", line 189, in __call__
    with collapse_excgroups():
  File "/usr/local/lib/python3.11/contextlib.py", line 158, in __exit__
    self.gen.throw(typ, value, traceback)
  File "/root/.venv/lib/python3.11/site-packages/starlette/_utils.py", line 93, in collapse_excgroups
    raise exc
  File "/root/.venv/lib/python3.11/site-packages/starlette/middleware/base.py", line 191, in __call__
    response = await self.dispatch_func(request, call_next)
               ^^^^^^^^^^^^^^^^^^^^^^^^^^^^^^^^^^^^^^^^^^^^
  File "/app/backend/server.py", line 107, in log_requests
    response = await call_next(request)
               ^^^^^^^^^^^^^^^^^^^^^^^^
  File "/root/.venv/lib/python3.11/site-packages/starlette/middleware/base.py", line 165, in call_next
    raise app_exc
  File "/root/.venv/lib/python3.11/site-packages/starlette/middleware/base.py", line 151, in coro
    await self.app(scope, receive_or_disconnect, send_no_error)
  File "/root/.venv/lib/python3.11/site-packages/starlette/middleware/exceptions.py", line 65, in __call__
    await wrap_app_handling_exceptions(self.app, conn)(scope, receive, send)
  File "/root/.venv/lib/python3.11/site-packages/starlette/_exception_handler.py", line 64, in wrapped_app
    raise exc
  File "/root/.venv/lib/python3.11/site-packages/starlette/_exception_handler.py", line 53, in wrapped_app
    await app(scope, receive, sender)
  File "/root/.venv/lib/python3.11/site-packages/starlette/routing.py", line 756, in __call__
    await self.middleware_stack(scope, receive, send)
  File "/root/.venv/lib/python3.11/site-packages/starlette/routing.py", line 776, in app
    await route.handle(scope, receive, send)
  File "/root/.venv/lib/python3.11/site-packages/starlette/routing.py", line 297, in handle
    await self.app(scope, receive, send)
  File "/root/.venv/lib/python3.11/site-packages/starlette/routing.py", line 77, in app
    await wrap_app_handling_exceptions(app, request)(scope, receive, send)
  File "/root/.venv/lib/python3.11/site-packages/starlette/_exception_handler.py", line 64, in wrapped_app
    raise exc
  File "/root/.venv/lib/python3.11/site-packages/starlette/_exception_handler.py", line 53, in wrapped_app
    await app(scope, receive, sender)
  File "/root/.venv/lib/python3.11/site-packages/starlette/routing.py", line 72, in app
    response = await func(request)
               ^^^^^^^^^^^^^^^^^^^
  File "/root/.venv/lib/python3.11/site-packages/fastapi/routing.py", line 278, in app
    raw_response = await run_endpoint_function(
                   ^^^^^^^^^^^^^^^^^^^^^^^^^^^^
  File "/root/.venv/lib/python3.11/site-packages/fastapi/routing.py", line 191, in run_endpoint_function
    return await dependant.call(**values)
           ^^^^^^^^^^^^^^^^^^^^^^^^^^^^^^
  File "/app/backend/routes/split_payment.py", line 23, in create_taxi_split
    ride = await db.taxi_rides.find_one({"ride_id": req.ride_id, "user_id": user["user_id"]}, {"_id": 0})
                                                                            ~~~~^^^^^^^^^^^
KeyError: 'user_id'

2026-04-29 06:30:53,567 [ERROR] bidblitz: Unhandled error: POST /api/split-payment/food/create | 'user_id'
  + Exception Group Traceback (most recent call last):
  |   File "/root/.venv/lib/python3.11/site-packages/starlette/_utils.py", line 87, in collapse_excgroups
  |     yield
  |   File "/root/.venv/lib/python3.11/site-packages/starlette/middleware/base.py", line 190, in __call__
  |     async with anyio.create_task_group() as task_group:
  |   File "/root/.venv/lib/python3.11/site-packages/anyio/_backends/_asyncio.py", line 799, in __aexit__
  |     raise BaseExceptionGroup(
  | ExceptionGroup: unhandled errors in a TaskGroup (1 sub-exception)
  +-+---------------- 1 ----------------
    | Traceback (most recent call last):
    |   File "/root/.venv/lib/python3.11/site-packages/starlette/middleware/errors.py", line 164, in __call__
    |     await self.app(scope, receive, _send)
    |   File "/root/.venv/lib/python3.11/site-packages/starlette/middleware/cors.py", line 85, in __call__
    |     await self.app(scope, receive, send)
    |   File "/root/.venv/lib/python3.11/site-packages/starlette/middleware/base.py", line 189, in __call__
    |     with collapse_excgroups():
    |   File "/usr/local/lib/python3.11/contextlib.py", line 158, in __exit__
    |     self.gen.throw(typ, value, traceback)
    |   File "/root/.venv/lib/python3.11/site-packages/starlette/_utils.py", line 93, in collapse_excgroups
    |     raise exc
    |   File "/root/.venv/lib/python3.11/site-packages/starlette/middleware/base.py", line 191, in __call__
    |     response = await self.dispatch_func(request, call_next)
    |                ^^^^^^^^^^^^^^^^^^^^^^^^^^^^^^^^^^^^^^^^^^^^
    |   File "/app/backend/server.py", line 107, in log_requests
    |     response = await call_next(request)
    |                ^^^^^^^^^^^^^^^^^^^^^^^^
    |   File "/root/.venv/lib/python3.11/site-packages/starlette/middleware/base.py", line 165, in call_next
    |     raise app_exc
    |   File "/root/.venv/lib/python3.11/site-packages/starlette/middleware/base.py", line 151, in coro
    |     await self.app(scope, receive_or_disconnect, send_no_error)
    |   File "/root/.venv/lib/python3.11/site-packages/starlette/middleware/exceptions.py", line 65, in __call__
    |     await wrap_app_handling_exceptions(self.app, conn)(scope, receive, send)
    |   File "/root/.venv/lib/python3.11/site-packages/starlette/_exception_handler.py", line 64, in wrapped_app
    |     raise exc
    |   File "/root/.venv/lib/python3.11/site-packages/starlette/_exception_handler.py", line 53, in wrapped_app
    |     await app(scope, receive, sender)
    |   File "/root/.venv/lib/python3.11/site-packages/starlette/routing.py", line 756, in __call__
    |     await self.middleware_stack(scope, receive, send)
    |   File "/root/.venv/lib/python3.11/site-packages/starlette/routing.py", line 776, in app
    |     await route.handle(scope, receive, send)
    |   File "/root/.venv/lib/python3.11/site-packages/starlette/routing.py", line 297, in handle
    |     await self.app(scope, receive, send)
    |   File "/root/.venv/lib/python3.11/site-packages/starlette/routing.py", line 77, in app
    |     await wrap_app_handling_exceptions(app, request)(scope, receive, send)
    |   File "/root/.venv/lib/python3.11/site-packages/starlette/_exception_handler.py", line 64, in wrapped_app
    |     raise exc
    |   File "/root/.venv/lib/python3.11/site-packages/starlette/_exception_handler.py", line 53, in wrapped_app
    |     await app(scope, receive, sender)
    |   File "/root/.venv/lib/python3.11/site-packages/starlette/routing.py", line 72, in app
    |     response = await func(request)
    |                ^^^^^^^^^^^^^^^^^^^
    |   File "/root/.venv/lib/python3.11/site-packages/fastapi/routing.py", line 278, in app
    |     raw_response = await run_endpoint_function(
    |                    ^^^^^^^^^^^^^^^^^^^^^^^^^^^^
    |   File "/root/.venv/lib/python3.11/site-packages/fastapi/routing.py", line 191, in run_endpoint_function
    |     return await dependant.call(**values)
    |            ^^^^^^^^^^^^^^^^^^^^^^^^^^^^^^
    |   File "/app/backend/routes/split_payment.py", line 70, in create_food_split
    |     order = await db.food_orders.find_one({"order_id": req.order_id, "user_id": user["user_id"]}, {"_id": 0})
    |                                                                                 ~~~~^^^^^^^^^^^
    | KeyError: 'user_id'
    +------------------------------------

During handling of the above exception, another exception occurred:

Traceback (most recent call last):
  File "/root/.venv/lib/python3.11/site-packages/starlette/middleware/errors.py", line 164, in __call__
    await self.app(scope, receive, _send)
  File "/root/.venv/lib/python3.11/site-packages/starlette/middleware/cors.py", line 85, in __call__
    await self.app(scope, receive, send)
  File "/root/.venv/lib/python3.11/site-packages/starlette/middleware/base.py", line 189, in __call__
    with collapse_excgroups():
  File "/usr/local/lib/python3.11/contextlib.py", line 158, in __exit__
    self.gen.throw(typ, value, traceback)
  File "/root/.venv/lib/python3.11/site-packages/starlette/_utils.py", line 93, in collapse_excgroups
    raise exc
  File "/root/.venv/lib/python3.11/site-packages/starlette/middleware/base.py", line 191, in __call__
    response = await self.dispatch_func(request, call_next)
               ^^^^^^^^^^^^^^^^^^^^^^^^^^^^^^^^^^^^^^^^^^^^
  File "/app/backend/server.py", line 107, in log_requests
    response = await call_next(request)
               ^^^^^^^^^^^^^^^^^^^^^^^^
  File "/root/.venv/lib/python3.11/site-packages/starlette/middleware/base.py", line 165, in call_next
    raise app_exc
  File "/root/.venv/lib/python3.11/site-packages/starlette/middleware/base.py", line 151, in coro
    await self.app(scope, receive_or_disconnect, send_no_error)
  File "/root/.venv/lib/python3.11/site-packages/starlette/middleware/exceptions.py", line 65, in __call__
    await wrap_app_handling_exceptions(self.app, conn)(scope, receive, send)
  File "/root/.venv/lib/python3.11/site-packages/starlette/_exception_handler.py", line 64, in wrapped_app
    raise exc
  File "/root/.venv/lib/python3.11/site-packages/starlette/_exception_handler.py", line 53, in wrapped_app
    await app(scope, receive, sender)
  File "/root/.venv/lib/python3.11/site-packages/starlette/routing.py", line 756, in __call__
    await self.middleware_stack(scope, receive, send)
  File "/root/.venv/lib/python3.11/site-packages/starlette/routing.py", line 776, in app
    await route.handle(scope, receive, send)
  File "/root/.venv/lib/python3.11/site-packages/starlette/routing.py", line 297, in handle
    await self.app(scope, receive, send)
  File "/root/.venv/lib/python3.11/site-packages/starlette/routing.py", line 77, in app
    await wrap_app_handling_exceptions(app, request)(scope, receive, send)
  File "/root/.venv/lib/python3.11/site-packages/starlette/_exception_handler.py", line 64, in wrapped_app
    raise exc
  File "/root/.venv/lib/python3.11/site-packages/starlette/_exception_handler.py", line 53, in wrapped_app
    await app(scope, receive, sender)
  File "/root/.venv/lib/python3.11/site-packages/starlette/routing.py", line 72, in app
    response = await func(request)
               ^^^^^^^^^^^^^^^^^^^
  File "/root/.venv/lib/python3.11/site-packages/fastapi/routing.py", line 278, in app
    raw_response = await run_endpoint_function(
                   ^^^^^^^^^^^^^^^^^^^^^^^^^^^^
  File "/root/.venv/lib/python3.11/site-packages/fastapi/routing.py", line 191, in run_endpoint_function
    return await dependant.call(**values)
           ^^^^^^^^^^^^^^^^^^^^^^^^^^^^^^
  File "/app/backend/routes/split_payment.py", line 70, in create_food_split
    order = await db.food_orders.find_one({"order_id": req.order_id, "user_id": user["user_id"]}, {"_id": 0})
                                                                                ~~~~^^^^^^^^^^^
KeyError: 'user_id'

2026-04-29 06:35:04,276 [ERROR] bidblitz: Unhandled error: GET /api/safety/my-emergency-contacts | 'NoneType' object has no attribute 'get'
  + Exception Group Traceback (most recent call last):
  |   File "/root/.venv/lib/python3.11/site-packages/starlette/_utils.py", line 87, in collapse_excgroups
  |     yield
  |   File "/root/.venv/lib/python3.11/site-packages/starlette/middleware/base.py", line 190, in __call__
  |     async with anyio.create_task_group() as task_group:
  |   File "/root/.venv/lib/python3.11/site-packages/anyio/_backends/_asyncio.py", line 799, in __aexit__
  |     raise BaseExceptionGroup(
  | ExceptionGroup: unhandled errors in a TaskGroup (1 sub-exception)
  +-+---------------- 1 ----------------
    | Traceback (most recent call last):
    |   File "/root/.venv/lib/python3.11/site-packages/starlette/middleware/errors.py", line 164, in __call__
    |     await self.app(scope, receive, _send)
    |   File "/root/.venv/lib/python3.11/site-packages/starlette/middleware/cors.py", line 85, in __call__
    |     await self.app(scope, receive, send)
    |   File "/root/.venv/lib/python3.11/site-packages/starlette/middleware/base.py", line 189, in __call__
    |     with collapse_excgroups():
    |   File "/usr/local/lib/python3.11/contextlib.py", line 158, in __exit__
    |     self.gen.throw(typ, value, traceback)
    |   File "/root/.venv/lib/python3.11/site-packages/starlette/_utils.py", line 93, in collapse_excgroups
    |     raise exc
    |   File "/root/.venv/lib/python3.11/site-packages/starlette/middleware/base.py", line 191, in __call__
    |     response = await self.dispatch_func(request, call_next)
    |                ^^^^^^^^^^^^^^^^^^^^^^^^^^^^^^^^^^^^^^^^^^^^
    |   File "/app/backend/server.py", line 107, in log_requests
    |     response = await call_next(request)
    |                ^^^^^^^^^^^^^^^^^^^^^^^^
    |   File "/root/.venv/lib/python3.11/site-packages/starlette/middleware/base.py", line 165, in call_next
    |     raise app_exc
    |   File "/root/.venv/lib/python3.11/site-packages/starlette/middleware/base.py", line 151, in coro
    |     await self.app(scope, receive_or_disconnect, send_no_error)
    |   File "/root/.venv/lib/python3.11/site-packages/starlette/middleware/exceptions.py", line 65, in __call__
    |     await wrap_app_handling_exceptions(self.app, conn)(scope, receive, send)
    |   File "/root/.venv/lib/python3.11/site-packages/starlette/_exception_handler.py", line 64, in wrapped_app
    |     raise exc
    |   File "/root/.venv/lib/python3.11/site-packages/starlette/_exception_handler.py", line 53, in wrapped_app
    |     await app(scope, receive, sender)
    |   File "/root/.venv/lib/python3.11/site-packages/starlette/routing.py", line 756, in __call__
    |     await self.middleware_stack(scope, receive, send)
    |   File "/root/.venv/lib/python3.11/site-packages/starlette/routing.py", line 776, in app
    |     await route.handle(scope, receive, send)
    |   File "/root/.venv/lib/python3.11/site-packages/starlette/routing.py", line 297, in handle
    |     await self.app(scope, receive, send)
    |   File "/root/.venv/lib/python3.11/site-packages/starlette/routing.py", line 77, in app
    |     await wrap_app_handling_exceptions(app, request)(scope, receive, send)
    |   File "/root/.venv/lib/python3.11/site-packages/starlette/_exception_handler.py", line 64, in wrapped_app
    |     raise exc
    |   File "/root/.venv/lib/python3.11/site-packages/starlette/_exception_handler.py", line 53, in wrapped_app
    |     await app(scope, receive, sender)
    |   File "/root/.venv/lib/python3.11/site-packages/starlette/routing.py", line 72, in app
    |     response = await func(request)
    |                ^^^^^^^^^^^^^^^^^^^
    |   File "/root/.venv/lib/python3.11/site-packages/fastapi/routing.py", line 278, in app
    |     raw_response = await run_endpoint_function(
    |                    ^^^^^^^^^^^^^^^^^^^^^^^^^^^^
    |   File "/root/.venv/lib/python3.11/site-packages/fastapi/routing.py", line 191, in run_endpoint_function
    |     return await dependant.call(**values)
    |            ^^^^^^^^^^^^^^^^^^^^^^^^^^^^^^
    |   File "/app/backend/routes/safety.py", line 138, in get_emergency_contacts
    |     return {"contacts": contacts.get("emergency_contacts", [])}
    |                         ^^^^^^^^^^^^
    | AttributeError: 'NoneType' object has no attribute 'get'
    +------------------------------------

During handling of the above exception, another exception occurred:

Traceback (most recent call last):
  File "/root/.venv/lib/python3.11/site-packages/starlette/middleware/errors.py", line 164, in __call__
    await self.app(scope, receive, _send)
  File "/root/.venv/lib/python3.11/site-packages/starlette/middleware/cors.py", line 85, in __call__
    await self.app(scope, receive, send)
  File "/root/.venv/lib/python3.11/site-packages/starlette/middleware/base.py", line 189, in __call__
    with collapse_excgroups():
  File "/usr/local/lib/python3.11/contextlib.py", line 158, in __exit__
    self.gen.throw(typ, value, traceback)
  File "/root/.venv/lib/python3.11/site-packages/starlette/_utils.py", line 93, in collapse_excgroups
    raise exc
  File "/root/.venv/lib/python3.11/site-packages/starlette/middleware/base.py", line 191, in __call__
    response = await self.dispatch_func(request, call_next)
               ^^^^^^^^^^^^^^^^^^^^^^^^^^^^^^^^^^^^^^^^^^^^
  File "/app/backend/server.py", line 107, in log_requests
    response = await call_next(request)
               ^^^^^^^^^^^^^^^^^^^^^^^^
  File "/root/.venv/lib/python3.11/site-packages/starlette/middleware/base.py", line 165, in call_next
    raise app_exc
  File "/root/.venv/lib/python3.11/site-packages/starlette/middleware/base.py", line 151, in coro
    await self.app(scope, receive_or_disconnect, send_no_error)
  File "/root/.venv/lib/python3.11/site-packages/starlette/middleware/exceptions.py", line 65, in __call__
    await wrap_app_handling_exceptions(self.app, conn)(scope, receive, send)
  File "/root/.venv/lib/python3.11/site-packages/starlette/_exception_handler.py", line 64, in wrapped_app
    raise exc
  File "/root/.venv/lib/python3.11/site-packages/starlette/_exception_handler.py", line 53, in wrapped_app
    await app(scope, receive, sender)
  File "/root/.venv/lib/python3.11/site-packages/starlette/routing.py", line 756, in __call__
    await self.middleware_stack(scope, receive, send)
  File "/root/.venv/lib/python3.11/site-packages/starlette/routing.py", line 776, in app
    await route.handle(scope, receive, send)
  File "/root/.venv/lib/python3.11/site-packages/starlette/routing.py", line 297, in handle
    await self.app(scope, receive, send)
  File "/root/.venv/lib/python3.11/site-packages/starlette/routing.py", line 77, in app
    await wrap_app_handling_exceptions(app, request)(scope, receive, send)
  File "/root/.venv/lib/python3.11/site-packages/starlette/_exception_handler.py", line 64, in wrapped_app
    raise exc
  File "/root/.venv/lib/python3.11/site-packages/starlette/_exception_handler.py", line 53, in wrapped_app
    await app(scope, receive, sender)
  File "/root/.venv/lib/python3.11/site-packages/starlette/routing.py", line 72, in app
    response = await func(request)
               ^^^^^^^^^^^^^^^^^^^
  File "/root/.venv/lib/python3.11/site-packages/fastapi/routing.py", line 278, in app
    raw_response = await run_endpoint_function(
                   ^^^^^^^^^^^^^^^^^^^^^^^^^^^^
  File "/root/.venv/lib/python3.11/site-packages/fastapi/routing.py", line 191, in run_endpoint_function
    return await dependant.call(**values)
           ^^^^^^^^^^^^^^^^^^^^^^^^^^^^^^
  File "/app/backend/routes/safety.py", line 138, in get_emergency_contacts
    return {"contacts": contacts.get("emergency_contacts", [])}
                        ^^^^^^^^^^^^
AttributeError: 'NoneType' object has no attribute 'get'

2026-04-29 12:56:12,327 [ERROR] bidblitz.voice: voice_parse failed: Failed to generate chat completion: litellm.AuthenticationError: AuthenticationError: OpenAIException - key not allowed to access model. This key can only access models=['gpt-4', 'gpt-4.1', 'gpt-4.1-mini', 'gpt-4.1-nano', 'gpt-4o', 'gpt-4o-mini', 'gpt-4.1-2025-04-14', 'o1', 'o1-pro', 'o1-mini', 'gpt-5.1', 'o3-pro', 'o3', 'o4-mini', 'o3-mini', 'gpt-image-1', 'gemini/gemini-2.5-pro', 'gemini/gemini-pro', 'gemini/gemini-1.5-pro', 'gemini/gemini-2.5-flash', 'gemini/gemini-2.0-flash', 'gemini/gemini-2.0-flash-lite', 'gemini/gemini-2.0-flash-preview-image-generation', 'gemini/gemini-1.5-flash', 'dall-e-3', 'dall-e-2', 'gemini/gemini-3-pro-preview', 'gemini/gemini-3-pro-image-preview', 'gpt-5.2', 'gpt-5-mini', 'gpt-5', 'gpt-5-nano', 'gemini/gemini-2.5-flash-image-preview', 'tts-1', 'tts-1-hd', 'whisper-1', 'gemini/gemini-3-flash-preview', 'gpt-image-1.5', 'gemini/gemini-3.1-pro-preview', 'gemini/gemini-3.1-flash-image-preview']. Tried to access gemini/gemini-2.5-flash-lite
Traceback (most recent call last):
  File "/root/.venv/lib/python3.11/site-packages/litellm/llms/openai/openai.py", line 745, in completion
    raise e
  File "/root/.venv/lib/python3.11/site-packages/litellm/llms/openai/openai.py", line 673, in completion
    ) = self.make_sync_openai_chat_completion_request(
        ^^^^^^^^^^^^^^^^^^^^^^^^^^^^^^^^^^^^^^^^^^^^^^
  File "/root/.venv/lib/python3.11/site-packages/litellm/litellm_core_utils/logging_utils.py", line 237, in sync_wrapper
    result = func(*args, **kwargs)
             ^^^^^^^^^^^^^^^^^^^^^
  File "/root/.venv/lib/python3.11/site-packages/litellm/llms/openai/openai.py", line 489, in make_sync_openai_chat_completion_request
    raise e
  File "/root/.venv/lib/python3.11/site-packages/litellm/llms/openai/openai.py", line 471, in make_sync_openai_chat_completion_request
    raw_response = openai_client.chat.completions.with_raw_response.create(
                   ^^^^^^^^^^^^^^^^^^^^^^^^^^^^^^^^^^^^^^^^^^^^^^^^^^^^^^^^
  File "/root/.venv/lib/python3.11/site-packages/openai/_legacy_response.py", line 364, in wrapped
    return cast(LegacyAPIResponse[R], func(*args, **kwargs))
                                      ^^^^^^^^^^^^^^^^^^^^^
  File "/root/.venv/lib/python3.11/site-packages/openai/_utils/_utils.py", line 287, in wrapper
    return func(*args, **kwargs)
           ^^^^^^^^^^^^^^^^^^^^^
  File "/root/.venv/lib/python3.11/site-packages/openai/resources/chat/completions/completions.py", line 1150, in create
    return self._post(
           ^^^^^^^^^^^
  File "/root/.venv/lib/python3.11/site-packages/openai/_base_client.py", line 1259, in post
    return cast(ResponseT, self.request(cast_to, opts, stream=stream, stream_cls=stream_cls))
                           ^^^^^^^^^^^^^^^^^^^^^^^^^^^^^^^^^^^^^^^^^^^^^^^^^^^^^^^^^^^^^^^^^
  File "/root/.venv/lib/python3.11/site-packages/openai/_base_client.py", line 1047, in request
    raise self._make_status_error_from_response(err.response) from None
openai.AuthenticationError: Error code: 401 - {'error': {'message': "key not allowed to access model. This key can only access models=['gpt-4', 'gpt-4.1', 'gpt-4.1-mini', 'gpt-4.1-nano', 'gpt-4o', 'gpt-4o-mini', 'gpt-4.1-2025-04-14', 'o1', 'o1-pro', 'o1-mini', 'gpt-5.1', 'o3-pro', 'o3', 'o4-mini', 'o3-mini', 'gpt-image-1', 'gemini/gemini-2.5-pro', 'gemini/gemini-pro', 'gemini/gemini-1.5-pro', 'gemini/gemini-2.5-flash', 'gemini/gemini-2.0-flash', 'gemini/gemini-2.0-flash-lite', 'gemini/gemini-2.0-flash-preview-image-generation', 'gemini/gemini-1.5-flash', 'dall-e-3', 'dall-e-2', 'gemini/gemini-3-pro-preview', 'gemini/gemini-3-pro-image-preview', 'gpt-5.2', 'gpt-5-mini', 'gpt-5', 'gpt-5-nano', 'gemini/gemini-2.5-flash-image-preview', 'tts-1', 'tts-1-hd', 'whisper-1', 'gemini/gemini-3-flash-preview', 'gpt-image-1.5', 'gemini/gemini-3.1-pro-preview', 'gemini/gemini-3.1-flash-image-preview']. Tried to access gemini/gemini-2.5-flash-lite", 'type': 'key_model_access_denied', 'param': 'model', 'code': '401'}}

During handling of the above exception, another exception occurred:

Traceback (most recent call last):
  File "/root/.venv/lib/python3.11/site-packages/litellm/main.py", line 2158, in completion
    raise e
  File "/root/.venv/lib/python3.11/site-packages/litellm/main.py", line 2130, in completion
    response = openai_chat_completions.completion(
               ^^^^^^^^^^^^^^^^^^^^^^^^^^^^^^^^^^^
  File "/root/.venv/lib/python3.11/site-packages/litellm/llms/openai/openai.py", line 756, in completion
    raise OpenAIError(
litellm.llms.openai.common_utils.OpenAIError: Error code: 401 - {'error': {'message': "key not allowed to access model. This key can only access models=['gpt-4', 'gpt-4.1', 'gpt-4.1-mini', 'gpt-4.1-nano', 'gpt-4o', 'gpt-4o-mini', 'gpt-4.1-2025-04-14', 'o1', 'o1-pro', 'o1-mini', 'gpt-5.1', 'o3-pro', 'o3', 'o4-mini', 'o3-mini', 'gpt-image-1', 'gemini/gemini-2.5-pro', 'gemini/gemini-pro', 'gemini/gemini-1.5-pro', 'gemini/gemini-2.5-flash', 'gemini/gemini-2.0-flash', 'gemini/gemini-2.0-flash-lite', 'gemini/gemini-2.0-flash-preview-image-generation', 'gemini/gemini-1.5-flash', 'dall-e-3', 'dall-e-2', 'gemini/gemini-3-pro-preview', 'gemini/gemini-3-pro-image-preview', 'gpt-5.2', 'gpt-5-mini', 'gpt-5', 'gpt-5-nano', 'gemini/gemini-2.5-flash-image-preview', 'tts-1', 'tts-1-hd', 'whisper-1', 'gemini/gemini-3-flash-preview', 'gpt-image-1.5', 'gemini/gemini-3.1-pro-preview', 'gemini/gemini-3.1-flash-image-preview']. Tried to access gemini/gemini-2.5-flash-lite", 'type': 'key_model_access_denied', 'param': 'model', 'code': '401'}}

During handling of the above exception, another exception occurred:

Traceback (most recent call last):
  File "/root/.venv/lib/python3.11/site-packages/emergentintegrations/llm/chat.py", line 129, in send_message
    response = await self._execute_completion(messages)
               ^^^^^^^^^^^^^^^^^^^^^^^^^^^^^^^^^^^^^^^^
  File "/root/.venv/lib/python3.11/site-packages/emergentintegrations/llm/chat.py", line 123, in _execute_completion
    return litellm.completion(**params)
           ^^^^^^^^^^^^^^^^^^^^^^^^^^^^
  File "/root/.venv/lib/python3.11/site-packages/litellm/utils.py", line 1381, in wrapper
    raise e
  File "/root/.venv/lib/python3.11/site-packages/litellm/utils.py", line 1250, in wrapper
    result = original_function(*args, **kwargs)
             ^^^^^^^^^^^^^^^^^^^^^^^^^^^^^^^^^^
  File "/root/.venv/lib/python3.11/site-packages/litellm/main.py", line 3772, in completion
    raise exception_type(
          ^^^^^^^^^^^^^^^
  File "/root/.venv/lib/python3.11/site-packages/litellm/litellm_core_utils/exception_mapping_utils.py", line 2328, in exception_type
    raise e
  File "/root/.venv/lib/python3.11/site-packages/litellm/litellm_core_utils/exception_mapping_utils.py", line 482, in exception_type
    raise AuthenticationError(
litellm.exceptions.AuthenticationError: litellm.AuthenticationError: AuthenticationError: OpenAIException - key not allowed to access model. This key can only access models=['gpt-4', 'gpt-4.1', 'gpt-4.1-mini', 'gpt-4.1-nano', 'gpt-4o', 'gpt-4o-mini', 'gpt-4.1-2025-04-14', 'o1', 'o1-pro', 'o1-mini', 'gpt-5.1', 'o3-pro', 'o3', 'o4-mini', 'o3-mini', 'gpt-image-1', 'gemini/gemini-2.5-pro', 'gemini/gemini-pro', 'gemini/gemini-1.5-pro', 'gemini/gemini-2.5-flash', 'gemini/gemini-2.0-flash', 'gemini/gemini-2.0-flash-lite', 'gemini/gemini-2.0-flash-preview-image-generation', 'gemini/gemini-1.5-flash', 'dall-e-3', 'dall-e-2', 'gemini/gemini-3-pro-preview', 'gemini/gemini-3-pro-image-preview', 'gpt-5.2', 'gpt-5-mini', 'gpt-5', 'gpt-5-nano', 'gemini/gemini-2.5-flash-image-preview', 'tts-1', 'tts-1-hd', 'whisper-1', 'gemini/gemini-3-flash-preview', 'gpt-image-1.5', 'gemini/gemini-3.1-pro-preview', 'gemini/gemini-3.1-flash-image-preview']. Tried to access gemini/gemini-2.5-flash-lite

During handling of the above exception, another exception occurred:

Traceback (most recent call last):
  File "/app/backend/routes/voice.py", line 78, in voice_parse
    raw = await chat.send_message(msg)
          ^^^^^^^^^^^^^^^^^^^^^^^^^^^^
  File "/root/.venv/lib/python3.11/site-packages/emergentintegrations/llm/chat.py", line 134, in send_message
    raise ChatError(f"Failed to generate chat completion: {str(e)}")
emergentintegrations.llm.chat.ChatError: Failed to generate chat completion: litellm.AuthenticationError: AuthenticationError: OpenAIException - key not allowed to access model. This key can only access models=['gpt-4', 'gpt-4.1', 'gpt-4.1-mini', 'gpt-4.1-nano', 'gpt-4o', 'gpt-4o-mini', 'gpt-4.1-2025-04-14', 'o1', 'o1-pro', 'o1-mini', 'gpt-5.1', 'o3-pro', 'o3', 'o4-mini', 'o3-mini', 'gpt-image-1', 'gemini/gemini-2.5-pro', 'gemini/gemini-pro', 'gemini/gemini-1.5-pro', 'gemini/gemini-2.5-flash', 'gemini/gemini-2.0-flash', 'gemini/gemini-2.0-flash-lite', 'gemini/gemini-2.0-flash-preview-image-generation', 'gemini/gemini-1.5-flash', 'dall-e-3', 'dall-e-2', 'gemini/gemini-3-pro-preview', 'gemini/gemini-3-pro-image-preview', 'gpt-5.2', 'gpt-5-mini', 'gpt-5', 'gpt-5-nano', 'gemini/gemini-2.5-flash-image-preview', 'tts-1', 'tts-1-hd', 'whisper-1', 'gemini/gemini-3-flash-preview', 'gpt-image-1.5', 'gemini/gemini-3.1-pro-preview', 'gemini/gemini-3.1-flash-image-preview']. Tried to access gemini/gemini-2.5-flash-lite
2026-04-29 12:56:12,337 [ERROR] bidblitz: 5xx: POST /api/voice/parse → 500 (684ms)
2026-04-29 12:59:32,418 [ERROR] bidblitz: Unhandled error: POST /api/group/create | 'user_id'
  + Exception Group Traceback (most recent call last):
  |   File "/root/.venv/lib/python3.11/site-packages/starlette/_utils.py", line 87, in collapse_excgroups
  |     yield
  |   File "/root/.venv/lib/python3.11/site-packages/starlette/middleware/base.py", line 190, in __call__
  |     async with anyio.create_task_group() as task_group:
  |   File "/root/.venv/lib/python3.11/site-packages/anyio/_backends/_asyncio.py", line 799, in __aexit__
  |     raise BaseExceptionGroup(
  | ExceptionGroup: unhandled errors in a TaskGroup (1 sub-exception)
  +-+---------------- 1 ----------------
    | Traceback (most recent call last):
    |   File "/root/.venv/lib/python3.11/site-packages/starlette/middleware/errors.py", line 164, in __call__
    |     await self.app(scope, receive, _send)
    |   File "/root/.venv/lib/python3.11/site-packages/starlette/middleware/cors.py", line 85, in __call__
    |     await self.app(scope, receive, send)
    |   File "/root/.venv/lib/python3.11/site-packages/starlette/middleware/base.py", line 189, in __call__
    |     with collapse_excgroups():
    |   File "/usr/local/lib/python3.11/contextlib.py", line 158, in __exit__
    |     self.gen.throw(typ, value, traceback)
    |   File "/root/.venv/lib/python3.11/site-packages/starlette/_utils.py", line 93, in collapse_excgroups
    |     raise exc
    |   File "/root/.venv/lib/python3.11/site-packages/starlette/middleware/base.py", line 191, in __call__
    |     response = await self.dispatch_func(request, call_next)
    |                ^^^^^^^^^^^^^^^^^^^^^^^^^^^^^^^^^^^^^^^^^^^^
    |   File "/app/backend/server.py", line 107, in log_requests
    |     response = await call_next(request)
    |                ^^^^^^^^^^^^^^^^^^^^^^^^
    |   File "/root/.venv/lib/python3.11/site-packages/starlette/middleware/base.py", line 165, in call_next
    |     raise app_exc
    |   File "/root/.venv/lib/python3.11/site-packages/starlette/middleware/base.py", line 151, in coro
    |     await self.app(scope, receive_or_disconnect, send_no_error)
    |   File "/root/.venv/lib/python3.11/site-packages/starlette/middleware/exceptions.py", line 65, in __call__
    |     await wrap_app_handling_exceptions(self.app, conn)(scope, receive, send)
    |   File "/root/.venv/lib/python3.11/site-packages/starlette/_exception_handler.py", line 64, in wrapped_app
    |     raise exc
    |   File "/root/.venv/lib/python3.11/site-packages/starlette/_exception_handler.py", line 53, in wrapped_app
    |     await app(scope, receive, sender)
    |   File "/root/.venv/lib/python3.11/site-packages/starlette/routing.py", line 756, in __call__
    |     await self.middleware_stack(scope, receive, send)
    |   File "/root/.venv/lib/python3.11/site-packages/starlette/routing.py", line 776, in app
    |     await route.handle(scope, receive, send)
    |   File "/root/.venv/lib/python3.11/site-packages/starlette/routing.py", line 297, in handle
    |     await self.app(scope, receive, send)
    |   File "/root/.venv/lib/python3.11/site-packages/starlette/routing.py", line 77, in app
    |     await wrap_app_handling_exceptions(app, request)(scope, receive, send)
    |   File "/root/.venv/lib/python3.11/site-packages/starlette/_exception_handler.py", line 64, in wrapped_app
    |     raise exc
    |   File "/root/.venv/lib/python3.11/site-packages/starlette/_exception_handler.py", line 53, in wrapped_app
    |     await app(scope, receive, sender)
    |   File "/root/.venv/lib/python3.11/site-packages/starlette/routing.py", line 72, in app
    |     response = await func(request)
    |                ^^^^^^^^^^^^^^^^^^^
    |   File "/root/.venv/lib/python3.11/site-packages/fastapi/routing.py", line 278, in app
    |     raw_response = await run_endpoint_function(
    |                    ^^^^^^^^^^^^^^^^^^^^^^^^^^^^
    |   File "/root/.venv/lib/python3.11/site-packages/fastapi/routing.py", line 191, in run_endpoint_function
    |     return await dependant.call(**values)
    |            ^^^^^^^^^^^^^^^^^^^^^^^^^^^^^^
    |   File "/app/backend/routes/group_orders.py", line 41, in create_group_order
    |     "user_id": participant["user_id"],
    |                ~~~~~~~~~~~^^^^^^^^^^^
    | KeyError: 'user_id'
    +------------------------------------

During handling of the above exception, another exception occurred:

Traceback (most recent call last):
  File "/root/.venv/lib/python3.11/site-packages/starlette/middleware/errors.py", line 164, in __call__
    await self.app(scope, receive, _send)
  File "/root/.venv/lib/python3.11/site-packages/starlette/middleware/cors.py", line 85, in __call__
    await self.app(scope, receive, send)
  File "/root/.venv/lib/python3.11/site-packages/starlette/middleware/base.py", line 189, in __call__
    with collapse_excgroups():
  File "/usr/local/lib/python3.11/contextlib.py", line 158, in __exit__
    self.gen.throw(typ, value, traceback)
  File "/root/.venv/lib/python3.11/site-packages/starlette/_utils.py", line 93, in collapse_excgroups
    raise exc
  File "/root/.venv/lib/python3.11/site-packages/starlette/middleware/base.py", line 191, in __call__
    response = await self.dispatch_func(request, call_next)
               ^^^^^^^^^^^^^^^^^^^^^^^^^^^^^^^^^^^^^^^^^^^^
  File "/app/backend/server.py", line 107, in log_requests
    response = await call_next(request)
               ^^^^^^^^^^^^^^^^^^^^^^^^
  File "/root/.venv/lib/python3.11/site-packages/starlette/middleware/base.py", line 165, in call_next
    raise app_exc
  File "/root/.venv/lib/python3.11/site-packages/starlette/middleware/base.py", line 151, in coro
    await self.app(scope, receive_or_disconnect, send_no_error)
  File "/root/.venv/lib/python3.11/site-packages/starlette/middleware/exceptions.py", line 65, in __call__
    await wrap_app_handling_exceptions(self.app, conn)(scope, receive, send)
  File "/root/.venv/lib/python3.11/site-packages/starlette/_exception_handler.py", line 64, in wrapped_app
    raise exc
  File "/root/.venv/lib/python3.11/site-packages/starlette/_exception_handler.py", line 53, in wrapped_app
    await app(scope, receive, sender)
  File "/root/.venv/lib/python3.11/site-packages/starlette/routing.py", line 756, in __call__
    await self.middleware_stack(scope, receive, send)
  File "/root/.venv/lib/python3.11/site-packages/starlette/routing.py", line 776, in app
    await route.handle(scope, receive, send)
  File "/root/.venv/lib/python3.11/site-packages/starlette/routing.py", line 297, in handle
    await self.app(scope, receive, send)
  File "/root/.venv/lib/python3.11/site-packages/starlette/routing.py", line 77, in app
    await wrap_app_handling_exceptions(app, request)(scope, receive, send)
  File "/root/.venv/lib/python3.11/site-packages/starlette/_exception_handler.py", line 64, in wrapped_app
    raise exc
  File "/root/.venv/lib/python3.11/site-packages/starlette/_exception_handler.py", line 53, in wrapped_app
    await app(scope, receive, sender)
  File "/root/.venv/lib/python3.11/site-packages/starlette/routing.py", line 72, in app
    response = await func(request)
               ^^^^^^^^^^^^^^^^^^^
  File "/root/.venv/lib/python3.11/site-packages/fastapi/routing.py", line 278, in app
    raw_response = await run_endpoint_function(
                   ^^^^^^^^^^^^^^^^^^^^^^^^^^^^
  File "/root/.venv/lib/python3.11/site-packages/fastapi/routing.py", line 191, in run_endpoint_function
    return await dependant.call(**values)
           ^^^^^^^^^^^^^^^^^^^^^^^^^^^^^^
  File "/app/backend/routes/group_orders.py", line 41, in create_group_order
    "user_id": participant["user_id"],
               ~~~~~~~~~~~^^^^^^^^^^^
KeyError: 'user_id'

2026-04-29 13:00:23,979 [ERROR] bidblitz: Unhandled error: POST /api/group/create | 'user_id'
  + Exception Group Traceback (most recent call last):
  |   File "/root/.venv/lib/python3.11/site-packages/starlette/_utils.py", line 87, in collapse_excgroups
  |     yield
  |   File "/root/.venv/lib/python3.11/site-packages/starlette/middleware/base.py", line 190, in __call__
  |     async with anyio.create_task_group() as task_group:
  |   File "/root/.venv/lib/python3.11/site-packages/anyio/_backends/_asyncio.py", line 799, in __aexit__
  |     raise BaseExceptionGroup(
  | ExceptionGroup: unhandled errors in a TaskGroup (1 sub-exception)
  +-+---------------- 1 ----------------
    | Traceback (most recent call last):
    |   File "/root/.venv/lib/python3.11/site-packages/starlette/middleware/errors.py", line 164, in __call__
    |     await self.app(scope, receive, _send)
    |   File "/root/.venv/lib/python3.11/site-packages/starlette/middleware/cors.py", line 85, in __call__
    |     await self.app(scope, receive, send)
    |   File "/root/.venv/lib/python3.11/site-packages/starlette/middleware/base.py", line 189, in __call__
    |     with collapse_excgroups():
    |   File "/usr/local/lib/python3.11/contextlib.py", line 158, in __exit__
    |     self.gen.throw(typ, value, traceback)
    |   File "/root/.venv/lib/python3.11/site-packages/starlette/_utils.py", line 93, in collapse_excgroups
    |     raise exc
    |   File "/root/.venv/lib/python3.11/site-packages/starlette/middleware/base.py", line 191, in __call__
    |     response = await self.dispatch_func(request, call_next)
    |                ^^^^^^^^^^^^^^^^^^^^^^^^^^^^^^^^^^^^^^^^^^^^
    |   File "/app/backend/server.py", line 107, in log_requests
    |     response = await call_next(request)
    |                ^^^^^^^^^^^^^^^^^^^^^^^^
    |   File "/root/.venv/lib/python3.11/site-packages/starlette/middleware/base.py", line 165, in call_next
    |     raise app_exc
    |   File "/root/.venv/lib/python3.11/site-packages/starlette/middleware/base.py", line 151, in coro
    |     await self.app(scope, receive_or_disconnect, send_no_error)
    |   File "/root/.venv/lib/python3.11/site-packages/starlette/middleware/exceptions.py", line 65, in __call__
    |     await wrap_app_handling_exceptions(self.app, conn)(scope, receive, send)
    |   File "/root/.venv/lib/python3.11/site-packages/starlette/_exception_handler.py", line 64, in wrapped_app
    |     raise exc
    |   File "/root/.venv/lib/python3.11/site-packages/starlette/_exception_handler.py", line 53, in wrapped_app
    |     await app(scope, receive, sender)
    |   File "/root/.venv/lib/python3.11/site-packages/starlette/routing.py", line 756, in __call__
    |     await self.middleware_stack(scope, receive, send)
    |   File "/root/.venv/lib/python3.11/site-packages/starlette/routing.py", line 776, in app
    |     await route.handle(scope, receive, send)
    |   File "/root/.venv/lib/python3.11/site-packages/starlette/routing.py", line 297, in handle
    |     await self.app(scope, receive, send)
    |   File "/root/.venv/lib/python3.11/site-packages/starlette/routing.py", line 77, in app
    |     await wrap_app_handling_exceptions(app, request)(scope, receive, send)
    |   File "/root/.venv/lib/python3.11/site-packages/starlette/_exception_handler.py", line 64, in wrapped_app
    |     raise exc
    |   File "/root/.venv/lib/python3.11/site-packages/starlette/_exception_handler.py", line 53, in wrapped_app
    |     await app(scope, receive, sender)
    |   File "/root/.venv/lib/python3.11/site-packages/starlette/routing.py", line 72, in app
    |     response = await func(request)
    |                ^^^^^^^^^^^^^^^^^^^
    |   File "/root/.venv/lib/python3.11/site-packages/fastapi/routing.py", line 278, in app
    |     raw_response = await run_endpoint_function(
    |                    ^^^^^^^^^^^^^^^^^^^^^^^^^^^^
    |   File "/root/.venv/lib/python3.11/site-packages/fastapi/routing.py", line 191, in run_endpoint_function
    |     return await dependant.call(**values)
    |            ^^^^^^^^^^^^^^^^^^^^^^^^^^^^^^
    |   File "/app/backend/routes/group_orders.py", line 41, in create_group_order
    |     "user_id": participant["user_id"],
    |                ~~~~~~~~~~~^^^^^^^^^^^
    | KeyError: 'user_id'
    +------------------------------------

During handling of the above exception, another exception occurred:

Traceback (most recent call last):
  File "/root/.venv/lib/python3.11/site-packages/starlette/middleware/errors.py", line 164, in __call__
    await self.app(scope, receive, _send)
  File "/root/.venv/lib/python3.11/site-packages/starlette/middleware/cors.py", line 85, in __call__
    await self.app(scope, receive, send)
  File "/root/.venv/lib/python3.11/site-packages/starlette/middleware/base.py", line 189, in __call__
    with collapse_excgroups():
  File "/usr/local/lib/python3.11/contextlib.py", line 158, in __exit__
    self.gen.throw(typ, value, traceback)
  File "/root/.venv/lib/python3.11/site-packages/starlette/_utils.py", line 93, in collapse_excgroups
    raise exc
  File "/root/.venv/lib/python3.11/site-packages/starlette/middleware/base.py", line 191, in __call__
    response = await self.dispatch_func(request, call_next)
               ^^^^^^^^^^^^^^^^^^^^^^^^^^^^^^^^^^^^^^^^^^^^
  File "/app/backend/server.py", line 107, in log_requests
    response = await call_next(request)
               ^^^^^^^^^^^^^^^^^^^^^^^^
  File "/root/.venv/lib/python3.11/site-packages/starlette/middleware/base.py", line 165, in call_next
    raise app_exc
  File "/root/.venv/lib/python3.11/site-packages/starlette/middleware/base.py", line 151, in coro
    await self.app(scope, receive_or_disconnect, send_no_error)
  File "/root/.venv/lib/python3.11/site-packages/starlette/middleware/exceptions.py", line 65, in __call__
    await wrap_app_handling_exceptions(self.app, conn)(scope, receive, send)
  File "/root/.venv/lib/python3.11/site-packages/starlette/_exception_handler.py", line 64, in wrapped_app
    raise exc
  File "/root/.venv/lib/python3.11/site-packages/starlette/_exception_handler.py", line 53, in wrapped_app
    await app(scope, receive, sender)
  File "/root/.venv/lib/python3.11/site-packages/starlette/routing.py", line 756, in __call__
    await self.middleware_stack(scope, receive, send)
  File "/root/.venv/lib/python3.11/site-packages/starlette/routing.py", line 776, in app
    await route.handle(scope, receive, send)
  File "/root/.venv/lib/python3.11/site-packages/starlette/routing.py", line 297, in handle
    await self.app(scope, receive, send)
  File "/root/.venv/lib/python3.11/site-packages/starlette/routing.py", line 77, in app
    await wrap_app_handling_exceptions(app, request)(scope, receive, send)
  File "/root/.venv/lib/python3.11/site-packages/starlette/_exception_handler.py", line 64, in wrapped_app
    raise exc
  File "/root/.venv/lib/python3.11/site-packages/starlette/_exception_handler.py", line 53, in wrapped_app
    await app(scope, receive, sender)
  File "/root/.venv/lib/python3.11/site-packages/starlette/routing.py", line 72, in app
    response = await func(request)
               ^^^^^^^^^^^^^^^^^^^
  File "/root/.venv/lib/python3.11/site-packages/fastapi/routing.py", line 278, in app
    raw_response = await run_endpoint_function(
                   ^^^^^^^^^^^^^^^^^^^^^^^^^^^^
  File "/root/.venv/lib/python3.11/site-packages/fastapi/routing.py", line 191, in run_endpoint_function
    return await dependant.call(**values)
           ^^^^^^^^^^^^^^^^^^^^^^^^^^^^^^
  File "/app/backend/routes/group_orders.py", line 41, in create_group_order
    "user_id": participant["user_id"],
               ~~~~~~~~~~~^^^^^^^^^^^
KeyError: 'user_id'

2026-04-30 03:43:04,445 [ERROR] bidblitz: 5xx: POST /api/sms/send → 500 (155ms)
2026-04-30 03:43:04,778 [ERROR] bidblitz: 5xx: POST /api/payments/create-payment-intent → 500 (4ms)
2026-04-30 03:43:48,821 [ERROR] bidblitz: 5xx: POST /api/sms/send → 500 (47ms)
2026-04-30 03:44:21,652 [ERROR] bidblitz: 5xx: POST /api/sms/send → 500 (49ms)
2026-04-30 03:44:22,040 [ERROR] bidblitz: 5xx: POST /api/payments/create-payment-intent → 500 (4ms)
2026-04-30 07:20:14,211 [ERROR] bidblitz: Unhandled error: POST /api/payments/create-payment-intent | 'str' object has no attribute 'value'
  + Exception Group Traceback (most recent call last):
  |   File "/root/.venv/lib/python3.11/site-packages/starlette/_utils.py", line 87, in collapse_excgroups
  |     yield
  |   File "/root/.venv/lib/python3.11/site-packages/starlette/middleware/base.py", line 190, in __call__
  |     async with anyio.create_task_group() as task_group:
  |   File "/root/.venv/lib/python3.11/site-packages/anyio/_backends/_asyncio.py", line 799, in __aexit__
  |     raise BaseExceptionGroup(
  | ExceptionGroup: unhandled errors in a TaskGroup (1 sub-exception)
  +-+---------------- 1 ----------------
    | Traceback (most recent call last):
    |   File "/root/.venv/lib/python3.11/site-packages/starlette/middleware/errors.py", line 164, in __call__
    |     await self.app(scope, receive, _send)
    |   File "/root/.venv/lib/python3.11/site-packages/starlette/middleware/cors.py", line 85, in __call__
    |     await self.app(scope, receive, send)
    |   File "/root/.venv/lib/python3.11/site-packages/starlette/middleware/base.py", line 189, in __call__
    |     with collapse_excgroups():
    |   File "/usr/local/lib/python3.11/contextlib.py", line 158, in __exit__
    |     self.gen.throw(typ, value, traceback)
    |   File "/root/.venv/lib/python3.11/site-packages/starlette/_utils.py", line 93, in collapse_excgroups
    |     raise exc
    |   File "/root/.venv/lib/python3.11/site-packages/starlette/middleware/base.py", line 191, in __call__
    |     response = await self.dispatch_func(request, call_next)
    |                ^^^^^^^^^^^^^^^^^^^^^^^^^^^^^^^^^^^^^^^^^^^^
    |   File "/app/backend/server.py", line 107, in log_requests
    |     response = await call_next(request)
    |                ^^^^^^^^^^^^^^^^^^^^^^^^
    |   File "/root/.venv/lib/python3.11/site-packages/starlette/middleware/base.py", line 165, in call_next
    |     raise app_exc
    |   File "/root/.venv/lib/python3.11/site-packages/starlette/middleware/base.py", line 151, in coro
    |     await self.app(scope, receive_or_disconnect, send_no_error)
    |   File "/root/.venv/lib/python3.11/site-packages/starlette/middleware/exceptions.py", line 65, in __call__
    |     await wrap_app_handling_exceptions(self.app, conn)(scope, receive, send)
    |   File "/root/.venv/lib/python3.11/site-packages/starlette/_exception_handler.py", line 64, in wrapped_app
    |     raise exc
    |   File "/root/.venv/lib/python3.11/site-packages/starlette/_exception_handler.py", line 53, in wrapped_app
    |     await app(scope, receive, sender)
    |   File "/root/.venv/lib/python3.11/site-packages/starlette/routing.py", line 756, in __call__
    |     await self.middleware_stack(scope, receive, send)
    |   File "/root/.venv/lib/python3.11/site-packages/starlette/routing.py", line 776, in app
    |     await route.handle(scope, receive, send)
    |   File "/root/.venv/lib/python3.11/site-packages/starlette/routing.py", line 297, in handle
    |     await self.app(scope, receive, send)
    |   File "/root/.venv/lib/python3.11/site-packages/starlette/routing.py", line 77, in app
    |     await wrap_app_handling_exceptions(app, request)(scope, receive, send)
    |   File "/root/.venv/lib/python3.11/site-packages/starlette/_exception_handler.py", line 64, in wrapped_app
    |     raise exc
    |   File "/root/.venv/lib/python3.11/site-packages/starlette/_exception_handler.py", line 53, in wrapped_app
    |     await app(scope, receive, sender)
    |   File "/root/.venv/lib/python3.11/site-packages/starlette/routing.py", line 72, in app
    |     response = await func(request)
    |                ^^^^^^^^^^^^^^^^^^^
    |   File "/root/.venv/lib/python3.11/site-packages/fastapi/routing.py", line 278, in app
    |     raw_response = await run_endpoint_function(
    |                    ^^^^^^^^^^^^^^^^^^^^^^^^^^^^
    |   File "/root/.venv/lib/python3.11/site-packages/fastapi/routing.py", line 191, in run_endpoint_function
    |     return await dependant.call(**values)
    |            ^^^^^^^^^^^^^^^^^^^^^^^^^^^^^^
    |   File "/root/.venv/lib/python3.11/site-packages/slowapi/extension.py", line 734, in async_wrapper
    |     response = await func(*args, **kwargs)  # type: ignore
    |                ^^^^^^^^^^^^^^^^^^^^^^^^^^^
    |   File "/app/backend/routes/apple_google_pay.py", line 76, in create_payment_intent
    |     AuditEvent.PAYMENT_INITIATED.value if hasattr(AuditEvent, "PAYMENT_INITIATED") else "payment_initiated",
    |     ^^^^^^^^^^^^^^^^^^^^^^^^^^^^^^^^^^
    | AttributeError: 'str' object has no attribute 'value'
    +------------------------------------

During handling of the above exception, another exception occurred:

Traceback (most recent call last):
  File "/root/.venv/lib/python3.11/site-packages/starlette/middleware/errors.py", line 164, in __call__
    await self.app(scope, receive, _send)
  File "/root/.venv/lib/python3.11/site-packages/starlette/middleware/cors.py", line 85, in __call__
    await self.app(scope, receive, send)
  File "/root/.venv/lib/python3.11/site-packages/starlette/middleware/base.py", line 189, in __call__
    with collapse_excgroups():
  File "/usr/local/lib/python3.11/contextlib.py", line 158, in __exit__
    self.gen.throw(typ, value, traceback)
  File "/root/.venv/lib/python3.11/site-packages/starlette/_utils.py", line 93, in collapse_excgroups
    raise exc
  File "/root/.venv/lib/python3.11/site-packages/starlette/middleware/base.py", line 191, in __call__
    response = await self.dispatch_func(request, call_next)
               ^^^^^^^^^^^^^^^^^^^^^^^^^^^^^^^^^^^^^^^^^^^^
  File "/app/backend/server.py", line 107, in log_requests
    response = await call_next(request)
               ^^^^^^^^^^^^^^^^^^^^^^^^
  File "/root/.venv/lib/python3.11/site-packages/starlette/middleware/base.py", line 165, in call_next
    raise app_exc
  File "/root/.venv/lib/python3.11/site-packages/starlette/middleware/base.py", line 151, in coro
    await self.app(scope, receive_or_disconnect, send_no_error)
  File "/root/.venv/lib/python3.11/site-packages/starlette/middleware/exceptions.py", line 65, in __call__
    await wrap_app_handling_exceptions(self.app, conn)(scope, receive, send)
  File "/root/.venv/lib/python3.11/site-packages/starlette/_exception_handler.py", line 64, in wrapped_app
    raise exc
  File "/root/.venv/lib/python3.11/site-packages/starlette/_exception_handler.py", line 53, in wrapped_app
    await app(scope, receive, sender)
  File "/root/.venv/lib/python3.11/site-packages/starlette/routing.py", line 756, in __call__
    await self.middleware_stack(scope, receive, send)
  File "/root/.venv/lib/python3.11/site-packages/starlette/routing.py", line 776, in app
    await route.handle(scope, receive, send)
  File "/root/.venv/lib/python3.11/site-packages/starlette/routing.py", line 297, in handle
    await self.app(scope, receive, send)
  File "/root/.venv/lib/python3.11/site-packages/starlette/routing.py", line 77, in app
    await wrap_app_handling_exceptions(app, request)(scope, receive, send)
  File "/root/.venv/lib/python3.11/site-packages/starlette/_exception_handler.py", line 64, in wrapped_app
    raise exc
  File "/root/.venv/lib/python3.11/site-packages/starlette/_exception_handler.py", line 53, in wrapped_app
    await app(scope, receive, sender)
  File "/root/.venv/lib/python3.11/site-packages/starlette/routing.py", line 72, in app
    response = await func(request)
               ^^^^^^^^^^^^^^^^^^^
  File "/root/.venv/lib/python3.11/site-packages/fastapi/routing.py", line 278, in app
    raw_response = await run_endpoint_function(
                   ^^^^^^^^^^^^^^^^^^^^^^^^^^^^
  File "/root/.venv/lib/python3.11/site-packages/fastapi/routing.py", line 191, in run_endpoint_function
    return await dependant.call(**values)
           ^^^^^^^^^^^^^^^^^^^^^^^^^^^^^^
  File "/root/.venv/lib/python3.11/site-packages/slowapi/extension.py", line 734, in async_wrapper
    response = await func(*args, **kwargs)  # type: ignore
               ^^^^^^^^^^^^^^^^^^^^^^^^^^^
  File "/app/backend/routes/apple_google_pay.py", line 76, in create_payment_intent
    AuditEvent.PAYMENT_INITIATED.value if hasattr(AuditEvent, "PAYMENT_INITIATED") else "payment_initiated",
    ^^^^^^^^^^^^^^^^^^^^^^^^^^^^^^^^^^
AttributeError: 'str' object has no attribute 'value'

2026-04-30 07:21:13,328 [ERROR] bidblitz: Unhandled error: POST /api/payments/create-payment-intent | core.audit.log_audit() argument after ** must be a mapping, not tuple
  + Exception Group Traceback (most recent call last):
  |   File "/root/.venv/lib/python3.11/site-packages/starlette/_utils.py", line 87, in collapse_excgroups
  |     yield
  |   File "/root/.venv/lib/python3.11/site-packages/starlette/middleware/base.py", line 190, in __call__
  |     async with anyio.create_task_group() as task_group:
  |   File "/root/.venv/lib/python3.11/site-packages/anyio/_backends/_asyncio.py", line 799, in __aexit__
  |     raise BaseExceptionGroup(
  | ExceptionGroup: unhandled errors in a TaskGroup (1 sub-exception)
  +-+---------------- 1 ----------------
    | Traceback (most recent call last):
    |   File "/root/.venv/lib/python3.11/site-packages/starlette/middleware/errors.py", line 164, in __call__
    |     await self.app(scope, receive, _send)
    |   File "/root/.venv/lib/python3.11/site-packages/starlette/middleware/cors.py", line 85, in __call__
    |     await self.app(scope, receive, send)
    |   File "/root/.venv/lib/python3.11/site-packages/starlette/middleware/base.py", line 189, in __call__
    |     with collapse_excgroups():
    |   File "/usr/local/lib/python3.11/contextlib.py", line 158, in __exit__
    |     self.gen.throw(typ, value, traceback)
    |   File "/root/.venv/lib/python3.11/site-packages/starlette/_utils.py", line 93, in collapse_excgroups
    |     raise exc
    |   File "/root/.venv/lib/python3.11/site-packages/starlette/middleware/base.py", line 191, in __call__
    |     response = await self.dispatch_func(request, call_next)
    |                ^^^^^^^^^^^^^^^^^^^^^^^^^^^^^^^^^^^^^^^^^^^^
    |   File "/app/backend/server.py", line 107, in log_requests
    |     response = await call_next(request)
    |                ^^^^^^^^^^^^^^^^^^^^^^^^
    |   File "/root/.venv/lib/python3.11/site-packages/starlette/middleware/base.py", line 165, in call_next
    |     raise app_exc
    |   File "/root/.venv/lib/python3.11/site-packages/starlette/middleware/base.py", line 151, in coro
    |     await self.app(scope, receive_or_disconnect, send_no_error)
    |   File "/root/.venv/lib/python3.11/site-packages/starlette/middleware/exceptions.py", line 65, in __call__
    |     await wrap_app_handling_exceptions(self.app, conn)(scope, receive, send)
    |   File "/root/.venv/lib/python3.11/site-packages/starlette/_exception_handler.py", line 64, in wrapped_app
    |     raise exc
    |   File "/root/.venv/lib/python3.11/site-packages/starlette/_exception_handler.py", line 53, in wrapped_app
    |     await app(scope, receive, sender)
    |   File "/root/.venv/lib/python3.11/site-packages/starlette/routing.py", line 756, in __call__
    |     await self.middleware_stack(scope, receive, send)
    |   File "/root/.venv/lib/python3.11/site-packages/starlette/routing.py", line 776, in app
    |     await route.handle(scope, receive, send)
    |   File "/root/.venv/lib/python3.11/site-packages/starlette/routing.py", line 297, in handle
    |     await self.app(scope, receive, send)
    |   File "/root/.venv/lib/python3.11/site-packages/starlette/routing.py", line 77, in app
    |     await wrap_app_handling_exceptions(app, request)(scope, receive, send)
    |   File "/root/.venv/lib/python3.11/site-packages/starlette/_exception_handler.py", line 64, in wrapped_app
    |     raise exc
    |   File "/root/.venv/lib/python3.11/site-packages/starlette/_exception_handler.py", line 53, in wrapped_app
    |     await app(scope, receive, sender)
    |   File "/root/.venv/lib/python3.11/site-packages/starlette/routing.py", line 72, in app
    |     response = await func(request)
    |                ^^^^^^^^^^^^^^^^^^^
    |   File "/root/.venv/lib/python3.11/site-packages/fastapi/routing.py", line 278, in app
    |     raw_response = await run_endpoint_function(
    |                    ^^^^^^^^^^^^^^^^^^^^^^^^^^^^
    |   File "/root/.venv/lib/python3.11/site-packages/fastapi/routing.py", line 191, in run_endpoint_function
    |     return await dependant.call(**values)
    |            ^^^^^^^^^^^^^^^^^^^^^^^^^^^^^^
    |   File "/root/.venv/lib/python3.11/site-packages/slowapi/extension.py", line 734, in async_wrapper
    |     response = await func(*args, **kwargs)  # type: ignore
    |                ^^^^^^^^^^^^^^^^^^^^^^^^^^^
    |   File "/app/backend/routes/apple_google_pay.py", line 75, in create_payment_intent
    |     await log_audit(
    |           ^^^^^^^^^^
    | TypeError: core.audit.log_audit() argument after ** must be a mapping, not tuple
    +------------------------------------

During handling of the above exception, another exception occurred:

Traceback (most recent call last):
  File "/root/.venv/lib/python3.11/site-packages/starlette/middleware/errors.py", line 164, in __call__
    await self.app(scope, receive, _send)
  File "/root/.venv/lib/python3.11/site-packages/starlette/middleware/cors.py", line 85, in __call__
    await self.app(scope, receive, send)
  File "/root/.venv/lib/python3.11/site-packages/starlette/middleware/base.py", line 189, in __call__
    with collapse_excgroups():
  File "/usr/local/lib/python3.11/contextlib.py", line 158, in __exit__
    self.gen.throw(typ, value, traceback)
  File "/root/.venv/lib/python3.11/site-packages/starlette/_utils.py", line 93, in collapse_excgroups
    raise exc
  File "/root/.venv/lib/python3.11/site-packages/starlette/middleware/base.py", line 191, in __call__
    response = await self.dispatch_func(request, call_next)
               ^^^^^^^^^^^^^^^^^^^^^^^^^^^^^^^^^^^^^^^^^^^^
  File "/app/backend/server.py", line 107, in log_requests
    response = await call_next(request)
               ^^^^^^^^^^^^^^^^^^^^^^^^
  File "/root/.venv/lib/python3.11/site-packages/starlette/middleware/base.py", line 165, in call_next
    raise app_exc
  File "/root/.venv/lib/python3.11/site-packages/starlette/middleware/base.py", line 151, in coro
    await self.app(scope, receive_or_disconnect, send_no_error)
  File "/root/.venv/lib/python3.11/site-packages/starlette/middleware/exceptions.py", line 65, in __call__
    await wrap_app_handling_exceptions(self.app, conn)(scope, receive, send)
  File "/root/.venv/lib/python3.11/site-packages/starlette/_exception_handler.py", line 64, in wrapped_app
    raise exc
  File "/root/.venv/lib/python3.11/site-packages/starlette/_exception_handler.py", line 53, in wrapped_app
    await app(scope, receive, sender)
  File "/root/.venv/lib/python3.11/site-packages/starlette/routing.py", line 756, in __call__
    await self.middleware_stack(scope, receive, send)
  File "/root/.venv/lib/python3.11/site-packages/starlette/routing.py", line 776, in app
    await route.handle(scope, receive, send)
  File "/root/.venv/lib/python3.11/site-packages/starlette/routing.py", line 297, in handle
    await self.app(scope, receive, send)
  File "/root/.venv/lib/python3.11/site-packages/starlette/routing.py", line 77, in app
    await wrap_app_handling_exceptions(app, request)(scope, receive, send)
  File "/root/.venv/lib/python3.11/site-packages/starlette/_exception_handler.py", line 64, in wrapped_app
    raise exc
  File "/root/.venv/lib/python3.11/site-packages/starlette/_exception_handler.py", line 53, in wrapped_app
    await app(scope, receive, sender)
  File "/root/.venv/lib/python3.11/site-packages/starlette/routing.py", line 72, in app
    response = await func(request)
               ^^^^^^^^^^^^^^^^^^^
  File "/root/.venv/lib/python3.11/site-packages/fastapi/routing.py", line 278, in app
    raw_response = await run_endpoint_function(
                   ^^^^^^^^^^^^^^^^^^^^^^^^^^^^
  File "/root/.venv/lib/python3.11/site-packages/fastapi/routing.py", line 191, in run_endpoint_function
    return await dependant.call(**values)
           ^^^^^^^^^^^^^^^^^^^^^^^^^^^^^^
  File "/root/.venv/lib/python3.11/site-packages/slowapi/extension.py", line 734, in async_wrapper
    response = await func(*args, **kwargs)  # type: ignore
               ^^^^^^^^^^^^^^^^^^^^^^^^^^^
  File "/app/backend/routes/apple_google_pay.py", line 75, in create_payment_intent
    await log_audit(
          ^^^^^^^^^^
TypeError: core.audit.log_audit() argument after ** must be a mapping, not tuple

2026-05-01 03:30:33,662 [ERROR] bidblitz.email: Failed to send email to test_user_81510746@bidblitz.com: The bidblitz.com domain is not verified. Please, add and verify your domain on https://resend.com/domains
2026-05-01 03:30:33,845 [ERROR] bidblitz.email: Resend email failed: The bidblitz.ae domain is not verified. Please, add and verify your domain on https://resend.com/domains
2026-05-01 04:32:45,527 [ERROR] bidblitz: Unhandled error: GET /api/admin/compliance-checks | [TypeError("'ObjectId' object is not iterable"), TypeError('vars() argument must have __dict__ attribute')]
Traceback (most recent call last):
  File "/root/.venv/lib/python3.11/site-packages/fastapi/encoders.py", line 322, in jsonable_encoder
    data = dict(obj)
           ^^^^^^^^^
TypeError: 'ObjectId' object is not iterable

During handling of the above exception, another exception occurred:

Traceback (most recent call last):
  File "/root/.venv/lib/python3.11/site-packages/fastapi/encoders.py", line 327, in jsonable_encoder
    data = vars(obj)
           ^^^^^^^^^
TypeError: vars() argument must have __dict__ attribute

The above exception was the direct cause of the following exception:

Traceback (most recent call last):
  File "/root/.venv/lib/python3.11/site-packages/starlette/middleware/errors.py", line 164, in __call__
    await self.app(scope, receive, _send)
  File "/root/.venv/lib/python3.11/site-packages/starlette/middleware/cors.py", line 85, in __call__
    await self.app(scope, receive, send)
  File "/root/.venv/lib/python3.11/site-packages/starlette/middleware/base.py", line 189, in __call__
    with collapse_excgroups():
  File "/usr/local/lib/python3.11/contextlib.py", line 158, in __exit__
    self.gen.throw(typ, value, traceback)
  File "/root/.venv/lib/python3.11/site-packages/starlette/_utils.py", line 93, in collapse_excgroups
    raise exc
  File "/root/.venv/lib/python3.11/site-packages/starlette/middleware/base.py", line 191, in __call__
    response = await self.dispatch_func(request, call_next)
               ^^^^^^^^^^^^^^^^^^^^^^^^^^^^^^^^^^^^^^^^^^^^
  File "/app/backend/server.py", line 107, in log_requests
    response = await call_next(request)
               ^^^^^^^^^^^^^^^^^^^^^^^^
  File "/root/.venv/lib/python3.11/site-packages/starlette/middleware/base.py", line 165, in call_next
    raise app_exc
  File "/root/.venv/lib/python3.11/site-packages/starlette/middleware/base.py", line 151, in coro
    await self.app(scope, receive_or_disconnect, send_no_error)
  File "/root/.venv/lib/python3.11/site-packages/starlette/middleware/exceptions.py", line 65, in __call__
    await wrap_app_handling_exceptions(self.app, conn)(scope, receive, send)
  File "/root/.venv/lib/python3.11/site-packages/starlette/_exception_handler.py", line 64, in wrapped_app
    raise exc
  File "/root/.venv/lib/python3.11/site-packages/starlette/_exception_handler.py", line 53, in wrapped_app
    await app(scope, receive, sender)
  File "/root/.venv/lib/python3.11/site-packages/starlette/routing.py", line 756, in __call__
    await self.middleware_stack(scope, receive, send)
  File "/root/.venv/lib/python3.11/site-packages/starlette/routing.py", line 776, in app
    await route.handle(scope, receive, send)
  File "/root/.venv/lib/python3.11/site-packages/starlette/routing.py", line 297, in handle
    await self.app(scope, receive, send)
  File "/root/.venv/lib/python3.11/site-packages/starlette/routing.py", line 77, in app
    await wrap_app_handling_exceptions(app, request)(scope, receive, send)
  File "/root/.venv/lib/python3.11/site-packages/starlette/_exception_handler.py", line 64, in wrapped_app
    raise exc
  File "/root/.venv/lib/python3.11/site-packages/starlette/_exception_handler.py", line 53, in wrapped_app
    await app(scope, receive, sender)
  File "/root/.venv/lib/python3.11/site-packages/starlette/routing.py", line 72, in app
    response = await func(request)
               ^^^^^^^^^^^^^^^^^^^
  File "/root/.venv/lib/python3.11/site-packages/fastapi/routing.py", line 296, in app
    content = await serialize_response(
              ^^^^^^^^^^^^^^^^^^^^^^^^^
  File "/root/.venv/lib/python3.11/site-packages/fastapi/routing.py", line 180, in serialize_response
    return jsonable_encoder(response_content)
           ^^^^^^^^^^^^^^^^^^^^^^^^^^^^^^^^^^
  File "/root/.venv/lib/python3.11/site-packages/fastapi/encoders.py", line 287, in jsonable_encoder
    encoded_value = jsonable_encoder(
                    ^^^^^^^^^^^^^^^^^
  File "/root/.venv/lib/python3.11/site-packages/fastapi/encoders.py", line 301, in jsonable_encoder
    jsonable_encoder(
  File "/root/.venv/lib/python3.11/site-packages/fastapi/encoders.py", line 287, in jsonable_encoder
    encoded_value = jsonable_encoder(
                    ^^^^^^^^^^^^^^^^^
  File "/root/.venv/lib/python3.11/site-packages/fastapi/encoders.py", line 287, in jsonable_encoder
    encoded_value = jsonable_encoder(
                    ^^^^^^^^^^^^^^^^^
  File "/root/.venv/lib/python3.11/site-packages/fastapi/encoders.py", line 330, in jsonable_encoder
    raise ValueError(errors) from e
ValueError: [TypeError("'ObjectId' object is not iterable"), TypeError('vars() argument must have __dict__ attribute')]

2026-05-01 04:35:23,293 [ERROR] bidblitz: Unhandled error: GET /api/admin/compliance-checks | [TypeError("'ObjectId' object is not iterable"), TypeError('vars() argument must have __dict__ attribute')]
Traceback (most recent call last):
  File "/root/.venv/lib/python3.11/site-packages/fastapi/encoders.py", line 322, in jsonable_encoder
    data = dict(obj)
           ^^^^^^^^^
TypeError: 'ObjectId' object is not iterable

During handling of the above exception, another exception occurred:

Traceback (most recent call last):
  File "/root/.venv/lib/python3.11/site-packages/fastapi/encoders.py", line 327, in jsonable_encoder
    data = vars(obj)
           ^^^^^^^^^
TypeError: vars() argument must have __dict__ attribute

The above exception was the direct cause of the following exception:

Traceback (most recent call last):
  File "/root/.venv/lib/python3.11/site-packages/starlette/middleware/errors.py", line 164, in __call__
    await self.app(scope, receive, _send)
  File "/root/.venv/lib/python3.11/site-packages/starlette/middleware/cors.py", line 85, in __call__
    await self.app(scope, receive, send)
  File "/root/.venv/lib/python3.11/site-packages/starlette/middleware/base.py", line 189, in __call__
    with collapse_excgroups():
  File "/usr/local/lib/python3.11/contextlib.py", line 158, in __exit__
    self.gen.throw(typ, value, traceback)
  File "/root/.venv/lib/python3.11/site-packages/starlette/_utils.py", line 93, in collapse_excgroups
    raise exc
  File "/root/.venv/lib/python3.11/site-packages/starlette/middleware/base.py", line 191, in __call__
    response = await self.dispatch_func(request, call_next)
               ^^^^^^^^^^^^^^^^^^^^^^^^^^^^^^^^^^^^^^^^^^^^
  File "/app/backend/server.py", line 107, in log_requests
    response = await call_next(request)
               ^^^^^^^^^^^^^^^^^^^^^^^^
  File "/root/.venv/lib/python3.11/site-packages/starlette/middleware/base.py", line 165, in call_next
    raise app_exc
  File "/root/.venv/lib/python3.11/site-packages/starlette/middleware/base.py", line 151, in coro
    await self.app(scope, receive_or_disconnect, send_no_error)
  File "/root/.venv/lib/python3.11/site-packages/starlette/middleware/exceptions.py", line 65, in __call__
    await wrap_app_handling_exceptions(self.app, conn)(scope, receive, send)
  File "/root/.venv/lib/python3.11/site-packages/starlette/_exception_handler.py", line 64, in wrapped_app
    raise exc
  File "/root/.venv/lib/python3.11/site-packages/starlette/_exception_handler.py", line 53, in wrapped_app
    await app(scope, receive, sender)
  File "/root/.venv/lib/python3.11/site-packages/starlette/routing.py", line 756, in __call__
    await self.middleware_stack(scope, receive, send)
  File "/root/.venv/lib/python3.11/site-packages/starlette/routing.py", line 776, in app
    await route.handle(scope, receive, send)
  File "/root/.venv/lib/python3.11/site-packages/starlette/routing.py", line 297, in handle
    await self.app(scope, receive, send)
  File "/root/.venv/lib/python3.11/site-packages/starlette/routing.py", line 77, in app
    await wrap_app_handling_exceptions(app, request)(scope, receive, send)
  File "/root/.venv/lib/python3.11/site-packages/starlette/_exception_handler.py", line 64, in wrapped_app
    raise exc
  File "/root/.venv/lib/python3.11/site-packages/starlette/_exception_handler.py", line 53, in wrapped_app
    await app(scope, receive, sender)
  File "/root/.venv/lib/python3.11/site-packages/starlette/routing.py", line 72, in app
    response = await func(request)
               ^^^^^^^^^^^^^^^^^^^
  File "/root/.venv/lib/python3.11/site-packages/fastapi/routing.py", line 296, in app
    content = await serialize_response(
              ^^^^^^^^^^^^^^^^^^^^^^^^^
  File "/root/.venv/lib/python3.11/site-packages/fastapi/routing.py", line 180, in serialize_response
    return jsonable_encoder(response_content)
           ^^^^^^^^^^^^^^^^^^^^^^^^^^^^^^^^^^
  File "/root/.venv/lib/python3.11/site-packages/fastapi/encoders.py", line 287, in jsonable_encoder
    encoded_value = jsonable_encoder(
                    ^^^^^^^^^^^^^^^^^
  File "/root/.venv/lib/python3.11/site-packages/fastapi/encoders.py", line 301, in jsonable_encoder
    jsonable_encoder(
  File "/root/.venv/lib/python3.11/site-packages/fastapi/encoders.py", line 287, in jsonable_encoder
    encoded_value = jsonable_encoder(
                    ^^^^^^^^^^^^^^^^^
  File "/root/.venv/lib/python3.11/site-packages/fastapi/encoders.py", line 287, in jsonable_encoder
    encoded_value = jsonable_encoder(
                    ^^^^^^^^^^^^^^^^^
  File "/root/.venv/lib/python3.11/site-packages/fastapi/encoders.py", line 330, in jsonable_encoder
    raise ValueError(errors) from e
ValueError: [TypeError("'ObjectId' object is not iterable"), TypeError('vars() argument must have __dict__ attribute')]

2026-05-01 11:34:03,897 [ERROR] bidblitz: Unhandled error: GET /api/admin/compliance-checks | [TypeError("'ObjectId' object is not iterable"), TypeError('vars() argument must have __dict__ attribute')]
Traceback (most recent call last):
  File "/root/.venv/lib/python3.11/site-packages/fastapi/encoders.py", line 322, in jsonable_encoder
    data = dict(obj)
           ^^^^^^^^^
TypeError: 'ObjectId' object is not iterable

During handling of the above exception, another exception occurred:

Traceback (most recent call last):
  File "/root/.venv/lib/python3.11/site-packages/fastapi/encoders.py", line 327, in jsonable_encoder
    data = vars(obj)
           ^^^^^^^^^
TypeError: vars() argument must have __dict__ attribute

The above exception was the direct cause of the following exception:

Traceback (most recent call last):
  File "/root/.venv/lib/python3.11/site-packages/starlette/middleware/errors.py", line 164, in __call__
    await self.app(scope, receive, _send)
  File "/root/.venv/lib/python3.11/site-packages/starlette/middleware/cors.py", line 85, in __call__
    await self.app(scope, receive, send)
  File "/root/.venv/lib/python3.11/site-packages/starlette/middleware/base.py", line 189, in __call__
    with collapse_excgroups():
  File "/usr/local/lib/python3.11/contextlib.py", line 158, in __exit__
    self.gen.throw(typ, value, traceback)
  File "/root/.venv/lib/python3.11/site-packages/starlette/_utils.py", line 93, in collapse_excgroups
    raise exc
  File "/root/.venv/lib/python3.11/site-packages/starlette/middleware/base.py", line 191, in __call__
    response = await self.dispatch_func(request, call_next)
               ^^^^^^^^^^^^^^^^^^^^^^^^^^^^^^^^^^^^^^^^^^^^
  File "/app/backend/server.py", line 107, in log_requests
    response = await call_next(request)
               ^^^^^^^^^^^^^^^^^^^^^^^^
  File "/root/.venv/lib/python3.11/site-packages/starlette/middleware/base.py", line 165, in call_next
    raise app_exc
  File "/root/.venv/lib/python3.11/site-packages/starlette/middleware/base.py", line 151, in coro
    await self.app(scope, receive_or_disconnect, send_no_error)
  File "/root/.venv/lib/python3.11/site-packages/starlette/middleware/exceptions.py", line 65, in __call__
    await wrap_app_handling_exceptions(self.app, conn)(scope, receive, send)
  File "/root/.venv/lib/python3.11/site-packages/starlette/_exception_handler.py", line 64, in wrapped_app
    raise exc
  File "/root/.venv/lib/python3.11/site-packages/starlette/_exception_handler.py", line 53, in wrapped_app
    await app(scope, receive, sender)
  File "/root/.venv/lib/python3.11/site-packages/starlette/routing.py", line 756, in __call__
    await self.middleware_stack(scope, receive, send)
  File "/root/.venv/lib/python3.11/site-packages/starlette/routing.py", line 776, in app
    await route.handle(scope, receive, send)
  File "/root/.venv/lib/python3.11/site-packages/starlette/routing.py", line 297, in handle
    await self.app(scope, receive, send)
  File "/root/.venv/lib/python3.11/site-packages/starlette/routing.py", line 77, in app
    await wrap_app_handling_exceptions(app, request)(scope, receive, send)
  File "/root/.venv/lib/python3.11/site-packages/starlette/_exception_handler.py", line 64, in wrapped_app
    raise exc
  File "/root/.venv/lib/python3.11/site-packages/starlette/_exception_handler.py", line 53, in wrapped_app
    await app(scope, receive, sender)
  File "/root/.venv/lib/python3.11/site-packages/starlette/routing.py", line 72, in app
    response = await func(request)
               ^^^^^^^^^^^^^^^^^^^
  File "/root/.venv/lib/python3.11/site-packages/fastapi/routing.py", line 296, in app
    content = await serialize_response(
              ^^^^^^^^^^^^^^^^^^^^^^^^^
  File "/root/.venv/lib/python3.11/site-packages/fastapi/routing.py", line 180, in serialize_response
    return jsonable_encoder(response_content)
           ^^^^^^^^^^^^^^^^^^^^^^^^^^^^^^^^^^
  File "/root/.venv/lib/python3.11/site-packages/fastapi/encoders.py", line 287, in jsonable_encoder
    encoded_value = jsonable_encoder(
                    ^^^^^^^^^^^^^^^^^
  File "/root/.venv/lib/python3.11/site-packages/fastapi/encoders.py", line 301, in jsonable_encoder
    jsonable_encoder(
  File "/root/.venv/lib/python3.11/site-packages/fastapi/encoders.py", line 287, in jsonable_encoder
    encoded_value = jsonable_encoder(
                    ^^^^^^^^^^^^^^^^^
  File "/root/.venv/lib/python3.11/site-packages/fastapi/encoders.py", line 287, in jsonable_encoder
    encoded_value = jsonable_encoder(
                    ^^^^^^^^^^^^^^^^^
  File "/root/.venv/lib/python3.11/site-packages/fastapi/encoders.py", line 330, in jsonable_encoder
    raise ValueError(errors) from e
ValueError: [TypeError("'ObjectId' object is not iterable"), TypeError('vars() argument must have __dict__ attribute')]

2026-05-01 11:34:10,784 [ERROR] bidblitz: Unhandled error: GET /api/admin/compliance-checks | [TypeError("'ObjectId' object is not iterable"), TypeError('vars() argument must have __dict__ attribute')]
Traceback (most recent call last):
  File "/root/.venv/lib/python3.11/site-packages/fastapi/encoders.py", line 322, in jsonable_encoder
    data = dict(obj)
           ^^^^^^^^^
TypeError: 'ObjectId' object is not iterable

During handling of the above exception, another exception occurred:

Traceback (most recent call last):
  File "/root/.venv/lib/python3.11/site-packages/fastapi/encoders.py", line 327, in jsonable_encoder
    data = vars(obj)
           ^^^^^^^^^
TypeError: vars() argument must have __dict__ attribute

The above exception was the direct cause of the following exception:

Traceback (most recent call last):
  File "/root/.venv/lib/python3.11/site-packages/starlette/middleware/errors.py", line 164, in __call__
    await self.app(scope, receive, _send)
  File "/root/.venv/lib/python3.11/site-packages/starlette/middleware/cors.py", line 85, in __call__
    await self.app(scope, receive, send)
  File "/root/.venv/lib/python3.11/site-packages/starlette/middleware/base.py", line 189, in __call__
    with collapse_excgroups():
  File "/usr/local/lib/python3.11/contextlib.py", line 158, in __exit__
    self.gen.throw(typ, value, traceback)
  File "/root/.venv/lib/python3.11/site-packages/starlette/_utils.py", line 93, in collapse_excgroups
    raise exc
  File "/root/.venv/lib/python3.11/site-packages/starlette/middleware/base.py", line 191, in __call__
    response = await self.dispatch_func(request, call_next)
               ^^^^^^^^^^^^^^^^^^^^^^^^^^^^^^^^^^^^^^^^^^^^
  File "/app/backend/server.py", line 107, in log_requests
    response = await call_next(request)
               ^^^^^^^^^^^^^^^^^^^^^^^^
  File "/root/.venv/lib/python3.11/site-packages/starlette/middleware/base.py", line 165, in call_next
    raise app_exc
  File "/root/.venv/lib/python3.11/site-packages/starlette/middleware/base.py", line 151, in coro
    await self.app(scope, receive_or_disconnect, send_no_error)
  File "/root/.venv/lib/python3.11/site-packages/starlette/middleware/exceptions.py", line 65, in __call__
    await wrap_app_handling_exceptions(self.app, conn)(scope, receive, send)
  File "/root/.venv/lib/python3.11/site-packages/starlette/_exception_handler.py", line 64, in wrapped_app
    raise exc
  File "/root/.venv/lib/python3.11/site-packages/starlette/_exception_handler.py", line 53, in wrapped_app
    await app(scope, receive, sender)
  File "/root/.venv/lib/python3.11/site-packages/starlette/routing.py", line 756, in __call__
    await self.middleware_stack(scope, receive, send)
  File "/root/.venv/lib/python3.11/site-packages/starlette/routing.py", line 776, in app
    await route.handle(scope, receive, send)
  File "/root/.venv/lib/python3.11/site-packages/starlette/routing.py", line 297, in handle
    await self.app(scope, receive, send)
  File "/root/.venv/lib/python3.11/site-packages/starlette/routing.py", line 77, in app
    await wrap_app_handling_exceptions(app, request)(scope, receive, send)
  File "/root/.venv/lib/python3.11/site-packages/starlette/_exception_handler.py", line 64, in wrapped_app
    raise exc
  File "/root/.venv/lib/python3.11/site-packages/starlette/_exception_handler.py", line 53, in wrapped_app
    await app(scope, receive, sender)
  File "/root/.venv/lib/python3.11/site-packages/starlette/routing.py", line 72, in app
    response = await func(request)
               ^^^^^^^^^^^^^^^^^^^
  File "/root/.venv/lib/python3.11/site-packages/fastapi/routing.py", line 296, in app
    content = await serialize_response(
              ^^^^^^^^^^^^^^^^^^^^^^^^^
  File "/root/.venv/lib/python3.11/site-packages/fastapi/routing.py", line 180, in serialize_response
    return jsonable_encoder(response_content)
           ^^^^^^^^^^^^^^^^^^^^^^^^^^^^^^^^^^
  File "/root/.venv/lib/python3.11/site-packages/fastapi/encoders.py", line 287, in jsonable_encoder
    encoded_value = jsonable_encoder(
                    ^^^^^^^^^^^^^^^^^
  File "/root/.venv/lib/python3.11/site-packages/fastapi/encoders.py", line 301, in jsonable_encoder
    jsonable_encoder(
  File "/root/.venv/lib/python3.11/site-packages/fastapi/encoders.py", line 287, in jsonable_encoder
    encoded_value = jsonable_encoder(
                    ^^^^^^^^^^^^^^^^^
  File "/root/.venv/lib/python3.11/site-packages/fastapi/encoders.py", line 287, in jsonable_encoder
    encoded_value = jsonable_encoder(
                    ^^^^^^^^^^^^^^^^^
  File "/root/.venv/lib/python3.11/site-packages/fastapi/encoders.py", line 330, in jsonable_encoder
    raise ValueError(errors) from e
ValueError: [TypeError("'ObjectId' object is not iterable"), TypeError('vars() argument must have __dict__ attribute')]

2026-05-01 18:52:46,548 [ERROR] bidblitz.email: Failed to send email to test_payer_d90691a1@example.com: The bidblitz.com domain is not verified. Please, add and verify your domain on https://resend.com/domains
2026-05-01 18:52:46,734 [ERROR] bidblitz.email: Resend email failed: The bidblitz.ae domain is not verified. Please, add and verify your domain on https://resend.com/domains
2026-05-01 19:07:19,145 [ERROR] bidblitz.email: Failed to send email to test_guest_788f6440@example.com: The bidblitz.com domain is not verified. Please, add and verify your domain on https://resend.com/domains
2026-05-01 19:07:19,341 [ERROR] bidblitz.email: Resend email failed: The bidblitz.ae domain is not verified. Please, add and verify your domain on https://resend.com/domains
2026-05-02 11:36:18,609 [ERROR] bidblitz: 5xx: POST /api/issuing/cards → 503 (4ms)
2026-05-02 11:36:19,247 [ERROR] bidblitz: 5xx: POST /api/issuing/cards → 503 (3ms)
2026-05-02 11:40:38,880 [ERROR] bidblitz: 5xx: POST /api/issuing/cardholders → 503 (4ms)
2026-05-02 11:40:38,930 [ERROR] bidblitz: 5xx: POST /api/issuing/cards → 503 (5ms)
2026-05-02 11:40:38,982 [ERROR] bidblitz: 5xx: POST /api/issuing/cards/test_id/ephemeral-key → 503 (4ms)
2026-05-02 11:40:39,030 [ERROR] bidblitz: 5xx: POST /api/issuing/cards/test_id/status → 503 (4ms)
2026-05-02 11:40:39,139 [ERROR] bidblitz: 5xx: POST /api/webhooks/stripe-issuing → 500 (3ms)
2026-05-02 11:44:55,497 [ERROR] bidblitz: 5xx: GET /api/issuing/cards → 503 (3ms)
2026-05-02 11:44:55,603 [ERROR] bidblitz: 5xx: GET /api/issuing/cardholders/me → 503 (3ms)
2026-05-02 11:44:55,736 [ERROR] bidblitz: 5xx: GET /api/issuing/cards → 503 (3ms)
2026-05-02 11:47:18,816 [ERROR] bidblitz: 5xx: GET /api/issuing/cards → 503 (3ms)
2026-05-02 11:47:18,930 [ERROR] bidblitz: 5xx: GET /api/issuing/cards → 503 (3ms)
2026-05-02 11:47:18,989 [ERROR] bidblitz: 5xx: GET /api/issuing/cardholders/me → 503 (3ms)
2026-05-02 11:47:19,106 [ERROR] bidblitz: 5xx: GET /api/issuing/cardholders/me → 503 (3ms)
2026-05-02 11:47:19,164 [ERROR] bidblitz: 5xx: POST /api/issuing/cardholders → 503 (4ms)
2026-05-02 11:47:19,216 [ERROR] bidblitz: 5xx: POST /api/issuing/cards → 503 (4ms)
2026-05-02 11:47:19,265 [ERROR] bidblitz: 5xx: POST /api/issuing/cards/test_id/ephemeral-key → 503 (3ms)
2026-05-02 11:47:19,316 [ERROR] bidblitz: 5xx: POST /api/issuing/cards/test_id/status → 503 (3ms)
2026-05-02 11:47:19,433 [ERROR] bidblitz: 5xx: POST /api/webhooks/stripe-issuing → 500 (3ms)
2026-05-02 11:47:30,184 [ERROR] bidblitz: 5xx: GET /api/issuing/cards → 503 (3ms)
2026-05-02 11:47:30,299 [ERROR] bidblitz: 5xx: GET /api/issuing/cards → 503 (3ms)
2026-05-02 11:47:30,349 [ERROR] bidblitz: 5xx: GET /api/issuing/cardholders/me → 503 (3ms)
2026-05-02 11:47:30,499 [ERROR] bidblitz: 5xx: GET /api/issuing/cardholders/me → 503 (3ms)
2026-05-02 11:47:30,553 [ERROR] bidblitz: 5xx: POST /api/issuing/cardholders → 503 (4ms)
2026-05-02 11:47:30,599 [ERROR] bidblitz: 5xx: POST /api/issuing/cards → 503 (3ms)
2026-05-02 11:47:30,648 [ERROR] bidblitz: 5xx: POST /api/issuing/cards/test_id/ephemeral-key → 503 (3ms)
2026-05-02 11:47:30,700 [ERROR] bidblitz: 5xx: POST /api/issuing/cards/test_id/status → 503 (3ms)
2026-05-02 11:47:30,818 [ERROR] bidblitz: 5xx: POST /api/webhooks/stripe-issuing → 500 (3ms)
2026-05-02 12:48:00,313 [ERROR] bidblitz: 5xx: GET /api/issuing/cards → 503 (3ms)
2026-05-02 12:48:00,372 [ERROR] bidblitz: 5xx: POST /api/issuing/cardholders → 503 (4ms)
2026-05-02 12:48:00,429 [ERROR] bidblitz: 5xx: POST /api/issuing/cards/x/status → 503 (3ms)
2026-05-02 12:48:00,573 [ERROR] bidblitz: 5xx: POST /api/webhooks/stripe-issuing → 500 (3ms)
2026-05-03 06:21:17,302 [ERROR] bidblitz.email: Failed to send email to kyc-test@bidblitz.com: The bidblitz.com domain is not verified. Please, add and verify your domain on https://resend.com/domains
2026-05-03 06:21:17,701 [ERROR] bidblitz.email: Resend email failed: The bidblitz.ae domain is not verified. Please, add and verify your domain on https://resend.com/domains
2026-05-03 16:14:58,590 [ERROR] bidblitz: 5xx: POST /api/chatbot/send → 500 (320ms)
2026-05-03 16:18:17,357 [ERROR] bidblitz: 5xx: POST /api/chatbot/send → 500 (6ms)
2026-05-03 16:18:17,430 [ERROR] bidblitz: 5xx: POST /api/chatbot/send → 500 (5ms)
2026-05-03 16:19:05,452 [ERROR] bidblitz: 5xx: POST /api/chatbot/send → 500 (5ms)
2026-05-03 20:25:05,162 [ERROR] bidblitz: Unhandled error: GET /api/pos/retail/pick/tasks/pending | [TypeError("'ObjectId' object is not iterable"), TypeError('vars() argument must have __dict__ attribute')]
Traceback (most recent call last):
  File "/root/.venv/lib/python3.11/site-packages/fastapi/encoders.py", line 322, in jsonable_encoder
    data = dict(obj)
           ^^^^^^^^^
TypeError: 'ObjectId' object is not iterable

During handling of the above exception, another exception occurred:

Traceback (most recent call last):
  File "/root/.venv/lib/python3.11/site-packages/fastapi/encoders.py", line 327, in jsonable_encoder
    data = vars(obj)
           ^^^^^^^^^
TypeError: vars() argument must have __dict__ attribute

The above exception was the direct cause of the following exception:

Traceback (most recent call last):
  File "/root/.venv/lib/python3.11/site-packages/starlette/middleware/errors.py", line 164, in __call__
    await self.app(scope, receive, _send)
  File "/root/.venv/lib/python3.11/site-packages/starlette/middleware/cors.py", line 85, in __call__
    await self.app(scope, receive, send)
  File "/root/.venv/lib/python3.11/site-packages/starlette/middleware/base.py", line 189, in __call__
    with collapse_excgroups():
  File "/usr/local/lib/python3.11/contextlib.py", line 158, in __exit__
    self.gen.throw(typ, value, traceback)
  File "/root/.venv/lib/python3.11/site-packages/starlette/_utils.py", line 93, in collapse_excgroups
    raise exc
  File "/root/.venv/lib/python3.11/site-packages/starlette/middleware/base.py", line 191, in __call__
    response = await self.dispatch_func(request, call_next)
               ^^^^^^^^^^^^^^^^^^^^^^^^^^^^^^^^^^^^^^^^^^^^
  File "/app/backend/server.py", line 107, in log_requests
    response = await call_next(request)
               ^^^^^^^^^^^^^^^^^^^^^^^^
  File "/root/.venv/lib/python3.11/site-packages/starlette/middleware/base.py", line 165, in call_next
    raise app_exc
  File "/root/.venv/lib/python3.11/site-packages/starlette/middleware/base.py", line 151, in coro
    await self.app(scope, receive_or_disconnect, send_no_error)
  File "/root/.venv/lib/python3.11/site-packages/starlette/middleware/exceptions.py", line 65, in __call__
    await wrap_app_handling_exceptions(self.app, conn)(scope, receive, send)
  File "/root/.venv/lib/python3.11/site-packages/starlette/_exception_handler.py", line 64, in wrapped_app
    raise exc
  File "/root/.venv/lib/python3.11/site-packages/starlette/_exception_handler.py", line 53, in wrapped_app
    await app(scope, receive, sender)
  File "/root/.venv/lib/python3.11/site-packages/starlette/routing.py", line 756, in __call__
    await self.middleware_stack(scope, receive, send)
  File "/root/.venv/lib/python3.11/site-packages/starlette/routing.py", line 776, in app
    await route.handle(scope, receive, send)
  File "/root/.venv/lib/python3.11/site-packages/starlette/routing.py", line 297, in handle
    await self.app(scope, receive, send)
  File "/root/.venv/lib/python3.11/site-packages/starlette/routing.py", line 77, in app
    await wrap_app_handling_exceptions(app, request)(scope, receive, send)
  File "/root/.venv/lib/python3.11/site-packages/starlette/_exception_handler.py", line 64, in wrapped_app
    raise exc
  File "/root/.venv/lib/python3.11/site-packages/starlette/_exception_handler.py", line 53, in wrapped_app
    await app(scope, receive, sender)
  File "/root/.venv/lib/python3.11/site-packages/starlette/routing.py", line 72, in app
    response = await func(request)
               ^^^^^^^^^^^^^^^^^^^
  File "/root/.venv/lib/python3.11/site-packages/fastapi/routing.py", line 296, in app
    content = await serialize_response(
              ^^^^^^^^^^^^^^^^^^^^^^^^^
  File "/root/.venv/lib/python3.11/site-packages/fastapi/routing.py", line 180, in serialize_response
    return jsonable_encoder(response_content)
           ^^^^^^^^^^^^^^^^^^^^^^^^^^^^^^^^^^
  File "/root/.venv/lib/python3.11/site-packages/fastapi/encoders.py", line 287, in jsonable_encoder
    encoded_value = jsonable_encoder(
                    ^^^^^^^^^^^^^^^^^
  File "/root/.venv/lib/python3.11/site-packages/fastapi/encoders.py", line 301, in jsonable_encoder
    jsonable_encoder(
  File "/root/.venv/lib/python3.11/site-packages/fastapi/encoders.py", line 287, in jsonable_encoder
    encoded_value = jsonable_encoder(
                    ^^^^^^^^^^^^^^^^^
  File "/root/.venv/lib/python3.11/site-packages/fastapi/encoders.py", line 330, in jsonable_encoder
    raise ValueError(errors) from e
ValueError: [TypeError("'ObjectId' object is not iterable"), TypeError('vars() argument must have __dict__ attribute')]

2026-05-03 20:56:41,027 [ERROR] bidblitz: Unhandled error: GET /api/super-app/wallet/balance | [TypeError("'ObjectId' object is not iterable"), TypeError('vars() argument must have __dict__ attribute')]
Traceback (most recent call last):
  File "/root/.venv/lib/python3.11/site-packages/fastapi/encoders.py", line 322, in jsonable_encoder
    data = dict(obj)
           ^^^^^^^^^
TypeError: 'ObjectId' object is not iterable

During handling of the above exception, another exception occurred:

Traceback (most recent call last):
  File "/root/.venv/lib/python3.11/site-packages/fastapi/encoders.py", line 327, in jsonable_encoder
    data = vars(obj)
           ^^^^^^^^^
TypeError: vars() argument must have __dict__ attribute

The above exception was the direct cause of the following exception:

Traceback (most recent call last):
  File "/root/.venv/lib/python3.11/site-packages/starlette/middleware/errors.py", line 164, in __call__
    await self.app(scope, receive, _send)
  File "/root/.venv/lib/python3.11/site-packages/starlette/middleware/cors.py", line 85, in __call__
    await self.app(scope, receive, send)
  File "/root/.venv/lib/python3.11/site-packages/starlette/middleware/base.py", line 189, in __call__
    with collapse_excgroups():
  File "/usr/local/lib/python3.11/contextlib.py", line 158, in __exit__
    self.gen.throw(typ, value, traceback)
  File "/root/.venv/lib/python3.11/site-packages/starlette/_utils.py", line 93, in collapse_excgroups
    raise exc
  File "/root/.venv/lib/python3.11/site-packages/starlette/middleware/base.py", line 191, in __call__
    response = await self.dispatch_func(request, call_next)
               ^^^^^^^^^^^^^^^^^^^^^^^^^^^^^^^^^^^^^^^^^^^^
  File "/app/backend/server.py", line 107, in log_requests
    response = await call_next(request)
               ^^^^^^^^^^^^^^^^^^^^^^^^
  File "/root/.venv/lib/python3.11/site-packages/starlette/middleware/base.py", line 165, in call_next
    raise app_exc
  File "/root/.venv/lib/python3.11/site-packages/starlette/middleware/base.py", line 151, in coro
    await self.app(scope, receive_or_disconnect, send_no_error)
  File "/root/.venv/lib/python3.11/site-packages/starlette/middleware/exceptions.py", line 65, in __call__
    await wrap_app_handling_exceptions(self.app, conn)(scope, receive, send)
  File "/root/.venv/lib/python3.11/site-packages/starlette/_exception_handler.py", line 64, in wrapped_app
    raise exc
  File "/root/.venv/lib/python3.11/site-packages/starlette/_exception_handler.py", line 53, in wrapped_app
    await app(scope, receive, sender)
  File "/root/.venv/lib/python3.11/site-packages/starlette/routing.py", line 756, in __call__
    await self.middleware_stack(scope, receive, send)
  File "/root/.venv/lib/python3.11/site-packages/starlette/routing.py", line 776, in app
    await route.handle(scope, receive, send)
  File "/root/.venv/lib/python3.11/site-packages/starlette/routing.py", line 297, in handle
    await self.app(scope, receive, send)
  File "/root/.venv/lib/python3.11/site-packages/starlette/routing.py", line 77, in app
    await wrap_app_handling_exceptions(app, request)(scope, receive, send)
  File "/root/.venv/lib/python3.11/site-packages/starlette/_exception_handler.py", line 64, in wrapped_app
    raise exc
  File "/root/.venv/lib/python3.11/site-packages/starlette/_exception_handler.py", line 53, in wrapped_app
    await app(scope, receive, sender)
  File "/root/.venv/lib/python3.11/site-packages/starlette/routing.py", line 72, in app
    response = await func(request)
               ^^^^^^^^^^^^^^^^^^^
  File "/root/.venv/lib/python3.11/site-packages/fastapi/routing.py", line 296, in app
    content = await serialize_response(
              ^^^^^^^^^^^^^^^^^^^^^^^^^
  File "/root/.venv/lib/python3.11/site-packages/fastapi/routing.py", line 180, in serialize_response
    return jsonable_encoder(response_content)
           ^^^^^^^^^^^^^^^^^^^^^^^^^^^^^^^^^^
  File "/root/.venv/lib/python3.11/site-packages/fastapi/encoders.py", line 287, in jsonable_encoder
    encoded_value = jsonable_encoder(
                    ^^^^^^^^^^^^^^^^^
  File "/root/.venv/lib/python3.11/site-packages/fastapi/encoders.py", line 301, in jsonable_encoder
    jsonable_encoder(
  File "/root/.venv/lib/python3.11/site-packages/fastapi/encoders.py", line 287, in jsonable_encoder
    encoded_value = jsonable_encoder(
                    ^^^^^^^^^^^^^^^^^
  File "/root/.venv/lib/python3.11/site-packages/fastapi/encoders.py", line 330, in jsonable_encoder
    raise ValueError(errors) from e
ValueError: [TypeError("'ObjectId' object is not iterable"), TypeError('vars() argument must have __dict__ attribute')]

2026-05-03 20:57:53,438 [ERROR] bidblitz.pos.hardware: Print error: [Errno 110] Connect call failed ('192.168.1.100', 9100)
2026-05-03 20:57:53,438 [ERROR] bidblitz: 5xx: POST /api/pos/hardware/printer/print → 500 (135530ms)
2026-05-03 20:57:59,417 [ERROR] bidblitz: Unhandled error: GET /api/super-app/wallet/balance | [TypeError("'ObjectId' object is not iterable"), TypeError('vars() argument must have __dict__ attribute')]
Traceback (most recent call last):
  File "/root/.venv/lib/python3.11/site-packages/fastapi/encoders.py", line 322, in jsonable_encoder
    data = dict(obj)
           ^^^^^^^^^
TypeError: 'ObjectId' object is not iterable

During handling of the above exception, another exception occurred:

Traceback (most recent call last):
  File "/root/.venv/lib/python3.11/site-packages/fastapi/encoders.py", line 327, in jsonable_encoder
    data = vars(obj)
           ^^^^^^^^^
TypeError: vars() argument must have __dict__ attribute

The above exception was the direct cause of the following exception:

Traceback (most recent call last):
  File "/root/.venv/lib/python3.11/site-packages/starlette/middleware/errors.py", line 164, in __call__
    await self.app(scope, receive, _send)
  File "/root/.venv/lib/python3.11/site-packages/starlette/middleware/cors.py", line 85, in __call__
    await self.app(scope, receive, send)
  File "/root/.venv/lib/python3.11/site-packages/starlette/middleware/base.py", line 189, in __call__
    with collapse_excgroups():
  File "/usr/local/lib/python3.11/contextlib.py", line 158, in __exit__
    self.gen.throw(typ, value, traceback)
  File "/root/.venv/lib/python3.11/site-packages/starlette/_utils.py", line 93, in collapse_excgroups
    raise exc
  File "/root/.venv/lib/python3.11/site-packages/starlette/middleware/base.py", line 191, in __call__
    response = await self.dispatch_func(request, call_next)
               ^^^^^^^^^^^^^^^^^^^^^^^^^^^^^^^^^^^^^^^^^^^^
  File "/app/backend/server.py", line 107, in log_requests
    response = await call_next(request)
               ^^^^^^^^^^^^^^^^^^^^^^^^
  File "/root/.venv/lib/python3.11/site-packages/starlette/middleware/base.py", line 165, in call_next
    raise app_exc
  File "/root/.venv/lib/python3.11/site-packages/starlette/middleware/base.py", line 151, in coro
    await self.app(scope, receive_or_disconnect, send_no_error)
  File "/root/.venv/lib/python3.11/site-packages/starlette/middleware/exceptions.py", line 65, in __call__
    await wrap_app_handling_exceptions(self.app, conn)(scope, receive, send)
  File "/root/.venv/lib/python3.11/site-packages/starlette/_exception_handler.py", line 64, in wrapped_app
    raise exc
  File "/root/.venv/lib/python3.11/site-packages/starlette/_exception_handler.py", line 53, in wrapped_app
    await app(scope, receive, sender)
  File "/root/.venv/lib/python3.11/site-packages/starlette/routing.py", line 756, in __call__
    await self.middleware_stack(scope, receive, send)
  File "/root/.venv/lib/python3.11/site-packages/starlette/routing.py", line 776, in app
    await route.handle(scope, receive, send)
  File "/root/.venv/lib/python3.11/site-packages/starlette/routing.py", line 297, in handle
    await self.app(scope, receive, send)
  File "/root/.venv/lib/python3.11/site-packages/starlette/routing.py", line 77, in app
    await wrap_app_handling_exceptions(app, request)(scope, receive, send)
  File "/root/.venv/lib/python3.11/site-packages/starlette/_exception_handler.py", line 64, in wrapped_app
    raise exc
  File "/root/.venv/lib/python3.11/site-packages/starlette/_exception_handler.py", line 53, in wrapped_app
    await app(scope, receive, sender)
  File "/root/.venv/lib/python3.11/site-packages/starlette/routing.py", line 72, in app
    response = await func(request)
               ^^^^^^^^^^^^^^^^^^^
  File "/root/.venv/lib/python3.11/site-packages/fastapi/routing.py", line 296, in app
    content = await serialize_response(
              ^^^^^^^^^^^^^^^^^^^^^^^^^
  File "/root/.venv/lib/python3.11/site-packages/fastapi/routing.py", line 180, in serialize_response
    return jsonable_encoder(response_content)
           ^^^^^^^^^^^^^^^^^^^^^^^^^^^^^^^^^^
  File "/root/.venv/lib/python3.11/site-packages/fastapi/encoders.py", line 287, in jsonable_encoder
    encoded_value = jsonable_encoder(
                    ^^^^^^^^^^^^^^^^^
  File "/root/.venv/lib/python3.11/site-packages/fastapi/encoders.py", line 301, in jsonable_encoder
    jsonable_encoder(
  File "/root/.venv/lib/python3.11/site-packages/fastapi/encoders.py", line 287, in jsonable_encoder
    encoded_value = jsonable_encoder(
                    ^^^^^^^^^^^^^^^^^
  File "/root/.venv/lib/python3.11/site-packages/fastapi/encoders.py", line 330, in jsonable_encoder
    raise ValueError(errors) from e
ValueError: [TypeError("'ObjectId' object is not iterable"), TypeError('vars() argument must have __dict__ attribute')]

2026-05-04 05:16:53,402 [ERROR] bidblitz.landing_chatbot: Chatbot error: Failed to generate chat completion: litellm.AuthenticationError: AuthenticationError: OpenAIException - key not allowed to access model. This key can only access models=['gpt-4', 'gpt-4.1', 'gpt-4.1-mini', 'gpt-4.1-nano', 'gpt-4o', 'gpt-4o-mini', 'gpt-4.1-2025-04-14', 'o1', 'o1-pro', 'o1-mini', 'gpt-5.1', 'o3-pro', 'o3', 'o4-mini', 'o3-mini', 'gpt-image-1', 'gemini/gemini-2.5-pro', 'gemini/gemini-pro', 'gemini/gemini-1.5-pro', 'gemini/gemini-2.5-flash', 'gemini/gemini-2.0-flash', 'gemini/gemini-2.0-flash-lite', 'gemini/gemini-2.0-flash-preview-image-generation', 'gemini/gemini-1.5-flash', 'dall-e-3', 'dall-e-2', 'gemini/gemini-3-pro-preview', 'gemini/gemini-3-pro-image-preview', 'gpt-5.2', 'gpt-5-mini', 'gpt-5', 'gpt-5-nano', 'gemini/gemini-2.5-flash-image-preview', 'tts-1', 'tts-1-hd', 'whisper-1', 'gemini/gemini-3-flash-preview', 'gpt-image-1.5', 'gemini/gemini-3.1-pro-preview', 'gemini/gemini-3.1-flash-image-preview']. Tried to access claude-sonnet-4-5-20250929
Traceback (most recent call last):
  File "/root/.venv/lib/python3.11/site-packages/litellm/llms/openai/openai.py", line 745, in completion
    raise e
  File "/root/.venv/lib/python3.11/site-packages/litellm/llms/openai/openai.py", line 673, in completion
    ) = self.make_sync_openai_chat_completion_request(
        ^^^^^^^^^^^^^^^^^^^^^^^^^^^^^^^^^^^^^^^^^^^^^^
  File "/root/.venv/lib/python3.11/site-packages/litellm/litellm_core_utils/logging_utils.py", line 237, in sync_wrapper
    result = func(*args, **kwargs)
             ^^^^^^^^^^^^^^^^^^^^^
  File "/root/.venv/lib/python3.11/site-packages/litellm/llms/openai/openai.py", line 489, in make_sync_openai_chat_completion_request
    raise e
  File "/root/.venv/lib/python3.11/site-packages/litellm/llms/openai/openai.py", line 471, in make_sync_openai_chat_completion_request
    raw_response = openai_client.chat.completions.with_raw_response.create(
                   ^^^^^^^^^^^^^^^^^^^^^^^^^^^^^^^^^^^^^^^^^^^^^^^^^^^^^^^^
  File "/root/.venv/lib/python3.11/site-packages/openai/_legacy_response.py", line 364, in wrapped
    return cast(LegacyAPIResponse[R], func(*args, **kwargs))
                                      ^^^^^^^^^^^^^^^^^^^^^
  File "/root/.venv/lib/python3.11/site-packages/openai/_utils/_utils.py", line 287, in wrapper
    return func(*args, **kwargs)
           ^^^^^^^^^^^^^^^^^^^^^
  File "/root/.venv/lib/python3.11/site-packages/openai/resources/chat/completions/completions.py", line 1150, in create
    return self._post(
           ^^^^^^^^^^^
  File "/root/.venv/lib/python3.11/site-packages/openai/_base_client.py", line 1259, in post
    return cast(ResponseT, self.request(cast_to, opts, stream=stream, stream_cls=stream_cls))
                           ^^^^^^^^^^^^^^^^^^^^^^^^^^^^^^^^^^^^^^^^^^^^^^^^^^^^^^^^^^^^^^^^^
  File "/root/.venv/lib/python3.11/site-packages/openai/_base_client.py", line 1047, in request
    raise self._make_status_error_from_response(err.response) from None
openai.AuthenticationError: Error code: 401 - {'error': {'message': "key not allowed to access model. This key can only access models=['gpt-4', 'gpt-4.1', 'gpt-4.1-mini', 'gpt-4.1-nano', 'gpt-4o', 'gpt-4o-mini', 'gpt-4.1-2025-04-14', 'o1', 'o1-pro', 'o1-mini', 'gpt-5.1', 'o3-pro', 'o3', 'o4-mini', 'o3-mini', 'gpt-image-1', 'gemini/gemini-2.5-pro', 'gemini/gemini-pro', 'gemini/gemini-1.5-pro', 'gemini/gemini-2.5-flash', 'gemini/gemini-2.0-flash', 'gemini/gemini-2.0-flash-lite', 'gemini/gemini-2.0-flash-preview-image-generation', 'gemini/gemini-1.5-flash', 'dall-e-3', 'dall-e-2', 'gemini/gemini-3-pro-preview', 'gemini/gemini-3-pro-image-preview', 'gpt-5.2', 'gpt-5-mini', 'gpt-5', 'gpt-5-nano', 'gemini/gemini-2.5-flash-image-preview', 'tts-1', 'tts-1-hd', 'whisper-1', 'gemini/gemini-3-flash-preview', 'gpt-image-1.5', 'gemini/gemini-3.1-pro-preview', 'gemini/gemini-3.1-flash-image-preview']. Tried to access claude-sonnet-4-5-20250929", 'type': 'key_model_access_denied', 'param': 'model', 'code': '401'}}

During handling of the above exception, another exception occurred:

Traceback (most recent call last):
  File "/root/.venv/lib/python3.11/site-packages/litellm/main.py", line 2158, in completion
    raise e
  File "/root/.venv/lib/python3.11/site-packages/litellm/main.py", line 2130, in completion
    response = openai_chat_completions.completion(
               ^^^^^^^^^^^^^^^^^^^^^^^^^^^^^^^^^^^
  File "/root/.venv/lib/python3.11/site-packages/litellm/llms/openai/openai.py", line 756, in completion
    raise OpenAIError(
litellm.llms.openai.common_utils.OpenAIError: Error code: 401 - {'error': {'message': "key not allowed to access model. This key can only access models=['gpt-4', 'gpt-4.1', 'gpt-4.1-mini', 'gpt-4.1-nano', 'gpt-4o', 'gpt-4o-mini', 'gpt-4.1-2025-04-14', 'o1', 'o1-pro', 'o1-mini', 'gpt-5.1', 'o3-pro', 'o3', 'o4-mini', 'o3-mini', 'gpt-image-1', 'gemini/gemini-2.5-pro', 'gemini/gemini-pro', 'gemini/gemini-1.5-pro', 'gemini/gemini-2.5-flash', 'gemini/gemini-2.0-flash', 'gemini/gemini-2.0-flash-lite', 'gemini/gemini-2.0-flash-preview-image-generation', 'gemini/gemini-1.5-flash', 'dall-e-3', 'dall-e-2', 'gemini/gemini-3-pro-preview', 'gemini/gemini-3-pro-image-preview', 'gpt-5.2', 'gpt-5-mini', 'gpt-5', 'gpt-5-nano', 'gemini/gemini-2.5-flash-image-preview', 'tts-1', 'tts-1-hd', 'whisper-1', 'gemini/gemini-3-flash-preview', 'gpt-image-1.5', 'gemini/gemini-3.1-pro-preview', 'gemini/gemini-3.1-flash-image-preview']. Tried to access claude-sonnet-4-5-20250929", 'type': 'key_model_access_denied', 'param': 'model', 'code': '401'}}

During handling of the above exception, another exception occurred:

Traceback (most recent call last):
  File "/root/.venv/lib/python3.11/site-packages/emergentintegrations/llm/chat.py", line 129, in send_message
    response = await self._execute_completion(messages)
               ^^^^^^^^^^^^^^^^^^^^^^^^^^^^^^^^^^^^^^^^
  File "/root/.venv/lib/python3.11/site-packages/emergentintegrations/llm/chat.py", line 123, in _execute_completion
    return litellm.completion(**params)
           ^^^^^^^^^^^^^^^^^^^^^^^^^^^^
  File "/root/.venv/lib/python3.11/site-packages/litellm/utils.py", line 1381, in wrapper
    raise e
  File "/root/.venv/lib/python3.11/site-packages/litellm/utils.py", line 1250, in wrapper
    result = original_function(*args, **kwargs)
             ^^^^^^^^^^^^^^^^^^^^^^^^^^^^^^^^^^
  File "/root/.venv/lib/python3.11/site-packages/litellm/main.py", line 3772, in completion
    raise exception_type(
          ^^^^^^^^^^^^^^^
  File "/root/.venv/lib/python3.11/site-packages/litellm/litellm_core_utils/exception_mapping_utils.py", line 2328, in exception_type
    raise e
  File "/root/.venv/lib/python3.11/site-packages/litellm/litellm_core_utils/exception_mapping_utils.py", line 482, in exception_type
    raise AuthenticationError(
litellm.exceptions.AuthenticationError: litellm.AuthenticationError: AuthenticationError: OpenAIException - key not allowed to access model. This key can only access models=['gpt-4', 'gpt-4.1', 'gpt-4.1-mini', 'gpt-4.1-nano', 'gpt-4o', 'gpt-4o-mini', 'gpt-4.1-2025-04-14', 'o1', 'o1-pro', 'o1-mini', 'gpt-5.1', 'o3-pro', 'o3', 'o4-mini', 'o3-mini', 'gpt-image-1', 'gemini/gemini-2.5-pro', 'gemini/gemini-pro', 'gemini/gemini-1.5-pro', 'gemini/gemini-2.5-flash', 'gemini/gemini-2.0-flash', 'gemini/gemini-2.0-flash-lite', 'gemini/gemini-2.0-flash-preview-image-generation', 'gemini/gemini-1.5-flash', 'dall-e-3', 'dall-e-2', 'gemini/gemini-3-pro-preview', 'gemini/gemini-3-pro-image-preview', 'gpt-5.2', 'gpt-5-mini', 'gpt-5', 'gpt-5-nano', 'gemini/gemini-2.5-flash-image-preview', 'tts-1', 'tts-1-hd', 'whisper-1', 'gemini/gemini-3-flash-preview', 'gpt-image-1.5', 'gemini/gemini-3.1-pro-preview', 'gemini/gemini-3.1-flash-image-preview']. Tried to access claude-sonnet-4-5-20250929

During handling of the above exception, another exception occurred:

Traceback (most recent call last):
  File "/app/backend/routes/landing_chatbot.py", line 90, in landing_chatbot
    bot_message = await chat.send_message(user_message)
                  ^^^^^^^^^^^^^^^^^^^^^^^^^^^^^^^^^^^^^
  File "/root/.venv/lib/python3.11/site-packages/emergentintegrations/llm/chat.py", line 134, in send_message
    raise ChatError(f"Failed to generate chat completion: {str(e)}")
emergentintegrations.llm.chat.ChatError: Failed to generate chat completion: litellm.AuthenticationError: AuthenticationError: OpenAIException - key not allowed to access model. This key can only access models=['gpt-4', 'gpt-4.1', 'gpt-4.1-mini', 'gpt-4.1-nano', 'gpt-4o', 'gpt-4o-mini', 'gpt-4.1-2025-04-14', 'o1', 'o1-pro', 'o1-mini', 'gpt-5.1', 'o3-pro', 'o3', 'o4-mini', 'o3-mini', 'gpt-image-1', 'gemini/gemini-2.5-pro', 'gemini/gemini-pro', 'gemini/gemini-1.5-pro', 'gemini/gemini-2.5-flash', 'gemini/gemini-2.0-flash', 'gemini/gemini-2.0-flash-lite', 'gemini/gemini-2.0-flash-preview-image-generation', 'gemini/gemini-1.5-flash', 'dall-e-3', 'dall-e-2', 'gemini/gemini-3-pro-preview', 'gemini/gemini-3-pro-image-preview', 'gpt-5.2', 'gpt-5-mini', 'gpt-5', 'gpt-5-nano', 'gemini/gemini-2.5-flash-image-preview', 'tts-1', 'tts-1-hd', 'whisper-1', 'gemini/gemini-3-flash-preview', 'gpt-image-1.5', 'gemini/gemini-3.1-pro-preview', 'gemini/gemini-3.1-flash-image-preview']. Tried to access claude-sonnet-4-5-20250929
2026-05-04 05:16:53,411 [ERROR] bidblitz: 5xx: POST /api/landing-chatbot/chat → 500 (346ms)
2026-05-04 05:16:53,602 [ERROR] bidblitz.landing_chatbot: Chatbot error: Failed to generate chat completion: litellm.AuthenticationError: AuthenticationError: OpenAIException - key not allowed to access model. This key can only access models=['gpt-4', 'gpt-4.1', 'gpt-4.1-mini', 'gpt-4.1-nano', 'gpt-4o', 'gpt-4o-mini', 'gpt-4.1-2025-04-14', 'o1', 'o1-pro', 'o1-mini', 'gpt-5.1', 'o3-pro', 'o3', 'o4-mini', 'o3-mini', 'gpt-image-1', 'gemini/gemini-2.5-pro', 'gemini/gemini-pro', 'gemini/gemini-1.5-pro', 'gemini/gemini-2.5-flash', 'gemini/gemini-2.0-flash', 'gemini/gemini-2.0-flash-lite', 'gemini/gemini-2.0-flash-preview-image-generation', 'gemini/gemini-1.5-flash', 'dall-e-3', 'dall-e-2', 'gemini/gemini-3-pro-preview', 'gemini/gemini-3-pro-image-preview', 'gpt-5.2', 'gpt-5-mini', 'gpt-5', 'gpt-5-nano', 'gemini/gemini-2.5-flash-image-preview', 'tts-1', 'tts-1-hd', 'whisper-1', 'gemini/gemini-3-flash-preview', 'gpt-image-1.5', 'gemini/gemini-3.1-pro-preview', 'gemini/gemini-3.1-flash-image-preview']. Tried to access claude-sonnet-4-5-20250929
Traceback (most recent call last):
  File "/root/.venv/lib/python3.11/site-packages/litellm/llms/openai/openai.py", line 745, in completion
    raise e
  File "/root/.venv/lib/python3.11/site-packages/litellm/llms/openai/openai.py", line 673, in completion
    ) = self.make_sync_openai_chat_completion_request(
        ^^^^^^^^^^^^^^^^^^^^^^^^^^^^^^^^^^^^^^^^^^^^^^
  File "/root/.venv/lib/python3.11/site-packages/litellm/litellm_core_utils/logging_utils.py", line 237, in sync_wrapper
    result = func(*args, **kwargs)
             ^^^^^^^^^^^^^^^^^^^^^
  File "/root/.venv/lib/python3.11/site-packages/litellm/llms/openai/openai.py", line 489, in make_sync_openai_chat_completion_request
    raise e
  File "/root/.venv/lib/python3.11/site-packages/litellm/llms/openai/openai.py", line 471, in make_sync_openai_chat_completion_request
    raw_response = openai_client.chat.completions.with_raw_response.create(
                   ^^^^^^^^^^^^^^^^^^^^^^^^^^^^^^^^^^^^^^^^^^^^^^^^^^^^^^^^
  File "/root/.venv/lib/python3.11/site-packages/openai/_legacy_response.py", line 364, in wrapped
    return cast(LegacyAPIResponse[R], func(*args, **kwargs))
                                      ^^^^^^^^^^^^^^^^^^^^^
  File "/root/.venv/lib/python3.11/site-packages/openai/_utils/_utils.py", line 287, in wrapper
    return func(*args, **kwargs)
           ^^^^^^^^^^^^^^^^^^^^^
  File "/root/.venv/lib/python3.11/site-packages/openai/resources/chat/completions/completions.py", line 1150, in create
    return self._post(
           ^^^^^^^^^^^
  File "/root/.venv/lib/python3.11/site-packages/openai/_base_client.py", line 1259, in post
    return cast(ResponseT, self.request(cast_to, opts, stream=stream, stream_cls=stream_cls))
                           ^^^^^^^^^^^^^^^^^^^^^^^^^^^^^^^^^^^^^^^^^^^^^^^^^^^^^^^^^^^^^^^^^
  File "/root/.venv/lib/python3.11/site-packages/openai/_base_client.py", line 1047, in request
    raise self._make_status_error_from_response(err.response) from None
openai.AuthenticationError: Error code: 401 - {'error': {'message': "key not allowed to access model. This key can only access models=['gpt-4', 'gpt-4.1', 'gpt-4.1-mini', 'gpt-4.1-nano', 'gpt-4o', 'gpt-4o-mini', 'gpt-4.1-2025-04-14', 'o1', 'o1-pro', 'o1-mini', 'gpt-5.1', 'o3-pro', 'o3', 'o4-mini', 'o3-mini', 'gpt-image-1', 'gemini/gemini-2.5-pro', 'gemini/gemini-pro', 'gemini/gemini-1.5-pro', 'gemini/gemini-2.5-flash', 'gemini/gemini-2.0-flash', 'gemini/gemini-2.0-flash-lite', 'gemini/gemini-2.0-flash-preview-image-generation', 'gemini/gemini-1.5-flash', 'dall-e-3', 'dall-e-2', 'gemini/gemini-3-pro-preview', 'gemini/gemini-3-pro-image-preview', 'gpt-5.2', 'gpt-5-mini', 'gpt-5', 'gpt-5-nano', 'gemini/gemini-2.5-flash-image-preview', 'tts-1', 'tts-1-hd', 'whisper-1', 'gemini/gemini-3-flash-preview', 'gpt-image-1.5', 'gemini/gemini-3.1-pro-preview', 'gemini/gemini-3.1-flash-image-preview']. Tried to access claude-sonnet-4-5-20250929", 'type': 'key_model_access_denied', 'param': 'model', 'code': '401'}}

During handling of the above exception, another exception occurred:

Traceback (most recent call last):
  File "/root/.venv/lib/python3.11/site-packages/litellm/main.py", line 2158, in completion
    raise e
  File "/root/.venv/lib/python3.11/site-packages/litellm/main.py", line 2130, in completion
    response = openai_chat_completions.completion(
               ^^^^^^^^^^^^^^^^^^^^^^^^^^^^^^^^^^^
  File "/root/.venv/lib/python3.11/site-packages/litellm/llms/openai/openai.py", line 756, in completion
    raise OpenAIError(
litellm.llms.openai.common_utils.OpenAIError: Error code: 401 - {'error': {'message': "key not allowed to access model. This key can only access models=['gpt-4', 'gpt-4.1', 'gpt-4.1-mini', 'gpt-4.1-nano', 'gpt-4o', 'gpt-4o-mini', 'gpt-4.1-2025-04-14', 'o1', 'o1-pro', 'o1-mini', 'gpt-5.1', 'o3-pro', 'o3', 'o4-mini', 'o3-mini', 'gpt-image-1', 'gemini/gemini-2.5-pro', 'gemini/gemini-pro', 'gemini/gemini-1.5-pro', 'gemini/gemini-2.5-flash', 'gemini/gemini-2.0-flash', 'gemini/gemini-2.0-flash-lite', 'gemini/gemini-2.0-flash-preview-image-generation', 'gemini/gemini-1.5-flash', 'dall-e-3', 'dall-e-2', 'gemini/gemini-3-pro-preview', 'gemini/gemini-3-pro-image-preview', 'gpt-5.2', 'gpt-5-mini', 'gpt-5', 'gpt-5-nano', 'gemini/gemini-2.5-flash-image-preview', 'tts-1', 'tts-1-hd', 'whisper-1', 'gemini/gemini-3-flash-preview', 'gpt-image-1.5', 'gemini/gemini-3.1-pro-preview', 'gemini/gemini-3.1-flash-image-preview']. Tried to access claude-sonnet-4-5-20250929", 'type': 'key_model_access_denied', 'param': 'model', 'code': '401'}}

During handling of the above exception, another exception occurred:

Traceback (most recent call last):
  File "/root/.venv/lib/python3.11/site-packages/emergentintegrations/llm/chat.py", line 129, in send_message
    response = await self._execute_completion(messages)
               ^^^^^^^^^^^^^^^^^^^^^^^^^^^^^^^^^^^^^^^^
  File "/root/.venv/lib/python3.11/site-packages/emergentintegrations/llm/chat.py", line 123, in _execute_completion
    return litellm.completion(**params)
           ^^^^^^^^^^^^^^^^^^^^^^^^^^^^
  File "/root/.venv/lib/python3.11/site-packages/litellm/utils.py", line 1381, in wrapper
    raise e
  File "/root/.venv/lib/python3.11/site-packages/litellm/utils.py", line 1250, in wrapper
    result = original_function(*args, **kwargs)
             ^^^^^^^^^^^^^^^^^^^^^^^^^^^^^^^^^^
  File "/root/.venv/lib/python3.11/site-packages/litellm/main.py", line 3772, in completion
    raise exception_type(
          ^^^^^^^^^^^^^^^
  File "/root/.venv/lib/python3.11/site-packages/litellm/litellm_core_utils/exception_mapping_utils.py", line 2328, in exception_type
    raise e
  File "/root/.venv/lib/python3.11/site-packages/litellm/litellm_core_utils/exception_mapping_utils.py", line 482, in exception_type
    raise AuthenticationError(
litellm.exceptions.AuthenticationError: litellm.AuthenticationError: AuthenticationError: OpenAIException - key not allowed to access model. This key can only access models=['gpt-4', 'gpt-4.1', 'gpt-4.1-mini', 'gpt-4.1-nano', 'gpt-4o', 'gpt-4o-mini', 'gpt-4.1-2025-04-14', 'o1', 'o1-pro', 'o1-mini', 'gpt-5.1', 'o3-pro', 'o3', 'o4-mini', 'o3-mini', 'gpt-image-1', 'gemini/gemini-2.5-pro', 'gemini/gemini-pro', 'gemini/gemini-1.5-pro', 'gemini/gemini-2.5-flash', 'gemini/gemini-2.0-flash', 'gemini/gemini-2.0-flash-lite', 'gemini/gemini-2.0-flash-preview-image-generation', 'gemini/gemini-1.5-flash', 'dall-e-3', 'dall-e-2', 'gemini/gemini-3-pro-preview', 'gemini/gemini-3-pro-image-preview', 'gpt-5.2', 'gpt-5-mini', 'gpt-5', 'gpt-5-nano', 'gemini/gemini-2.5-flash-image-preview', 'tts-1', 'tts-1-hd', 'whisper-1', 'gemini/gemini-3-flash-preview', 'gpt-image-1.5', 'gemini/gemini-3.1-pro-preview', 'gemini/gemini-3.1-flash-image-preview']. Tried to access claude-sonnet-4-5-20250929

During handling of the above exception, another exception occurred:

Traceback (most recent call last):
  File "/app/backend/routes/landing_chatbot.py", line 90, in landing_chatbot
    bot_message = await chat.send_message(user_message)
                  ^^^^^^^^^^^^^^^^^^^^^^^^^^^^^^^^^^^^^
  File "/root/.venv/lib/python3.11/site-packages/emergentintegrations/llm/chat.py", line 134, in send_message
    raise ChatError(f"Failed to generate chat completion: {str(e)}")
emergentintegrations.llm.chat.ChatError: Failed to generate chat completion: litellm.AuthenticationError: AuthenticationError: OpenAIException - key not allowed to access model. This key can only access models=['gpt-4', 'gpt-4.1', 'gpt-4.1-mini', 'gpt-4.1-nano', 'gpt-4o', 'gpt-4o-mini', 'gpt-4.1-2025-04-14', 'o1', 'o1-pro', 'o1-mini', 'gpt-5.1', 'o3-pro', 'o3', 'o4-mini', 'o3-mini', 'gpt-image-1', 'gemini/gemini-2.5-pro', 'gemini/gemini-pro', 'gemini/gemini-1.5-pro', 'gemini/gemini-2.5-flash', 'gemini/gemini-2.0-flash', 'gemini/gemini-2.0-flash-lite', 'gemini/gemini-2.0-flash-preview-image-generation', 'gemini/gemini-1.5-flash', 'dall-e-3', 'dall-e-2', 'gemini/gemini-3-pro-preview', 'gemini/gemini-3-pro-image-preview', 'gpt-5.2', 'gpt-5-mini', 'gpt-5', 'gpt-5-nano', 'gemini/gemini-2.5-flash-image-preview', 'tts-1', 'tts-1-hd', 'whisper-1', 'gemini/gemini-3-flash-preview', 'gpt-image-1.5', 'gemini/gemini-3.1-pro-preview', 'gemini/gemini-3.1-flash-image-preview']. Tried to access claude-sonnet-4-5-20250929
2026-05-04 05:16:53,607 [ERROR] bidblitz: 5xx: POST /api/landing-chatbot/chat → 500 (40ms)
2026-05-04 05:17:00,156 [ERROR] bidblitz.landing_chatbot: Chatbot error: Failed to generate chat completion: litellm.AuthenticationError: AuthenticationError: OpenAIException - key not allowed to access model. This key can only access models=['gpt-4', 'gpt-4.1', 'gpt-4.1-mini', 'gpt-4.1-nano', 'gpt-4o', 'gpt-4o-mini', 'gpt-4.1-2025-04-14', 'o1', 'o1-pro', 'o1-mini', 'gpt-5.1', 'o3-pro', 'o3', 'o4-mini', 'o3-mini', 'gpt-image-1', 'gemini/gemini-2.5-pro', 'gemini/gemini-pro', 'gemini/gemini-1.5-pro', 'gemini/gemini-2.5-flash', 'gemini/gemini-2.0-flash', 'gemini/gemini-2.0-flash-lite', 'gemini/gemini-2.0-flash-preview-image-generation', 'gemini/gemini-1.5-flash', 'dall-e-3', 'dall-e-2', 'gemini/gemini-3-pro-preview', 'gemini/gemini-3-pro-image-preview', 'gpt-5.2', 'gpt-5-mini', 'gpt-5', 'gpt-5-nano', 'gemini/gemini-2.5-flash-image-preview', 'tts-1', 'tts-1-hd', 'whisper-1', 'gemini/gemini-3-flash-preview', 'gpt-image-1.5', 'gemini/gemini-3.1-pro-preview', 'gemini/gemini-3.1-flash-image-preview']. Tried to access claude-sonnet-4-5-20250929
Traceback (most recent call last):
  File "/root/.venv/lib/python3.11/site-packages/litellm/llms/openai/openai.py", line 745, in completion
    raise e
  File "/root/.venv/lib/python3.11/site-packages/litellm/llms/openai/openai.py", line 673, in completion
    ) = self.make_sync_openai_chat_completion_request(
        ^^^^^^^^^^^^^^^^^^^^^^^^^^^^^^^^^^^^^^^^^^^^^^
  File "/root/.venv/lib/python3.11/site-packages/litellm/litellm_core_utils/logging_utils.py", line 237, in sync_wrapper
    result = func(*args, **kwargs)
             ^^^^^^^^^^^^^^^^^^^^^
  File "/root/.venv/lib/python3.11/site-packages/litellm/llms/openai/openai.py", line 489, in make_sync_openai_chat_completion_request
    raise e
  File "/root/.venv/lib/python3.11/site-packages/litellm/llms/openai/openai.py", line 471, in make_sync_openai_chat_completion_request
    raw_response = openai_client.chat.completions.with_raw_response.create(
                   ^^^^^^^^^^^^^^^^^^^^^^^^^^^^^^^^^^^^^^^^^^^^^^^^^^^^^^^^
  File "/root/.venv/lib/python3.11/site-packages/openai/_legacy_response.py", line 364, in wrapped
    return cast(LegacyAPIResponse[R], func(*args, **kwargs))
                                      ^^^^^^^^^^^^^^^^^^^^^
  File "/root/.venv/lib/python3.11/site-packages/openai/_utils/_utils.py", line 287, in wrapper
    return func(*args, **kwargs)
           ^^^^^^^^^^^^^^^^^^^^^
  File "/root/.venv/lib/python3.11/site-packages/openai/resources/chat/completions/completions.py", line 1150, in create
    return self._post(
           ^^^^^^^^^^^
  File "/root/.venv/lib/python3.11/site-packages/openai/_base_client.py", line 1259, in post
    return cast(ResponseT, self.request(cast_to, opts, stream=stream, stream_cls=stream_cls))
                           ^^^^^^^^^^^^^^^^^^^^^^^^^^^^^^^^^^^^^^^^^^^^^^^^^^^^^^^^^^^^^^^^^
  File "/root/.venv/lib/python3.11/site-packages/openai/_base_client.py", line 1047, in request
    raise self._make_status_error_from_response(err.response) from None
openai.AuthenticationError: Error code: 401 - {'error': {'message': "key not allowed to access model. This key can only access models=['gpt-4', 'gpt-4.1', 'gpt-4.1-mini', 'gpt-4.1-nano', 'gpt-4o', 'gpt-4o-mini', 'gpt-4.1-2025-04-14', 'o1', 'o1-pro', 'o1-mini', 'gpt-5.1', 'o3-pro', 'o3', 'o4-mini', 'o3-mini', 'gpt-image-1', 'gemini/gemini-2.5-pro', 'gemini/gemini-pro', 'gemini/gemini-1.5-pro', 'gemini/gemini-2.5-flash', 'gemini/gemini-2.0-flash', 'gemini/gemini-2.0-flash-lite', 'gemini/gemini-2.0-flash-preview-image-generation', 'gemini/gemini-1.5-flash', 'dall-e-3', 'dall-e-2', 'gemini/gemini-3-pro-preview', 'gemini/gemini-3-pro-image-preview', 'gpt-5.2', 'gpt-5-mini', 'gpt-5', 'gpt-5-nano', 'gemini/gemini-2.5-flash-image-preview', 'tts-1', 'tts-1-hd', 'whisper-1', 'gemini/gemini-3-flash-preview', 'gpt-image-1.5', 'gemini/gemini-3.1-pro-preview', 'gemini/gemini-3.1-flash-image-preview']. Tried to access claude-sonnet-4-5-20250929", 'type': 'key_model_access_denied', 'param': 'model', 'code': '401'}}

During handling of the above exception, another exception occurred:

Traceback (most recent call last):
  File "/root/.venv/lib/python3.11/site-packages/litellm/main.py", line 2158, in completion
    raise e
  File "/root/.venv/lib/python3.11/site-packages/litellm/main.py", line 2130, in completion
    response = openai_chat_completions.completion(
               ^^^^^^^^^^^^^^^^^^^^^^^^^^^^^^^^^^^
  File "/root/.venv/lib/python3.11/site-packages/litellm/llms/openai/openai.py", line 756, in completion
    raise OpenAIError(
litellm.llms.openai.common_utils.OpenAIError: Error code: 401 - {'error': {'message': "key not allowed to access model. This key can only access models=['gpt-4', 'gpt-4.1', 'gpt-4.1-mini', 'gpt-4.1-nano', 'gpt-4o', 'gpt-4o-mini', 'gpt-4.1-2025-04-14', 'o1', 'o1-pro', 'o1-mini', 'gpt-5.1', 'o3-pro', 'o3', 'o4-mini', 'o3-mini', 'gpt-image-1', 'gemini/gemini-2.5-pro', 'gemini/gemini-pro', 'gemini/gemini-1.5-pro', 'gemini/gemini-2.5-flash', 'gemini/gemini-2.0-flash', 'gemini/gemini-2.0-flash-lite', 'gemini/gemini-2.0-flash-preview-image-generation', 'gemini/gemini-1.5-flash', 'dall-e-3', 'dall-e-2', 'gemini/gemini-3-pro-preview', 'gemini/gemini-3-pro-image-preview', 'gpt-5.2', 'gpt-5-mini', 'gpt-5', 'gpt-5-nano', 'gemini/gemini-2.5-flash-image-preview', 'tts-1', 'tts-1-hd', 'whisper-1', 'gemini/gemini-3-flash-preview', 'gpt-image-1.5', 'gemini/gemini-3.1-pro-preview', 'gemini/gemini-3.1-flash-image-preview']. Tried to access claude-sonnet-4-5-20250929", 'type': 'key_model_access_denied', 'param': 'model', 'code': '401'}}

During handling of the above exception, another exception occurred:

Traceback (most recent call last):
  File "/root/.venv/lib/python3.11/site-packages/emergentintegrations/llm/chat.py", line 129, in send_message
    response = await self._execute_completion(messages)
               ^^^^^^^^^^^^^^^^^^^^^^^^^^^^^^^^^^^^^^^^
  File "/root/.venv/lib/python3.11/site-packages/emergentintegrations/llm/chat.py", line 123, in _execute_completion
    return litellm.completion(**params)
           ^^^^^^^^^^^^^^^^^^^^^^^^^^^^
  File "/root/.venv/lib/python3.11/site-packages/litellm/utils.py", line 1381, in wrapper
    raise e
  File "/root/.venv/lib/python3.11/site-packages/litellm/utils.py", line 1250, in wrapper
    result = original_function(*args, **kwargs)
             ^^^^^^^^^^^^^^^^^^^^^^^^^^^^^^^^^^
  File "/root/.venv/lib/python3.11/site-packages/litellm/main.py", line 3772, in completion
    raise exception_type(
          ^^^^^^^^^^^^^^^
  File "/root/.venv/lib/python3.11/site-packages/litellm/litellm_core_utils/exception_mapping_utils.py", line 2328, in exception_type
    raise e
  File "/root/.venv/lib/python3.11/site-packages/litellm/litellm_core_utils/exception_mapping_utils.py", line 482, in exception_type
    raise AuthenticationError(
litellm.exceptions.AuthenticationError: litellm.AuthenticationError: AuthenticationError: OpenAIException - key not allowed to access model. This key can only access models=['gpt-4', 'gpt-4.1', 'gpt-4.1-mini', 'gpt-4.1-nano', 'gpt-4o', 'gpt-4o-mini', 'gpt-4.1-2025-04-14', 'o1', 'o1-pro', 'o1-mini', 'gpt-5.1', 'o3-pro', 'o3', 'o4-mini', 'o3-mini', 'gpt-image-1', 'gemini/gemini-2.5-pro', 'gemini/gemini-pro', 'gemini/gemini-1.5-pro', 'gemini/gemini-2.5-flash', 'gemini/gemini-2.0-flash', 'gemini/gemini-2.0-flash-lite', 'gemini/gemini-2.0-flash-preview-image-generation', 'gemini/gemini-1.5-flash', 'dall-e-3', 'dall-e-2', 'gemini/gemini-3-pro-preview', 'gemini/gemini-3-pro-image-preview', 'gpt-5.2', 'gpt-5-mini', 'gpt-5', 'gpt-5-nano', 'gemini/gemini-2.5-flash-image-preview', 'tts-1', 'tts-1-hd', 'whisper-1', 'gemini/gemini-3-flash-preview', 'gpt-image-1.5', 'gemini/gemini-3.1-pro-preview', 'gemini/gemini-3.1-flash-image-preview']. Tried to access claude-sonnet-4-5-20250929

During handling of the above exception, another exception occurred:

Traceback (most recent call last):
  File "/app/backend/routes/landing_chatbot.py", line 90, in landing_chatbot
    bot_message = await chat.send_message(user_message)
                  ^^^^^^^^^^^^^^^^^^^^^^^^^^^^^^^^^^^^^
  File "/root/.venv/lib/python3.11/site-packages/emergentintegrations/llm/chat.py", line 134, in send_message
    raise ChatError(f"Failed to generate chat completion: {str(e)}")
emergentintegrations.llm.chat.ChatError: Failed to generate chat completion: litellm.AuthenticationError: AuthenticationError: OpenAIException - key not allowed to access model. This key can only access models=['gpt-4', 'gpt-4.1', 'gpt-4.1-mini', 'gpt-4.1-nano', 'gpt-4o', 'gpt-4o-mini', 'gpt-4.1-2025-04-14', 'o1', 'o1-pro', 'o1-mini', 'gpt-5.1', 'o3-pro', 'o3', 'o4-mini', 'o3-mini', 'gpt-image-1', 'gemini/gemini-2.5-pro', 'gemini/gemini-pro', 'gemini/gemini-1.5-pro', 'gemini/gemini-2.5-flash', 'gemini/gemini-2.0-flash', 'gemini/gemini-2.0-flash-lite', 'gemini/gemini-2.0-flash-preview-image-generation', 'gemini/gemini-1.5-flash', 'dall-e-3', 'dall-e-2', 'gemini/gemini-3-pro-preview', 'gemini/gemini-3-pro-image-preview', 'gpt-5.2', 'gpt-5-mini', 'gpt-5', 'gpt-5-nano', 'gemini/gemini-2.5-flash-image-preview', 'tts-1', 'tts-1-hd', 'whisper-1', 'gemini/gemini-3-flash-preview', 'gpt-image-1.5', 'gemini/gemini-3.1-pro-preview', 'gemini/gemini-3.1-flash-image-preview']. Tried to access claude-sonnet-4-5-20250929
2026-05-04 05:17:00,161 [ERROR] bidblitz: 5xx: POST /api/landing-chatbot/chat → 500 (84ms)
2026-05-04 05:17:04,470 [ERROR] bidblitz.landing_chatbot: Chatbot error: Failed to generate chat completion: litellm.AuthenticationError: AuthenticationError: OpenAIException - key not allowed to access model. This key can only access models=['gpt-4', 'gpt-4.1', 'gpt-4.1-mini', 'gpt-4.1-nano', 'gpt-4o', 'gpt-4o-mini', 'gpt-4.1-2025-04-14', 'o1', 'o1-pro', 'o1-mini', 'gpt-5.1', 'o3-pro', 'o3', 'o4-mini', 'o3-mini', 'gpt-image-1', 'gemini/gemini-2.5-pro', 'gemini/gemini-pro', 'gemini/gemini-1.5-pro', 'gemini/gemini-2.5-flash', 'gemini/gemini-2.0-flash', 'gemini/gemini-2.0-flash-lite', 'gemini/gemini-2.0-flash-preview-image-generation', 'gemini/gemini-1.5-flash', 'dall-e-3', 'dall-e-2', 'gemini/gemini-3-pro-preview', 'gemini/gemini-3-pro-image-preview', 'gpt-5.2', 'gpt-5-mini', 'gpt-5', 'gpt-5-nano', 'gemini/gemini-2.5-flash-image-preview', 'tts-1', 'tts-1-hd', 'whisper-1', 'gemini/gemini-3-flash-preview', 'gpt-image-1.5', 'gemini/gemini-3.1-pro-preview', 'gemini/gemini-3.1-flash-image-preview']. Tried to access claude-sonnet-4-5-20250929
Traceback (most recent call last):
  File "/root/.venv/lib/python3.11/site-packages/litellm/llms/openai/openai.py", line 745, in completion
    raise e
  File "/root/.venv/lib/python3.11/site-packages/litellm/llms/openai/openai.py", line 673, in completion
    ) = self.make_sync_openai_chat_completion_request(
        ^^^^^^^^^^^^^^^^^^^^^^^^^^^^^^^^^^^^^^^^^^^^^^
  File "/root/.venv/lib/python3.11/site-packages/litellm/litellm_core_utils/logging_utils.py", line 237, in sync_wrapper
    result = func(*args, **kwargs)
             ^^^^^^^^^^^^^^^^^^^^^
  File "/root/.venv/lib/python3.11/site-packages/litellm/llms/openai/openai.py", line 489, in make_sync_openai_chat_completion_request
    raise e
  File "/root/.venv/lib/python3.11/site-packages/litellm/llms/openai/openai.py", line 471, in make_sync_openai_chat_completion_request
    raw_response = openai_client.chat.completions.with_raw_response.create(
                   ^^^^^^^^^^^^^^^^^^^^^^^^^^^^^^^^^^^^^^^^^^^^^^^^^^^^^^^^
  File "/root/.venv/lib/python3.11/site-packages/openai/_legacy_response.py", line 364, in wrapped
    return cast(LegacyAPIResponse[R], func(*args, **kwargs))
                                      ^^^^^^^^^^^^^^^^^^^^^
  File "/root/.venv/lib/python3.11/site-packages/openai/_utils/_utils.py", line 287, in wrapper
    return func(*args, **kwargs)
           ^^^^^^^^^^^^^^^^^^^^^
  File "/root/.venv/lib/python3.11/site-packages/openai/resources/chat/completions/completions.py", line 1150, in create
    return self._post(
           ^^^^^^^^^^^
  File "/root/.venv/lib/python3.11/site-packages/openai/_base_client.py", line 1259, in post
    return cast(ResponseT, self.request(cast_to, opts, stream=stream, stream_cls=stream_cls))
                           ^^^^^^^^^^^^^^^^^^^^^^^^^^^^^^^^^^^^^^^^^^^^^^^^^^^^^^^^^^^^^^^^^
  File "/root/.venv/lib/python3.11/site-packages/openai/_base_client.py", line 1047, in request
    raise self._make_status_error_from_response(err.response) from None
openai.AuthenticationError: Error code: 401 - {'error': {'message': "key not allowed to access model. This key can only access models=['gpt-4', 'gpt-4.1', 'gpt-4.1-mini', 'gpt-4.1-nano', 'gpt-4o', 'gpt-4o-mini', 'gpt-4.1-2025-04-14', 'o1', 'o1-pro', 'o1-mini', 'gpt-5.1', 'o3-pro', 'o3', 'o4-mini', 'o3-mini', 'gpt-image-1', 'gemini/gemini-2.5-pro', 'gemini/gemini-pro', 'gemini/gemini-1.5-pro', 'gemini/gemini-2.5-flash', 'gemini/gemini-2.0-flash', 'gemini/gemini-2.0-flash-lite', 'gemini/gemini-2.0-flash-preview-image-generation', 'gemini/gemini-1.5-flash', 'dall-e-3', 'dall-e-2', 'gemini/gemini-3-pro-preview', 'gemini/gemini-3-pro-image-preview', 'gpt-5.2', 'gpt-5-mini', 'gpt-5', 'gpt-5-nano', 'gemini/gemini-2.5-flash-image-preview', 'tts-1', 'tts-1-hd', 'whisper-1', 'gemini/gemini-3-flash-preview', 'gpt-image-1.5', 'gemini/gemini-3.1-pro-preview', 'gemini/gemini-3.1-flash-image-preview']. Tried to access claude-sonnet-4-5-20250929", 'type': 'key_model_access_denied', 'param': 'model', 'code': '401'}}

During handling of the above exception, another exception occurred:

Traceback (most recent call last):
  File "/root/.venv/lib/python3.11/site-packages/litellm/main.py", line 2158, in completion
    raise e
  File "/root/.venv/lib/python3.11/site-packages/litellm/main.py", line 2130, in completion
    response = openai_chat_completions.completion(
               ^^^^^^^^^^^^^^^^^^^^^^^^^^^^^^^^^^^
  File "/root/.venv/lib/python3.11/site-packages/litellm/llms/openai/openai.py", line 756, in completion
    raise OpenAIError(
litellm.llms.openai.common_utils.OpenAIError: Error code: 401 - {'error': {'message': "key not allowed to access model. This key can only access models=['gpt-4', 'gpt-4.1', 'gpt-4.1-mini', 'gpt-4.1-nano', 'gpt-4o', 'gpt-4o-mini', 'gpt-4.1-2025-04-14', 'o1', 'o1-pro', 'o1-mini', 'gpt-5.1', 'o3-pro', 'o3', 'o4-mini', 'o3-mini', 'gpt-image-1', 'gemini/gemini-2.5-pro', 'gemini/gemini-pro', 'gemini/gemini-1.5-pro', 'gemini/gemini-2.5-flash', 'gemini/gemini-2.0-flash', 'gemini/gemini-2.0-flash-lite', 'gemini/gemini-2.0-flash-preview-image-generation', 'gemini/gemini-1.5-flash', 'dall-e-3', 'dall-e-2', 'gemini/gemini-3-pro-preview', 'gemini/gemini-3-pro-image-preview', 'gpt-5.2', 'gpt-5-mini', 'gpt-5', 'gpt-5-nano', 'gemini/gemini-2.5-flash-image-preview', 'tts-1', 'tts-1-hd', 'whisper-1', 'gemini/gemini-3-flash-preview', 'gpt-image-1.5', 'gemini/gemini-3.1-pro-preview', 'gemini/gemini-3.1-flash-image-preview']. Tried to access claude-sonnet-4-5-20250929", 'type': 'key_model_access_denied', 'param': 'model', 'code': '401'}}

During handling of the above exception, another exception occurred:

Traceback (most recent call last):
  File "/root/.venv/lib/python3.11/site-packages/emergentintegrations/llm/chat.py", line 129, in send_message
    response = await self._execute_completion(messages)
               ^^^^^^^^^^^^^^^^^^^^^^^^^^^^^^^^^^^^^^^^
  File "/root/.venv/lib/python3.11/site-packages/emergentintegrations/llm/chat.py", line 123, in _execute_completion
    return litellm.completion(**params)
           ^^^^^^^^^^^^^^^^^^^^^^^^^^^^
  File "/root/.venv/lib/python3.11/site-packages/litellm/utils.py", line 1381, in wrapper
    raise e
  File "/root/.venv/lib/python3.11/site-packages/litellm/utils.py", line 1250, in wrapper
    result = original_function(*args, **kwargs)
             ^^^^^^^^^^^^^^^^^^^^^^^^^^^^^^^^^^
  File "/root/.venv/lib/python3.11/site-packages/litellm/main.py", line 3772, in completion
    raise exception_type(
          ^^^^^^^^^^^^^^^
  File "/root/.venv/lib/python3.11/site-packages/litellm/litellm_core_utils/exception_mapping_utils.py", line 2328, in exception_type
    raise e
  File "/root/.venv/lib/python3.11/site-packages/litellm/litellm_core_utils/exception_mapping_utils.py", line 482, in exception_type
    raise AuthenticationError(
litellm.exceptions.AuthenticationError: litellm.AuthenticationError: AuthenticationError: OpenAIException - key not allowed to access model. This key can only access models=['gpt-4', 'gpt-4.1', 'gpt-4.1-mini', 'gpt-4.1-nano', 'gpt-4o', 'gpt-4o-mini', 'gpt-4.1-2025-04-14', 'o1', 'o1-pro', 'o1-mini', 'gpt-5.1', 'o3-pro', 'o3', 'o4-mini', 'o3-mini', 'gpt-image-1', 'gemini/gemini-2.5-pro', 'gemini/gemini-pro', 'gemini/gemini-1.5-pro', 'gemini/gemini-2.5-flash', 'gemini/gemini-2.0-flash', 'gemini/gemini-2.0-flash-lite', 'gemini/gemini-2.0-flash-preview-image-generation', 'gemini/gemini-1.5-flash', 'dall-e-3', 'dall-e-2', 'gemini/gemini-3-pro-preview', 'gemini/gemini-3-pro-image-preview', 'gpt-5.2', 'gpt-5-mini', 'gpt-5', 'gpt-5-nano', 'gemini/gemini-2.5-flash-image-preview', 'tts-1', 'tts-1-hd', 'whisper-1', 'gemini/gemini-3-flash-preview', 'gpt-image-1.5', 'gemini/gemini-3.1-pro-preview', 'gemini/gemini-3.1-flash-image-preview']. Tried to access claude-sonnet-4-5-20250929

During handling of the above exception, another exception occurred:

Traceback (most recent call last):
  File "/app/backend/routes/landing_chatbot.py", line 90, in landing_chatbot
    bot_message = await chat.send_message(user_message)
                  ^^^^^^^^^^^^^^^^^^^^^^^^^^^^^^^^^^^^^
  File "/root/.venv/lib/python3.11/site-packages/emergentintegrations/llm/chat.py", line 134, in send_message
    raise ChatError(f"Failed to generate chat completion: {str(e)}")
emergentintegrations.llm.chat.ChatError: Failed to generate chat completion: litellm.AuthenticationError: AuthenticationError: OpenAIException - key not allowed to access model. This key can only access models=['gpt-4', 'gpt-4.1', 'gpt-4.1-mini', 'gpt-4.1-nano', 'gpt-4o', 'gpt-4o-mini', 'gpt-4.1-2025-04-14', 'o1', 'o1-pro', 'o1-mini', 'gpt-5.1', 'o3-pro', 'o3', 'o4-mini', 'o3-mini', 'gpt-image-1', 'gemini/gemini-2.5-pro', 'gemini/gemini-pro', 'gemini/gemini-1.5-pro', 'gemini/gemini-2.5-flash', 'gemini/gemini-2.0-flash', 'gemini/gemini-2.0-flash-lite', 'gemini/gemini-2.0-flash-preview-image-generation', 'gemini/gemini-1.5-flash', 'dall-e-3', 'dall-e-2', 'gemini/gemini-3-pro-preview', 'gemini/gemini-3-pro-image-preview', 'gpt-5.2', 'gpt-5-mini', 'gpt-5', 'gpt-5-nano', 'gemini/gemini-2.5-flash-image-preview', 'tts-1', 'tts-1-hd', 'whisper-1', 'gemini/gemini-3-flash-preview', 'gpt-image-1.5', 'gemini/gemini-3.1-pro-preview', 'gemini/gemini-3.1-flash-image-preview']. Tried to access claude-sonnet-4-5-20250929
2026-05-04 05:17:04,474 [ERROR] bidblitz: 5xx: POST /api/landing-chatbot/chat → 500 (54ms)
2026-05-04 05:28:08,267 [ERROR] bidblitz.livekit: Room creation error: url must be set
2026-05-04 05:28:08,268 [ERROR] bidblitz: 5xx: POST /api/livekit/rooms → 500 (7ms)
2026-05-04 05:28:08,385 [ERROR] bidblitz.livekit: Token generation error: api_key and api_secret must be set
2026-05-04 05:28:08,385 [ERROR] bidblitz: 5xx: POST /api/livekit/token → 500 (5ms)
2026-05-04 05:29:28,419 [ERROR] bidblitz.livekit: Room creation error: url must be set
2026-05-04 05:29:28,420 [ERROR] bidblitz: 5xx: POST /api/livekit/rooms → 500 (6ms)
2026-05-04 05:40:45,209 [ERROR] bidblitz.email: Failed to send email to test@example.com: The bidblitz.com domain is not verified. Please, add and verify your domain on https://resend.com/domains
2026-05-04 05:42:45,657 [ERROR] bidblitz.email: Failed to send email to TEST_iter50_sales_64a35e44@example.com: The bidblitz.com domain is not verified. Please, add and verify your domain on https://resend.com/domains
2026-05-04 05:44:30,737 [ERROR] bidblitz.email: Failed to send email to TEST_iter50_sales_64a35e44@example.com: The bidblitz.com domain is not verified. Please, add and verify your domain on https://resend.com/domains
2026-05-04 05:51:11,413 [ERROR] bidblitz.email: Failed to send email to fake@example.com: The bidblitz.com domain is not verified. Please, add and verify your domain on https://resend.com/domains
2026-05-04 05:54:25,641 [ERROR] bidblitz.email: Failed to send email to TEST_iter51_fake_6a52920b@example.com: The bidblitz.com domain is not verified. Please, add and verify your domain on https://resend.com/domains
2026-05-04 05:54:25,922 [ERROR] bidblitz.email: Failed to send email to TEST_iter51_compat_6e6a6053@example.com: The bidblitz.com domain is not verified. Please, add and verify your domain on https://resend.com/domains
2026-05-04 05:54:54,698 [ERROR] bidblitz.email: Failed to send email to TEST_iter51_fake_e9406b25@example.com: The bidblitz.com domain is not verified. Please, add and verify your domain on https://resend.com/domains
2026-05-04 05:54:54,943 [ERROR] bidblitz.email: Failed to send email to TEST_iter51_compat_6b86392c@example.com: The bidblitz.com domain is not verified. Please, add and verify your domain on https://resend.com/domains
2026-05-04 05:55:09,849 [ERROR] bidblitz.email: Failed to send email to TEST_iter50_sales_472d672f@example.com: The bidblitz.com domain is not verified. Please, add and verify your domain on https://resend.com/domains
2026-05-04 05:55:33,220 [ERROR] bidblitz.email: Failed to send email to TEST_iter51_score_93925564@example.com: The bidblitz.com domain is not verified. Please, add and verify your domain on https://resend.com/domains
2026-05-04 06:03:25,007 [ERROR] bidblitz.email: Failed to send email to test@example.com: The bidblitz.ae domain is not verified. Please, add and verify your domain on https://resend.com/domains
2026-05-04 06:10:42,155 [ERROR] bidblitz.email: Failed to send email to full.funnel.1777875035@bidblitz-test.com: The bidblitz.ae domain is not verified. Please, add and verify your domain on https://resend.com/domains
2026-05-04 06:28:10,121 [ERROR] bidblitz.email: Failed to send email to TEST_iter52_d89f5c0b@example.com: The bidblitz.ae domain is not verified. Please, add and verify your domain on https://resend.com/domains
2026-05-04 06:28:13,317 [ERROR] bidblitz.email: Failed to send email to TEST_iter52_reg_88053577@example.com: The bidblitz.ae domain is not verified. Please, add and verify your domain on https://resend.com/domains
2026-05-04 06:28:28,985 [ERROR] bidblitz.email: Failed to send email to TEST_iter51_fake_34a19637@example.com: The bidblitz.ae domain is not verified. Please, add and verify your domain on https://resend.com/domains
2026-05-04 06:28:29,202 [ERROR] bidblitz.email: Failed to send email to TEST_iter51_compat_6157e372@example.com: The bidblitz.ae domain is not verified. Please, add and verify your domain on https://resend.com/domains
2026-05-04 06:28:43,229 [ERROR] bidblitz.email: Failed to send email to TEST_iter50_sales_99e43150@example.com: The bidblitz.ae domain is not verified. Please, add and verify your domain on https://resend.com/domains
2026-05-04 06:29:26,514 [ERROR] bidblitz.email: Failed to send email to TEST_iter52_7b8a4c6b@example.com: The bidblitz.ae domain is not verified. Please, add and verify your domain on https://resend.com/domains
2026-05-04 06:29:28,971 [ERROR] bidblitz.email: Failed to send email to TEST_iter52_reg_2b3c02ae@example.com: The bidblitz.ae domain is not verified. Please, add and verify your domain on https://resend.com/domains
2026-05-04 06:34:56,381 [ERROR] bidblitz: Unhandled error: POST /api/auctions/buy-credits-stripe | Invalid API Key provided: sk_live_***********************************************************************************************3kcO
  + Exception Group Traceback (most recent call last):
  |   File "/root/.venv/lib/python3.11/site-packages/starlette/_utils.py", line 87, in collapse_excgroups
  |     yield
  |   File "/root/.venv/lib/python3.11/site-packages/starlette/middleware/base.py", line 190, in __call__
  |     async with anyio.create_task_group() as task_group:
  |   File "/root/.venv/lib/python3.11/site-packages/anyio/_backends/_asyncio.py", line 799, in __aexit__
  |     raise BaseExceptionGroup(
  | ExceptionGroup: unhandled errors in a TaskGroup (1 sub-exception)
  +-+---------------- 1 ----------------
    | Traceback (most recent call last):
    |   File "/root/.venv/lib/python3.11/site-packages/starlette/middleware/errors.py", line 164, in __call__
    |     await self.app(scope, receive, _send)
    |   File "/root/.venv/lib/python3.11/site-packages/starlette/middleware/cors.py", line 93, in __call__
    |     await self.simple_response(scope, receive, send, request_headers=headers)
    |   File "/root/.venv/lib/python3.11/site-packages/starlette/middleware/cors.py", line 148, in simple_response
    |     await self.app(scope, receive, send)
    |   File "/root/.venv/lib/python3.11/site-packages/starlette/middleware/base.py", line 189, in __call__
    |     with collapse_excgroups():
    |   File "/usr/local/lib/python3.11/contextlib.py", line 158, in __exit__
    |     self.gen.throw(typ, value, traceback)
    |   File "/root/.venv/lib/python3.11/site-packages/starlette/_utils.py", line 93, in collapse_excgroups
    |     raise exc
    |   File "/root/.venv/lib/python3.11/site-packages/starlette/middleware/base.py", line 191, in __call__
    |     response = await self.dispatch_func(request, call_next)
    |                ^^^^^^^^^^^^^^^^^^^^^^^^^^^^^^^^^^^^^^^^^^^^
    |   File "/app/backend/server.py", line 107, in log_requests
    |     response = await call_next(request)
    |                ^^^^^^^^^^^^^^^^^^^^^^^^
    |   File "/root/.venv/lib/python3.11/site-packages/starlette/middleware/base.py", line 165, in call_next
    |     raise app_exc
    |   File "/root/.venv/lib/python3.11/site-packages/starlette/middleware/base.py", line 151, in coro
    |     await self.app(scope, receive_or_disconnect, send_no_error)
    |   File "/root/.venv/lib/python3.11/site-packages/starlette/middleware/exceptions.py", line 65, in __call__
    |     await wrap_app_handling_exceptions(self.app, conn)(scope, receive, send)
    |   File "/root/.venv/lib/python3.11/site-packages/starlette/_exception_handler.py", line 64, in wrapped_app
    |     raise exc
    |   File "/root/.venv/lib/python3.11/site-packages/starlette/_exception_handler.py", line 53, in wrapped_app
    |     await app(scope, receive, sender)
    |   File "/root/.venv/lib/python3.11/site-packages/starlette/routing.py", line 756, in __call__
    |     await self.middleware_stack(scope, receive, send)
    |   File "/root/.venv/lib/python3.11/site-packages/starlette/routing.py", line 776, in app
    |     await route.handle(scope, receive, send)
    |   File "/root/.venv/lib/python3.11/site-packages/starlette/routing.py", line 297, in handle
    |     await self.app(scope, receive, send)
    |   File "/root/.venv/lib/python3.11/site-packages/starlette/routing.py", line 77, in app
    |     await wrap_app_handling_exceptions(app, request)(scope, receive, send)
    |   File "/root/.venv/lib/python3.11/site-packages/starlette/_exception_handler.py", line 64, in wrapped_app
    |     raise exc
    |   File "/root/.venv/lib/python3.11/site-packages/starlette/_exception_handler.py", line 53, in wrapped_app
    |     await app(scope, receive, sender)
    |   File "/root/.venv/lib/python3.11/site-packages/starlette/routing.py", line 72, in app
    |     response = await func(request)
    |                ^^^^^^^^^^^^^^^^^^^
    |   File "/root/.venv/lib/python3.11/site-packages/fastapi/routing.py", line 278, in app
    |     raw_response = await run_endpoint_function(
    |                    ^^^^^^^^^^^^^^^^^^^^^^^^^^^^
    |   File "/root/.venv/lib/python3.11/site-packages/fastapi/routing.py", line 191, in run_endpoint_function
    |     return await dependant.call(**values)
    |            ^^^^^^^^^^^^^^^^^^^^^^^^^^^^^^
    |   File "/app/backend/routes/auctions.py", line 971, in buy_credits_stripe
    |     customer = stripe_mod.Customer.create(
    |                ^^^^^^^^^^^^^^^^^^^^^^^^^^^
    |   File "/root/.venv/lib/python3.11/site-packages/stripe/_customer.py", line 430, in create
    |     cls._static_request(
    |   File "/root/.venv/lib/python3.11/site-packages/stripe/_api_resource.py", line 172, in _static_request
    |     return _APIRequestor._global_instance().request(
    |            ^^^^^^^^^^^^^^^^^^^^^^^^^^^^^^^^^^^^^^^^^
    |   File "/root/.venv/lib/python3.11/site-packages/stripe/_api_requestor.py", line 211, in request
    |     resp = requestor._interpret_response(rbody, rcode, rheaders, api_mode)
    |            ^^^^^^^^^^^^^^^^^^^^^^^^^^^^^^^^^^^^^^^^^^^^^^^^^^^^^^^^^^^^^^^
    |   File "/root/.venv/lib/python3.11/site-packages/stripe/_api_requestor.py", line 897, in _interpret_response
    |     self.handle_error_response(
    |   File "/root/.venv/lib/python3.11/site-packages/stripe/_api_requestor.py", line 352, in handle_error_response
    |     raise err
    | stripe._error.AuthenticationError: Invalid API Key provided: sk_live_***********************************************************************************************3kcO
    +------------------------------------

During handling of the above exception, another exception occurred:

Traceback (most recent call last):
  File "/root/.venv/lib/python3.11/site-packages/starlette/middleware/errors.py", line 164, in __call__
    await self.app(scope, receive, _send)
  File "/root/.venv/lib/python3.11/site-packages/starlette/middleware/cors.py", line 93, in __call__
    await self.simple_response(scope, receive, send, request_headers=headers)
  File "/root/.venv/lib/python3.11/site-packages/starlette/middleware/cors.py", line 148, in simple_response
    await self.app(scope, receive, send)
  File "/root/.venv/lib/python3.11/site-packages/starlette/middleware/base.py", line 189, in __call__
    with collapse_excgroups():
  File "/usr/local/lib/python3.11/contextlib.py", line 158, in __exit__
    self.gen.throw(typ, value, traceback)
  File "/root/.venv/lib/python3.11/site-packages/starlette/_utils.py", line 93, in collapse_excgroups
    raise exc
  File "/root/.venv/lib/python3.11/site-packages/starlette/middleware/base.py", line 191, in __call__
    response = await self.dispatch_func(request, call_next)
               ^^^^^^^^^^^^^^^^^^^^^^^^^^^^^^^^^^^^^^^^^^^^
  File "/app/backend/server.py", line 107, in log_requests
    response = await call_next(request)
               ^^^^^^^^^^^^^^^^^^^^^^^^
  File "/root/.venv/lib/python3.11/site-packages/starlette/middleware/base.py", line 165, in call_next
    raise app_exc
  File "/root/.venv/lib/python3.11/site-packages/starlette/middleware/base.py", line 151, in coro
    await self.app(scope, receive_or_disconnect, send_no_error)
  File "/root/.venv/lib/python3.11/site-packages/starlette/middleware/exceptions.py", line 65, in __call__
    await wrap_app_handling_exceptions(self.app, conn)(scope, receive, send)
  File "/root/.venv/lib/python3.11/site-packages/starlette/_exception_handler.py", line 64, in wrapped_app
    raise exc
  File "/root/.venv/lib/python3.11/site-packages/starlette/_exception_handler.py", line 53, in wrapped_app
    await app(scope, receive, sender)
  File "/root/.venv/lib/python3.11/site-packages/starlette/routing.py", line 756, in __call__
    await self.middleware_stack(scope, receive, send)
  File "/root/.venv/lib/python3.11/site-packages/starlette/routing.py", line 776, in app
    await route.handle(scope, receive, send)
  File "/root/.venv/lib/python3.11/site-packages/starlette/routing.py", line 297, in handle
    await self.app(scope, receive, send)
  File "/root/.venv/lib/python3.11/site-packages/starlette/routing.py", line 77, in app
    await wrap_app_handling_exceptions(app, request)(scope, receive, send)
  File "/root/.venv/lib/python3.11/site-packages/starlette/_exception_handler.py", line 64, in wrapped_app
    raise exc
  File "/root/.venv/lib/python3.11/site-packages/starlette/_exception_handler.py", line 53, in wrapped_app
    await app(scope, receive, sender)
  File "/root/.venv/lib/python3.11/site-packages/starlette/routing.py", line 72, in app
    response = await func(request)
               ^^^^^^^^^^^^^^^^^^^
  File "/root/.venv/lib/python3.11/site-packages/fastapi/routing.py", line 278, in app
    raw_response = await run_endpoint_function(
                   ^^^^^^^^^^^^^^^^^^^^^^^^^^^^
  File "/root/.venv/lib/python3.11/site-packages/fastapi/routing.py", line 191, in run_endpoint_function
    return await dependant.call(**values)
           ^^^^^^^^^^^^^^^^^^^^^^^^^^^^^^
  File "/app/backend/routes/auctions.py", line 971, in buy_credits_stripe
    customer = stripe_mod.Customer.create(
               ^^^^^^^^^^^^^^^^^^^^^^^^^^^
  File "/root/.venv/lib/python3.11/site-packages/stripe/_customer.py", line 430, in create
    cls._static_request(
  File "/root/.venv/lib/python3.11/site-packages/stripe/_api_resource.py", line 172, in _static_request
    return _APIRequestor._global_instance().request(
           ^^^^^^^^^^^^^^^^^^^^^^^^^^^^^^^^^^^^^^^^^
  File "/root/.venv/lib/python3.11/site-packages/stripe/_api_requestor.py", line 211, in request
    resp = requestor._interpret_response(rbody, rcode, rheaders, api_mode)
           ^^^^^^^^^^^^^^^^^^^^^^^^^^^^^^^^^^^^^^^^^^^^^^^^^^^^^^^^^^^^^^^
  File "/root/.venv/lib/python3.11/site-packages/stripe/_api_requestor.py", line 897, in _interpret_response
    self.handle_error_response(
  File "/root/.venv/lib/python3.11/site-packages/stripe/_api_requestor.py", line 352, in handle_error_response
    raise err
stripe._error.AuthenticationError: Invalid API Key provided: sk_live_***********************************************************************************************3kcO

2026-05-04 06:38:44,490 [ERROR] bidblitz: Unhandled error: POST /api/auctions/buy-credits-stripe | name 'log' is not defined
  + Exception Group Traceback (most recent call last):
  |   File "/root/.venv/lib/python3.11/site-packages/starlette/_utils.py", line 87, in collapse_excgroups
  |     yield
  |   File "/root/.venv/lib/python3.11/site-packages/starlette/middleware/base.py", line 190, in __call__
  |     async with anyio.create_task_group() as task_group:
  |   File "/root/.venv/lib/python3.11/site-packages/anyio/_backends/_asyncio.py", line 799, in __aexit__
  |     raise BaseExceptionGroup(
  | ExceptionGroup: unhandled errors in a TaskGroup (1 sub-exception)
  +-+---------------- 1 ----------------
    | Traceback (most recent call last):
    |   File "/root/.venv/lib/python3.11/site-packages/starlette/middleware/errors.py", line 164, in __call__
    |     await self.app(scope, receive, _send)
    |   File "/root/.venv/lib/python3.11/site-packages/starlette/middleware/cors.py", line 93, in __call__
    |     await self.simple_response(scope, receive, send, request_headers=headers)
    |   File "/root/.venv/lib/python3.11/site-packages/starlette/middleware/cors.py", line 148, in simple_response
    |     await self.app(scope, receive, send)
    |   File "/root/.venv/lib/python3.11/site-packages/starlette/middleware/base.py", line 189, in __call__
    |     with collapse_excgroups():
    |   File "/usr/local/lib/python3.11/contextlib.py", line 158, in __exit__
    |     self.gen.throw(typ, value, traceback)
    |   File "/root/.venv/lib/python3.11/site-packages/starlette/_utils.py", line 93, in collapse_excgroups
    |     raise exc
    |   File "/root/.venv/lib/python3.11/site-packages/starlette/middleware/base.py", line 191, in __call__
    |     response = await self.dispatch_func(request, call_next)
    |                ^^^^^^^^^^^^^^^^^^^^^^^^^^^^^^^^^^^^^^^^^^^^
    |   File "/app/backend/server.py", line 107, in log_requests
    |     response = await call_next(request)
    |                ^^^^^^^^^^^^^^^^^^^^^^^^
    |   File "/root/.venv/lib/python3.11/site-packages/starlette/middleware/base.py", line 165, in call_next
    |     raise app_exc
    |   File "/root/.venv/lib/python3.11/site-packages/starlette/middleware/base.py", line 151, in coro
    |     await self.app(scope, receive_or_disconnect, send_no_error)
    |   File "/root/.venv/lib/python3.11/site-packages/starlette/middleware/exceptions.py", line 65, in __call__
    |     await wrap_app_handling_exceptions(self.app, conn)(scope, receive, send)
    |   File "/root/.venv/lib/python3.11/site-packages/starlette/_exception_handler.py", line 64, in wrapped_app
    |     raise exc
    |   File "/root/.venv/lib/python3.11/site-packages/starlette/_exception_handler.py", line 53, in wrapped_app
    |     await app(scope, receive, sender)
    |   File "/root/.venv/lib/python3.11/site-packages/starlette/routing.py", line 756, in __call__
    |     await self.middleware_stack(scope, receive, send)
    |   File "/root/.venv/lib/python3.11/site-packages/starlette/routing.py", line 776, in app
    |     await route.handle(scope, receive, send)
    |   File "/root/.venv/lib/python3.11/site-packages/starlette/routing.py", line 297, in handle
    |     await self.app(scope, receive, send)
    |   File "/root/.venv/lib/python3.11/site-packages/starlette/routing.py", line 77, in app
    |     await wrap_app_handling_exceptions(app, request)(scope, receive, send)
    |   File "/root/.venv/lib/python3.11/site-packages/starlette/_exception_handler.py", line 64, in wrapped_app
    |     raise exc
    |   File "/root/.venv/lib/python3.11/site-packages/starlette/_exception_handler.py", line 53, in wrapped_app
    |     await app(scope, receive, sender)
    |   File "/root/.venv/lib/python3.11/site-packages/starlette/routing.py", line 72, in app
    |     response = await func(request)
    |                ^^^^^^^^^^^^^^^^^^^
    |   File "/root/.venv/lib/python3.11/site-packages/fastapi/routing.py", line 278, in app
    |     raw_response = await run_endpoint_function(
    |                    ^^^^^^^^^^^^^^^^^^^^^^^^^^^^
    |   File "/root/.venv/lib/python3.11/site-packages/fastapi/routing.py", line 191, in run_endpoint_function
    |     return await dependant.call(**values)
    |            ^^^^^^^^^^^^^^^^^^^^^^^^^^^^^^
    |   File "/app/backend/routes/auctions.py", line 1005, in buy_credits_stripe
    |     log.error(f"Stripe checkout creation failed: {e}", exc_info=True)
    |     ^^^
    | NameError: name 'log' is not defined
    +------------------------------------

During handling of the above exception, another exception occurred:

Traceback (most recent call last):
  File "/root/.venv/lib/python3.11/site-packages/starlette/middleware/errors.py", line 164, in __call__
    await self.app(scope, receive, _send)
  File "/root/.venv/lib/python3.11/site-packages/starlette/middleware/cors.py", line 93, in __call__
    await self.simple_response(scope, receive, send, request_headers=headers)
  File "/root/.venv/lib/python3.11/site-packages/starlette/middleware/cors.py", line 148, in simple_response
    await self.app(scope, receive, send)
  File "/root/.venv/lib/python3.11/site-packages/starlette/middleware/base.py", line 189, in __call__
    with collapse_excgroups():
  File "/usr/local/lib/python3.11/contextlib.py", line 158, in __exit__
    self.gen.throw(typ, value, traceback)
  File "/root/.venv/lib/python3.11/site-packages/starlette/_utils.py", line 93, in collapse_excgroups
    raise exc
  File "/root/.venv/lib/python3.11/site-packages/starlette/middleware/base.py", line 191, in __call__
    response = await self.dispatch_func(request, call_next)
               ^^^^^^^^^^^^^^^^^^^^^^^^^^^^^^^^^^^^^^^^^^^^
  File "/app/backend/server.py", line 107, in log_requests
    response = await call_next(request)
               ^^^^^^^^^^^^^^^^^^^^^^^^
  File "/root/.venv/lib/python3.11/site-packages/starlette/middleware/base.py", line 165, in call_next
    raise app_exc
  File "/root/.venv/lib/python3.11/site-packages/starlette/middleware/base.py", line 151, in coro
    await self.app(scope, receive_or_disconnect, send_no_error)
  File "/root/.venv/lib/python3.11/site-packages/starlette/middleware/exceptions.py", line 65, in __call__
    await wrap_app_handling_exceptions(self.app, conn)(scope, receive, send)
  File "/root/.venv/lib/python3.11/site-packages/starlette/_exception_handler.py", line 64, in wrapped_app
    raise exc
  File "/root/.venv/lib/python3.11/site-packages/starlette/_exception_handler.py", line 53, in wrapped_app
    await app(scope, receive, sender)
  File "/root/.venv/lib/python3.11/site-packages/starlette/routing.py", line 756, in __call__
    await self.middleware_stack(scope, receive, send)
  File "/root/.venv/lib/python3.11/site-packages/starlette/routing.py", line 776, in app
    await route.handle(scope, receive, send)
  File "/root/.venv/lib/python3.11/site-packages/starlette/routing.py", line 297, in handle
    await self.app(scope, receive, send)
  File "/root/.venv/lib/python3.11/site-packages/starlette/routing.py", line 77, in app
    await wrap_app_handling_exceptions(app, request)(scope, receive, send)
  File "/root/.venv/lib/python3.11/site-packages/starlette/_exception_handler.py", line 64, in wrapped_app
    raise exc
  File "/root/.venv/lib/python3.11/site-packages/starlette/_exception_handler.py", line 53, in wrapped_app
    await app(scope, receive, sender)
  File "/root/.venv/lib/python3.11/site-packages/starlette/routing.py", line 72, in app
    response = await func(request)
               ^^^^^^^^^^^^^^^^^^^
  File "/root/.venv/lib/python3.11/site-packages/fastapi/routing.py", line 278, in app
    raw_response = await run_endpoint_function(
                   ^^^^^^^^^^^^^^^^^^^^^^^^^^^^
  File "/root/.venv/lib/python3.11/site-packages/fastapi/routing.py", line 191, in run_endpoint_function
    return await dependant.call(**values)
           ^^^^^^^^^^^^^^^^^^^^^^^^^^^^^^
  File "/app/backend/routes/auctions.py", line 1005, in buy_credits_stripe
    log.error(f"Stripe checkout creation failed: {e}", exc_info=True)
    ^^^
NameError: name 'log' is not defined

2026-05-04 06:39:19,008 [ERROR] bidblitz.auctions: Stripe checkout creation failed: Failed to create checkout session: Invalid API Key provided: sk_live_***********************************************************************************************3kcO
Traceback (most recent call last):
  File "/root/.venv/lib/python3.11/site-packages/emergentintegrations/payments/stripe/checkout.py", line 158, in create_checkout_session
    session = stripe.checkout.Session.create(
              ^^^^^^^^^^^^^^^^^^^^^^^^^^^^^^^
  File "/root/.venv/lib/python3.11/site-packages/stripe/checkout/_session.py", line 2471, in create
    cls._static_request(
  File "/root/.venv/lib/python3.11/site-packages/stripe/_api_resource.py", line 172, in _static_request
    return _APIRequestor._global_instance().request(
           ^^^^^^^^^^^^^^^^^^^^^^^^^^^^^^^^^^^^^^^^^
  File "/root/.venv/lib/python3.11/site-packages/stripe/_api_requestor.py", line 211, in request
    resp = requestor._interpret_response(rbody, rcode, rheaders, api_mode)
           ^^^^^^^^^^^^^^^^^^^^^^^^^^^^^^^^^^^^^^^^^^^^^^^^^^^^^^^^^^^^^^^
  File "/root/.venv/lib/python3.11/site-packages/stripe/_api_requestor.py", line 897, in _interpret_response
    self.handle_error_response(
  File "/root/.venv/lib/python3.11/site-packages/stripe/_api_requestor.py", line 352, in handle_error_response
    raise err
stripe._error.AuthenticationError: Invalid API Key provided: sk_live_***********************************************************************************************3kcO

During handling of the above exception, another exception occurred:

Traceback (most recent call last):
  File "/app/backend/routes/auctions.py", line 1003, in buy_credits_stripe
    session = await stripe_checkout.create_checkout_session(checkout_req)
              ^^^^^^^^^^^^^^^^^^^^^^^^^^^^^^^^^^^^^^^^^^^^^^^^^^^^^^^^^^^
  File "/root/.venv/lib/python3.11/site-packages/emergentintegrations/payments/stripe/checkout.py", line 173, in create_checkout_session
    raise CheckoutError(f"Failed to create checkout session: {str(e)}")
emergentintegrations.payments.stripe.checkout.CheckoutError: Failed to create checkout session: Invalid API Key provided: sk_live_***********************************************************************************************3kcO
2026-05-04 06:39:19,013 [ERROR] bidblitz: 5xx: POST /api/auctions/buy-credits-stripe → 500 (294ms)
2026-05-04 06:40:05,306 [ERROR] bidblitz.email: Failed to send email to kyc.test@bidblitz-test.com: The bidblitz.ae domain is not verified. Please, add and verify your domain on https://resend.com/domains
2026-05-04 06:40:05,724 [ERROR] bidblitz.email: Resend email failed: The bidblitz.ae domain is not verified. Please, add and verify your domain on https://resend.com/domains
2026-05-04 06:49:19,445 [ERROR] bidblitz.email: Failed to send email to TEST_iter50_sales_7ca28f61@example.com: The bidblitz.ae domain is not verified. Please, add and verify your domain on https://resend.com/domains
2026-05-04 06:49:20,983 [ERROR] bidblitz.email: Failed to send email to TEST_iter51_fake_475c7566@example.com: The bidblitz.ae domain is not verified. Please, add and verify your domain on https://resend.com/domains
2026-05-04 06:49:21,225 [ERROR] bidblitz.email: Failed to send email to TEST_iter51_compat_c774bec9@example.com: The bidblitz.ae domain is not verified. Please, add and verify your domain on https://resend.com/domains
2026-05-04 06:49:50,221 [ERROR] bidblitz.email: Failed to send email to TEST_iter52_9d5e93e6@example.com: The bidblitz.ae domain is not verified. Please, add and verify your domain on https://resend.com/domains
2026-05-04 06:49:53,050 [ERROR] bidblitz.email: Failed to send email to TEST_iter52_reg_50ccf720@example.com: The bidblitz.ae domain is not verified. Please, add and verify your domain on https://resend.com/domains
2026-05-04 12:56:24,454 [ERROR] bidblitz.landing_chatbot: Chatbot error: Failed to generate chat completion: litellm.AuthenticationError: AuthenticationError: OpenAIException - key not allowed to access model. This key can only access models=['gpt-4', 'gpt-4.1', 'gpt-4.1-mini', 'gpt-4.1-nano', 'gpt-4o', 'gpt-4o-mini', 'gpt-4.1-2025-04-14', 'o1', 'o1-pro', 'o1-mini', 'gpt-5.1', 'o3-pro', 'o3', 'o4-mini', 'o3-mini', 'gpt-image-1', 'gemini/gemini-2.5-pro', 'gemini/gemini-pro', 'gemini/gemini-1.5-pro', 'gemini/gemini-2.5-flash', 'gemini/gemini-2.0-flash', 'gemini/gemini-2.0-flash-lite', 'gemini/gemini-2.0-flash-preview-image-generation', 'gemini/gemini-1.5-flash', 'dall-e-3', 'dall-e-2', 'gemini/gemini-3-pro-preview', 'gemini/gemini-3-pro-image-preview', 'gpt-5.2', 'gpt-5-mini', 'gpt-5', 'gpt-5-nano', 'gemini/gemini-2.5-flash-image-preview', 'tts-1', 'tts-1-hd', 'whisper-1', 'gemini/gemini-3-flash-preview', 'gpt-image-1.5', 'gemini/gemini-3.1-pro-preview', 'gemini/gemini-3.1-flash-image-preview']. Tried to access claude-sonnet-4-5-20250929
Traceback (most recent call last):
  File "/root/.venv/lib/python3.11/site-packages/litellm/llms/openai/openai.py", line 745, in completion
    raise e
  File "/root/.venv/lib/python3.11/site-packages/litellm/llms/openai/openai.py", line 673, in completion
    ) = self.make_sync_openai_chat_completion_request(
        ^^^^^^^^^^^^^^^^^^^^^^^^^^^^^^^^^^^^^^^^^^^^^^
  File "/root/.venv/lib/python3.11/site-packages/litellm/litellm_core_utils/logging_utils.py", line 237, in sync_wrapper
    result = func(*args, **kwargs)
             ^^^^^^^^^^^^^^^^^^^^^
  File "/root/.venv/lib/python3.11/site-packages/litellm/llms/openai/openai.py", line 489, in make_sync_openai_chat_completion_request
    raise e
  File "/root/.venv/lib/python3.11/site-packages/litellm/llms/openai/openai.py", line 471, in make_sync_openai_chat_completion_request
    raw_response = openai_client.chat.completions.with_raw_response.create(
                   ^^^^^^^^^^^^^^^^^^^^^^^^^^^^^^^^^^^^^^^^^^^^^^^^^^^^^^^^
  File "/root/.venv/lib/python3.11/site-packages/openai/_legacy_response.py", line 364, in wrapped
    return cast(LegacyAPIResponse[R], func(*args, **kwargs))
                                      ^^^^^^^^^^^^^^^^^^^^^
  File "/root/.venv/lib/python3.11/site-packages/openai/_utils/_utils.py", line 287, in wrapper
    return func(*args, **kwargs)
           ^^^^^^^^^^^^^^^^^^^^^
  File "/root/.venv/lib/python3.11/site-packages/openai/resources/chat/completions/completions.py", line 1150, in create
    return self._post(
           ^^^^^^^^^^^
  File "/root/.venv/lib/python3.11/site-packages/openai/_base_client.py", line 1259, in post
    return cast(ResponseT, self.request(cast_to, opts, stream=stream, stream_cls=stream_cls))
                           ^^^^^^^^^^^^^^^^^^^^^^^^^^^^^^^^^^^^^^^^^^^^^^^^^^^^^^^^^^^^^^^^^
  File "/root/.venv/lib/python3.11/site-packages/openai/_base_client.py", line 1047, in request
    raise self._make_status_error_from_response(err.response) from None
openai.AuthenticationError: Error code: 401 - {'error': {'message': "key not allowed to access model. This key can only access models=['gpt-4', 'gpt-4.1', 'gpt-4.1-mini', 'gpt-4.1-nano', 'gpt-4o', 'gpt-4o-mini', 'gpt-4.1-2025-04-14', 'o1', 'o1-pro', 'o1-mini', 'gpt-5.1', 'o3-pro', 'o3', 'o4-mini', 'o3-mini', 'gpt-image-1', 'gemini/gemini-2.5-pro', 'gemini/gemini-pro', 'gemini/gemini-1.5-pro', 'gemini/gemini-2.5-flash', 'gemini/gemini-2.0-flash', 'gemini/gemini-2.0-flash-lite', 'gemini/gemini-2.0-flash-preview-image-generation', 'gemini/gemini-1.5-flash', 'dall-e-3', 'dall-e-2', 'gemini/gemini-3-pro-preview', 'gemini/gemini-3-pro-image-preview', 'gpt-5.2', 'gpt-5-mini', 'gpt-5', 'gpt-5-nano', 'gemini/gemini-2.5-flash-image-preview', 'tts-1', 'tts-1-hd', 'whisper-1', 'gemini/gemini-3-flash-preview', 'gpt-image-1.5', 'gemini/gemini-3.1-pro-preview', 'gemini/gemini-3.1-flash-image-preview']. Tried to access claude-sonnet-4-5-20250929", 'type': 'key_model_access_denied', 'param': 'model', 'code': '401'}}

During handling of the above exception, another exception occurred:

Traceback (most recent call last):
  File "/root/.venv/lib/python3.11/site-packages/litellm/main.py", line 2158, in completion
    raise e
  File "/root/.venv/lib/python3.11/site-packages/litellm/main.py", line 2130, in completion
    response = openai_chat_completions.completion(
               ^^^^^^^^^^^^^^^^^^^^^^^^^^^^^^^^^^^
  File "/root/.venv/lib/python3.11/site-packages/litellm/llms/openai/openai.py", line 756, in completion
    raise OpenAIError(
litellm.llms.openai.common_utils.OpenAIError: Error code: 401 - {'error': {'message': "key not allowed to access model. This key can only access models=['gpt-4', 'gpt-4.1', 'gpt-4.1-mini', 'gpt-4.1-nano', 'gpt-4o', 'gpt-4o-mini', 'gpt-4.1-2025-04-14', 'o1', 'o1-pro', 'o1-mini', 'gpt-5.1', 'o3-pro', 'o3', 'o4-mini', 'o3-mini', 'gpt-image-1', 'gemini/gemini-2.5-pro', 'gemini/gemini-pro', 'gemini/gemini-1.5-pro', 'gemini/gemini-2.5-flash', 'gemini/gemini-2.0-flash', 'gemini/gemini-2.0-flash-lite', 'gemini/gemini-2.0-flash-preview-image-generation', 'gemini/gemini-1.5-flash', 'dall-e-3', 'dall-e-2', 'gemini/gemini-3-pro-preview', 'gemini/gemini-3-pro-image-preview', 'gpt-5.2', 'gpt-5-mini', 'gpt-5', 'gpt-5-nano', 'gemini/gemini-2.5-flash-image-preview', 'tts-1', 'tts-1-hd', 'whisper-1', 'gemini/gemini-3-flash-preview', 'gpt-image-1.5', 'gemini/gemini-3.1-pro-preview', 'gemini/gemini-3.1-flash-image-preview']. Tried to access claude-sonnet-4-5-20250929", 'type': 'key_model_access_denied', 'param': 'model', 'code': '401'}}

During handling of the above exception, another exception occurred:

Traceback (most recent call last):
  File "/root/.venv/lib/python3.11/site-packages/emergentintegrations/llm/chat.py", line 129, in send_message
    response = await self._execute_completion(messages)
               ^^^^^^^^^^^^^^^^^^^^^^^^^^^^^^^^^^^^^^^^
  File "/root/.venv/lib/python3.11/site-packages/emergentintegrations/llm/chat.py", line 123, in _execute_completion
    return litellm.completion(**params)
           ^^^^^^^^^^^^^^^^^^^^^^^^^^^^
  File "/root/.venv/lib/python3.11/site-packages/litellm/utils.py", line 1381, in wrapper
    raise e
  File "/root/.venv/lib/python3.11/site-packages/litellm/utils.py", line 1250, in wrapper
    result = original_function(*args, **kwargs)
             ^^^^^^^^^^^^^^^^^^^^^^^^^^^^^^^^^^
  File "/root/.venv/lib/python3.11/site-packages/litellm/main.py", line 3772, in completion
    raise exception_type(
          ^^^^^^^^^^^^^^^
  File "/root/.venv/lib/python3.11/site-packages/litellm/litellm_core_utils/exception_mapping_utils.py", line 2328, in exception_type
    raise e
  File "/root/.venv/lib/python3.11/site-packages/litellm/litellm_core_utils/exception_mapping_utils.py", line 482, in exception_type
    raise AuthenticationError(
litellm.exceptions.AuthenticationError: litellm.AuthenticationError: AuthenticationError: OpenAIException - key not allowed to access model. This key can only access models=['gpt-4', 'gpt-4.1', 'gpt-4.1-mini', 'gpt-4.1-nano', 'gpt-4o', 'gpt-4o-mini', 'gpt-4.1-2025-04-14', 'o1', 'o1-pro', 'o1-mini', 'gpt-5.1', 'o3-pro', 'o3', 'o4-mini', 'o3-mini', 'gpt-image-1', 'gemini/gemini-2.5-pro', 'gemini/gemini-pro', 'gemini/gemini-1.5-pro', 'gemini/gemini-2.5-flash', 'gemini/gemini-2.0-flash', 'gemini/gemini-2.0-flash-lite', 'gemini/gemini-2.0-flash-preview-image-generation', 'gemini/gemini-1.5-flash', 'dall-e-3', 'dall-e-2', 'gemini/gemini-3-pro-preview', 'gemini/gemini-3-pro-image-preview', 'gpt-5.2', 'gpt-5-mini', 'gpt-5', 'gpt-5-nano', 'gemini/gemini-2.5-flash-image-preview', 'tts-1', 'tts-1-hd', 'whisper-1', 'gemini/gemini-3-flash-preview', 'gpt-image-1.5', 'gemini/gemini-3.1-pro-preview', 'gemini/gemini-3.1-flash-image-preview']. Tried to access claude-sonnet-4-5-20250929

During handling of the above exception, another exception occurred:

Traceback (most recent call last):
  File "/app/backend/routes/landing_chatbot.py", line 90, in landing_chatbot
    bot_message = await chat.send_message(user_message)
                  ^^^^^^^^^^^^^^^^^^^^^^^^^^^^^^^^^^^^^
  File "/root/.venv/lib/python3.11/site-packages/emergentintegrations/llm/chat.py", line 134, in send_message
    raise ChatError(f"Failed to generate chat completion: {str(e)}")
emergentintegrations.llm.chat.ChatError: Failed to generate chat completion: litellm.AuthenticationError: AuthenticationError: OpenAIException - key not allowed to access model. This key can only access models=['gpt-4', 'gpt-4.1', 'gpt-4.1-mini', 'gpt-4.1-nano', 'gpt-4o', 'gpt-4o-mini', 'gpt-4.1-2025-04-14', 'o1', 'o1-pro', 'o1-mini', 'gpt-5.1', 'o3-pro', 'o3', 'o4-mini', 'o3-mini', 'gpt-image-1', 'gemini/gemini-2.5-pro', 'gemini/gemini-pro', 'gemini/gemini-1.5-pro', 'gemini/gemini-2.5-flash', 'gemini/gemini-2.0-flash', 'gemini/gemini-2.0-flash-lite', 'gemini/gemini-2.0-flash-preview-image-generation', 'gemini/gemini-1.5-flash', 'dall-e-3', 'dall-e-2', 'gemini/gemini-3-pro-preview', 'gemini/gemini-3-pro-image-preview', 'gpt-5.2', 'gpt-5-mini', 'gpt-5', 'gpt-5-nano', 'gemini/gemini-2.5-flash-image-preview', 'tts-1', 'tts-1-hd', 'whisper-1', 'gemini/gemini-3-flash-preview', 'gpt-image-1.5', 'gemini/gemini-3.1-pro-preview', 'gemini/gemini-3.1-flash-image-preview']. Tried to access claude-sonnet-4-5-20250929
2026-05-04 12:56:24,467 [ERROR] bidblitz: 5xx: POST /api/landing-chatbot/chat → 500 (1342ms)
2026-05-04 12:56:30,044 [ERROR] bidblitz.landing_chatbot: Chatbot error: Failed to generate chat completion: litellm.AuthenticationError: AuthenticationError: OpenAIException - key not allowed to access model. This key can only access models=['gpt-4', 'gpt-4.1', 'gpt-4.1-mini', 'gpt-4.1-nano', 'gpt-4o', 'gpt-4o-mini', 'gpt-4.1-2025-04-14', 'o1', 'o1-pro', 'o1-mini', 'gpt-5.1', 'o3-pro', 'o3', 'o4-mini', 'o3-mini', 'gpt-image-1', 'gemini/gemini-2.5-pro', 'gemini/gemini-pro', 'gemini/gemini-1.5-pro', 'gemini/gemini-2.5-flash', 'gemini/gemini-2.0-flash', 'gemini/gemini-2.0-flash-lite', 'gemini/gemini-2.0-flash-preview-image-generation', 'gemini/gemini-1.5-flash', 'dall-e-3', 'dall-e-2', 'gemini/gemini-3-pro-preview', 'gemini/gemini-3-pro-image-preview', 'gpt-5.2', 'gpt-5-mini', 'gpt-5', 'gpt-5-nano', 'gemini/gemini-2.5-flash-image-preview', 'tts-1', 'tts-1-hd', 'whisper-1', 'gemini/gemini-3-flash-preview', 'gpt-image-1.5', 'gemini/gemini-3.1-pro-preview', 'gemini/gemini-3.1-flash-image-preview']. Tried to access claude-sonnet-4-5-20250929
Traceback (most recent call last):
  File "/root/.venv/lib/python3.11/site-packages/litellm/llms/openai/openai.py", line 745, in completion
    raise e
  File "/root/.venv/lib/python3.11/site-packages/litellm/llms/openai/openai.py", line 673, in completion
    ) = self.make_sync_openai_chat_completion_request(
        ^^^^^^^^^^^^^^^^^^^^^^^^^^^^^^^^^^^^^^^^^^^^^^
  File "/root/.venv/lib/python3.11/site-packages/litellm/litellm_core_utils/logging_utils.py", line 237, in sync_wrapper
    result = func(*args, **kwargs)
             ^^^^^^^^^^^^^^^^^^^^^
  File "/root/.venv/lib/python3.11/site-packages/litellm/llms/openai/openai.py", line 489, in make_sync_openai_chat_completion_request
    raise e
  File "/root/.venv/lib/python3.11/site-packages/litellm/llms/openai/openai.py", line 471, in make_sync_openai_chat_completion_request
    raw_response = openai_client.chat.completions.with_raw_response.create(
                   ^^^^^^^^^^^^^^^^^^^^^^^^^^^^^^^^^^^^^^^^^^^^^^^^^^^^^^^^
  File "/root/.venv/lib/python3.11/site-packages/openai/_legacy_response.py", line 364, in wrapped
    return cast(LegacyAPIResponse[R], func(*args, **kwargs))
                                      ^^^^^^^^^^^^^^^^^^^^^
  File "/root/.venv/lib/python3.11/site-packages/openai/_utils/_utils.py", line 287, in wrapper
    return func(*args, **kwargs)
           ^^^^^^^^^^^^^^^^^^^^^
  File "/root/.venv/lib/python3.11/site-packages/openai/resources/chat/completions/completions.py", line 1150, in create
    return self._post(
           ^^^^^^^^^^^
  File "/root/.venv/lib/python3.11/site-packages/openai/_base_client.py", line 1259, in post
    return cast(ResponseT, self.request(cast_to, opts, stream=stream, stream_cls=stream_cls))
                           ^^^^^^^^^^^^^^^^^^^^^^^^^^^^^^^^^^^^^^^^^^^^^^^^^^^^^^^^^^^^^^^^^
  File "/root/.venv/lib/python3.11/site-packages/openai/_base_client.py", line 1047, in request
    raise self._make_status_error_from_response(err.response) from None
openai.AuthenticationError: Error code: 401 - {'error': {'message': "key not allowed to access model. This key can only access models=['gpt-4', 'gpt-4.1', 'gpt-4.1-mini', 'gpt-4.1-nano', 'gpt-4o', 'gpt-4o-mini', 'gpt-4.1-2025-04-14', 'o1', 'o1-pro', 'o1-mini', 'gpt-5.1', 'o3-pro', 'o3', 'o4-mini', 'o3-mini', 'gpt-image-1', 'gemini/gemini-2.5-pro', 'gemini/gemini-pro', 'gemini/gemini-1.5-pro', 'gemini/gemini-2.5-flash', 'gemini/gemini-2.0-flash', 'gemini/gemini-2.0-flash-lite', 'gemini/gemini-2.0-flash-preview-image-generation', 'gemini/gemini-1.5-flash', 'dall-e-3', 'dall-e-2', 'gemini/gemini-3-pro-preview', 'gemini/gemini-3-pro-image-preview', 'gpt-5.2', 'gpt-5-mini', 'gpt-5', 'gpt-5-nano', 'gemini/gemini-2.5-flash-image-preview', 'tts-1', 'tts-1-hd', 'whisper-1', 'gemini/gemini-3-flash-preview', 'gpt-image-1.5', 'gemini/gemini-3.1-pro-preview', 'gemini/gemini-3.1-flash-image-preview']. Tried to access claude-sonnet-4-5-20250929", 'type': 'key_model_access_denied', 'param': 'model', 'code': '401'}}

During handling of the above exception, another exception occurred:

Traceback (most recent call last):
  File "/root/.venv/lib/python3.11/site-packages/litellm/main.py", line 2158, in completion
    raise e
  File "/root/.venv/lib/python3.11/site-packages/litellm/main.py", line 2130, in completion
    response = openai_chat_completions.completion(
               ^^^^^^^^^^^^^^^^^^^^^^^^^^^^^^^^^^^
  File "/root/.venv/lib/python3.11/site-packages/litellm/llms/openai/openai.py", line 756, in completion
    raise OpenAIError(
litellm.llms.openai.common_utils.OpenAIError: Error code: 401 - {'error': {'message': "key not allowed to access model. This key can only access models=['gpt-4', 'gpt-4.1', 'gpt-4.1-mini', 'gpt-4.1-nano', 'gpt-4o', 'gpt-4o-mini', 'gpt-4.1-2025-04-14', 'o1', 'o1-pro', 'o1-mini', 'gpt-5.1', 'o3-pro', 'o3', 'o4-mini', 'o3-mini', 'gpt-image-1', 'gemini/gemini-2.5-pro', 'gemini/gemini-pro', 'gemini/gemini-1.5-pro', 'gemini/gemini-2.5-flash', 'gemini/gemini-2.0-flash', 'gemini/gemini-2.0-flash-lite', 'gemini/gemini-2.0-flash-preview-image-generation', 'gemini/gemini-1.5-flash', 'dall-e-3', 'dall-e-2', 'gemini/gemini-3-pro-preview', 'gemini/gemini-3-pro-image-preview', 'gpt-5.2', 'gpt-5-mini', 'gpt-5', 'gpt-5-nano', 'gemini/gemini-2.5-flash-image-preview', 'tts-1', 'tts-1-hd', 'whisper-1', 'gemini/gemini-3-flash-preview', 'gpt-image-1.5', 'gemini/gemini-3.1-pro-preview', 'gemini/gemini-3.1-flash-image-preview']. Tried to access claude-sonnet-4-5-20250929", 'type': 'key_model_access_denied', 'param': 'model', 'code': '401'}}

During handling of the above exception, another exception occurred:

Traceback (most recent call last):
  File "/root/.venv/lib/python3.11/site-packages/emergentintegrations/llm/chat.py", line 129, in send_message
    response = await self._execute_completion(messages)
               ^^^^^^^^^^^^^^^^^^^^^^^^^^^^^^^^^^^^^^^^
  File "/root/.venv/lib/python3.11/site-packages/emergentintegrations/llm/chat.py", line 123, in _execute_completion
    return litellm.completion(**params)
           ^^^^^^^^^^^^^^^^^^^^^^^^^^^^
  File "/root/.venv/lib/python3.11/site-packages/litellm/utils.py", line 1381, in wrapper
    raise e
  File "/root/.venv/lib/python3.11/site-packages/litellm/utils.py", line 1250, in wrapper
    result = original_function(*args, **kwargs)
             ^^^^^^^^^^^^^^^^^^^^^^^^^^^^^^^^^^
  File "/root/.venv/lib/python3.11/site-packages/litellm/main.py", line 3772, in completion
    raise exception_type(
          ^^^^^^^^^^^^^^^
  File "/root/.venv/lib/python3.11/site-packages/litellm/litellm_core_utils/exception_mapping_utils.py", line 2328, in exception_type
    raise e
  File "/root/.venv/lib/python3.11/site-packages/litellm/litellm_core_utils/exception_mapping_utils.py", line 482, in exception_type
    raise AuthenticationError(
litellm.exceptions.AuthenticationError: litellm.AuthenticationError: AuthenticationError: OpenAIException - key not allowed to access model. This key can only access models=['gpt-4', 'gpt-4.1', 'gpt-4.1-mini', 'gpt-4.1-nano', 'gpt-4o', 'gpt-4o-mini', 'gpt-4.1-2025-04-14', 'o1', 'o1-pro', 'o1-mini', 'gpt-5.1', 'o3-pro', 'o3', 'o4-mini', 'o3-mini', 'gpt-image-1', 'gemini/gemini-2.5-pro', 'gemini/gemini-pro', 'gemini/gemini-1.5-pro', 'gemini/gemini-2.5-flash', 'gemini/gemini-2.0-flash', 'gemini/gemini-2.0-flash-lite', 'gemini/gemini-2.0-flash-preview-image-generation', 'gemini/gemini-1.5-flash', 'dall-e-3', 'dall-e-2', 'gemini/gemini-3-pro-preview', 'gemini/gemini-3-pro-image-preview', 'gpt-5.2', 'gpt-5-mini', 'gpt-5', 'gpt-5-nano', 'gemini/gemini-2.5-flash-image-preview', 'tts-1', 'tts-1-hd', 'whisper-1', 'gemini/gemini-3-flash-preview', 'gpt-image-1.5', 'gemini/gemini-3.1-pro-preview', 'gemini/gemini-3.1-flash-image-preview']. Tried to access claude-sonnet-4-5-20250929

During handling of the above exception, another exception occurred:

Traceback (most recent call last):
  File "/app/backend/routes/landing_chatbot.py", line 90, in landing_chatbot
    bot_message = await chat.send_message(user_message)
                  ^^^^^^^^^^^^^^^^^^^^^^^^^^^^^^^^^^^^^
  File "/root/.venv/lib/python3.11/site-packages/emergentintegrations/llm/chat.py", line 134, in send_message
    raise ChatError(f"Failed to generate chat completion: {str(e)}")
emergentintegrations.llm.chat.ChatError: Failed to generate chat completion: litellm.AuthenticationError: AuthenticationError: OpenAIException - key not allowed to access model. This key can only access models=['gpt-4', 'gpt-4.1', 'gpt-4.1-mini', 'gpt-4.1-nano', 'gpt-4o', 'gpt-4o-mini', 'gpt-4.1-2025-04-14', 'o1', 'o1-pro', 'o1-mini', 'gpt-5.1', 'o3-pro', 'o3', 'o4-mini', 'o3-mini', 'gpt-image-1', 'gemini/gemini-2.5-pro', 'gemini/gemini-pro', 'gemini/gemini-1.5-pro', 'gemini/gemini-2.5-flash', 'gemini/gemini-2.0-flash', 'gemini/gemini-2.0-flash-lite', 'gemini/gemini-2.0-flash-preview-image-generation', 'gemini/gemini-1.5-flash', 'dall-e-3', 'dall-e-2', 'gemini/gemini-3-pro-preview', 'gemini/gemini-3-pro-image-preview', 'gpt-5.2', 'gpt-5-mini', 'gpt-5', 'gpt-5-nano', 'gemini/gemini-2.5-flash-image-preview', 'tts-1', 'tts-1-hd', 'whisper-1', 'gemini/gemini-3-flash-preview', 'gpt-image-1.5', 'gemini/gemini-3.1-pro-preview', 'gemini/gemini-3.1-flash-image-preview']. Tried to access claude-sonnet-4-5-20250929
2026-05-04 12:56:30,048 [ERROR] bidblitz: 5xx: POST /api/landing-chatbot/chat → 500 (69ms)
2026-05-08 10:46:46,373 [ERROR] bidblitz: Unhandled error: POST /api/taxi/user/favorite-locations | [TypeError("'ObjectId' object is not iterable"), TypeError('vars() argument must have __dict__ attribute')]
Traceback (most recent call last):
  File "/root/.venv/lib/python3.11/site-packages/fastapi/encoders.py", line 322, in jsonable_encoder
    data = dict(obj)
           ^^^^^^^^^
TypeError: 'ObjectId' object is not iterable

During handling of the above exception, another exception occurred:

Traceback (most recent call last):
  File "/root/.venv/lib/python3.11/site-packages/fastapi/encoders.py", line 327, in jsonable_encoder
    data = vars(obj)
           ^^^^^^^^^
TypeError: vars() argument must have __dict__ attribute

The above exception was the direct cause of the following exception:

Traceback (most recent call last):
  File "/root/.venv/lib/python3.11/site-packages/starlette/middleware/errors.py", line 164, in __call__
    await self.app(scope, receive, _send)
  File "/root/.venv/lib/python3.11/site-packages/starlette/middleware/cors.py", line 85, in __call__
    await self.app(scope, receive, send)
  File "/root/.venv/lib/python3.11/site-packages/starlette/middleware/base.py", line 189, in __call__
    with collapse_excgroups():
  File "/usr/local/lib/python3.11/contextlib.py", line 158, in __exit__
    self.gen.throw(typ, value, traceback)
  File "/root/.venv/lib/python3.11/site-packages/starlette/_utils.py", line 93, in collapse_excgroups
    raise exc
  File "/root/.venv/lib/python3.11/site-packages/starlette/middleware/base.py", line 191, in __call__
    response = await self.dispatch_func(request, call_next)
               ^^^^^^^^^^^^^^^^^^^^^^^^^^^^^^^^^^^^^^^^^^^^
  File "/app/backend/server.py", line 107, in log_requests
    response = await call_next(request)
               ^^^^^^^^^^^^^^^^^^^^^^^^
  File "/root/.venv/lib/python3.11/site-packages/starlette/middleware/base.py", line 165, in call_next
    raise app_exc
  File "/root/.venv/lib/python3.11/site-packages/starlette/middleware/base.py", line 151, in coro
    await self.app(scope, receive_or_disconnect, send_no_error)
  File "/root/.venv/lib/python3.11/site-packages/starlette/middleware/exceptions.py", line 65, in __call__
    await wrap_app_handling_exceptions(self.app, conn)(scope, receive, send)
  File "/root/.venv/lib/python3.11/site-packages/starlette/_exception_handler.py", line 64, in wrapped_app
    raise exc
  File "/root/.venv/lib/python3.11/site-packages/starlette/_exception_handler.py", line 53, in wrapped_app
    await app(scope, receive, sender)
  File "/root/.venv/lib/python3.11/site-packages/starlette/routing.py", line 756, in __call__
    await self.middleware_stack(scope, receive, send)
  File "/root/.venv/lib/python3.11/site-packages/starlette/routing.py", line 776, in app
    await route.handle(scope, receive, send)
  File "/root/.venv/lib/python3.11/site-packages/starlette/routing.py", line 297, in handle
    await self.app(scope, receive, send)
  File "/root/.venv/lib/python3.11/site-packages/starlette/routing.py", line 77, in app
    await wrap_app_handling_exceptions(app, request)(scope, receive, send)
  File "/root/.venv/lib/python3.11/site-packages/starlette/_exception_handler.py", line 64, in wrapped_app
    raise exc
  File "/root/.venv/lib/python3.11/site-packages/starlette/_exception_handler.py", line 53, in wrapped_app
    await app(scope, receive, sender)
  File "/root/.venv/lib/python3.11/site-packages/starlette/routing.py", line 72, in app
    response = await func(request)
               ^^^^^^^^^^^^^^^^^^^
  File "/root/.venv/lib/python3.11/site-packages/fastapi/routing.py", line 296, in app
    content = await serialize_response(
              ^^^^^^^^^^^^^^^^^^^^^^^^^
  File "/root/.venv/lib/python3.11/site-packages/fastapi/routing.py", line 180, in serialize_response
    return jsonable_encoder(response_content)
           ^^^^^^^^^^^^^^^^^^^^^^^^^^^^^^^^^^
  File "/root/.venv/lib/python3.11/site-packages/fastapi/encoders.py", line 287, in jsonable_encoder
    encoded_value = jsonable_encoder(
                    ^^^^^^^^^^^^^^^^^
  File "/root/.venv/lib/python3.11/site-packages/fastapi/encoders.py", line 287, in jsonable_encoder
    encoded_value = jsonable_encoder(
                    ^^^^^^^^^^^^^^^^^
  File "/root/.venv/lib/python3.11/site-packages/fastapi/encoders.py", line 330, in jsonable_encoder
    raise ValueError(errors) from e
ValueError: [TypeError("'ObjectId' object is not iterable"), TypeError('vars() argument must have __dict__ attribute')]

2026-05-09 18:20:17,462 [ERROR] bidblitz.email: Resend email failed: The bidblitz.ae domain is not verified. Please, add and verify your domain on https://resend.com/domains
2026-05-10 08:56:35,838 [ERROR] bidblitz: 5xx: POST /api/ev/start → 502 (30032ms)
2026-05-10 08:58:36,597 [ERROR] bidblitz: 5xx: POST /api/ev/start → 502 (30010ms)
2026-05-10 12:33:13,179 [ERROR] bidblitz: 5xx: POST /api/ev/start → 502 (30026ms)
2026-05-11 08:21:34,324 [ERROR] bidblitz: Unhandled error: POST /api/taxi/estimate | 'EstimateRequest' object has no attribute 'get_coords'
  + Exception Group Traceback (most recent call last):
  |   File "/root/.venv/lib/python3.11/site-packages/starlette/_utils.py", line 87, in collapse_excgroups
  |     yield
  |   File "/root/.venv/lib/python3.11/site-packages/starlette/middleware/base.py", line 190, in __call__
  |     async with anyio.create_task_group() as task_group:
  |   File "/root/.venv/lib/python3.11/site-packages/anyio/_backends/_asyncio.py", line 799, in __aexit__
  |     raise BaseExceptionGroup(
  | ExceptionGroup: unhandled errors in a TaskGroup (1 sub-exception)
  +-+---------------- 1 ----------------
    | Traceback (most recent call last):
    |   File "/root/.venv/lib/python3.11/site-packages/starlette/middleware/errors.py", line 164, in __call__
    |     await self.app(scope, receive, _send)
    |   File "/root/.venv/lib/python3.11/site-packages/starlette/middleware/base.py", line 189, in __call__
    |     with collapse_excgroups():
    |   File "/usr/local/lib/python3.11/contextlib.py", line 158, in __exit__
    |     self.gen.throw(typ, value, traceback)
    |   File "/root/.venv/lib/python3.11/site-packages/starlette/_utils.py", line 93, in collapse_excgroups
    |     raise exc
    |   File "/root/.venv/lib/python3.11/site-packages/starlette/middleware/base.py", line 191, in __call__
    |     response = await self.dispatch_func(request, call_next)
    |                ^^^^^^^^^^^^^^^^^^^^^^^^^^^^^^^^^^^^^^^^^^^^
    |   File "/app/backend/core/middleware.py", line 42, in log_requests
    |     response = await call_next(request)
    |                ^^^^^^^^^^^^^^^^^^^^^^^^
    |   File "/root/.venv/lib/python3.11/site-packages/starlette/middleware/base.py", line 165, in call_next
    |     raise app_exc
    |   File "/root/.venv/lib/python3.11/site-packages/starlette/middleware/base.py", line 151, in coro
    |     await self.app(scope, receive_or_disconnect, send_no_error)
    |   File "/root/.venv/lib/python3.11/site-packages/starlette/middleware/cors.py", line 85, in __call__
    |     await self.app(scope, receive, send)
    |   File "/root/.venv/lib/python3.11/site-packages/starlette/middleware/exceptions.py", line 65, in __call__
    |     await wrap_app_handling_exceptions(self.app, conn)(scope, receive, send)
    |   File "/root/.venv/lib/python3.11/site-packages/starlette/_exception_handler.py", line 64, in wrapped_app
    |     raise exc
    |   File "/root/.venv/lib/python3.11/site-packages/starlette/_exception_handler.py", line 53, in wrapped_app
    |     await app(scope, receive, sender)
    |   File "/root/.venv/lib/python3.11/site-packages/starlette/routing.py", line 756, in __call__
    |     await self.middleware_stack(scope, receive, send)
    |   File "/root/.venv/lib/python3.11/site-packages/starlette/routing.py", line 776, in app
    |     await route.handle(scope, receive, send)
    |   File "/root/.venv/lib/python3.11/site-packages/starlette/routing.py", line 297, in handle
    |     await self.app(scope, receive, send)
    |   File "/root/.venv/lib/python3.11/site-packages/starlette/routing.py", line 77, in app
    |     await wrap_app_handling_exceptions(app, request)(scope, receive, send)
    |   File "/root/.venv/lib/python3.11/site-packages/starlette/_exception_handler.py", line 64, in wrapped_app
    |     raise exc
    |   File "/root/.venv/lib/python3.11/site-packages/starlette/_exception_handler.py", line 53, in wrapped_app
    |     await app(scope, receive, sender)
    |   File "/root/.venv/lib/python3.11/site-packages/starlette/routing.py", line 72, in app
    |     response = await func(request)
    |                ^^^^^^^^^^^^^^^^^^^
    |   File "/root/.venv/lib/python3.11/site-packages/fastapi/routing.py", line 278, in app
    |     raw_response = await run_endpoint_function(
    |                    ^^^^^^^^^^^^^^^^^^^^^^^^^^^^
    |   File "/root/.venv/lib/python3.11/site-packages/fastapi/routing.py", line 191, in run_endpoint_function
    |     return await dependant.call(**values)
    |            ^^^^^^^^^^^^^^^^^^^^^^^^^^^^^^
    |   File "/app/backend/routes/taxi.py", line 1437, in get_ride_estimate
    |     p_lat, p_lng, d_lat, d_lng, p_addr, d_addr = req.get_coords()
    |                                                  ^^^^^^^^^^^^^^
    |   File "/root/.venv/lib/python3.11/site-packages/pydantic/main.py", line 1026, in __getattr__
    |     raise AttributeError(f'{type(self).__name__!r} object has no attribute {item!r}')
    | AttributeError: 'EstimateRequest' object has no attribute 'get_coords'
    +------------------------------------

During handling of the above exception, another exception occurred:

Traceback (most recent call last):
  File "/root/.venv/lib/python3.11/site-packages/starlette/middleware/errors.py", line 164, in __call__
    await self.app(scope, receive, _send)
  File "/root/.venv/lib/python3.11/site-packages/starlette/middleware/base.py", line 189, in __call__
    with collapse_excgroups():
  File "/usr/local/lib/python3.11/contextlib.py", line 158, in __exit__
    self.gen.throw(typ, value, traceback)
  File "/root/.venv/lib/python3.11/site-packages/starlette/_utils.py", line 93, in collapse_excgroups
    raise exc
  File "/root/.venv/lib/python3.11/site-packages/starlette/middleware/base.py", line 191, in __call__
    response = await self.dispatch_func(request, call_next)
               ^^^^^^^^^^^^^^^^^^^^^^^^^^^^^^^^^^^^^^^^^^^^
  File "/app/backend/core/middleware.py", line 42, in log_requests
    response = await call_next(request)
               ^^^^^^^^^^^^^^^^^^^^^^^^
  File "/root/.venv/lib/python3.11/site-packages/starlette/middleware/base.py", line 165, in call_next
    raise app_exc
  File "/root/.venv/lib/python3.11/site-packages/starlette/middleware/base.py", line 151, in coro
    await self.app(scope, receive_or_disconnect, send_no_error)
  File "/root/.venv/lib/python3.11/site-packages/starlette/middleware/cors.py", line 85, in __call__
    await self.app(scope, receive, send)
  File "/root/.venv/lib/python3.11/site-packages/starlette/middleware/exceptions.py", line 65, in __call__
    await wrap_app_handling_exceptions(self.app, conn)(scope, receive, send)
  File "/root/.venv/lib/python3.11/site-packages/starlette/_exception_handler.py", line 64, in wrapped_app
    raise exc
  File "/root/.venv/lib/python3.11/site-packages/starlette/_exception_handler.py", line 53, in wrapped_app
    await app(scope, receive, sender)
  File "/root/.venv/lib/python3.11/site-packages/starlette/routing.py", line 756, in __call__
    await self.middleware_stack(scope, receive, send)
  File "/root/.venv/lib/python3.11/site-packages/starlette/routing.py", line 776, in app
    await route.handle(scope, receive, send)
  File "/root/.venv/lib/python3.11/site-packages/starlette/routing.py", line 297, in handle
    await self.app(scope, receive, send)
  File "/root/.venv/lib/python3.11/site-packages/starlette/routing.py", line 77, in app
    await wrap_app_handling_exceptions(app, request)(scope, receive, send)
  File "/root/.venv/lib/python3.11/site-packages/starlette/_exception_handler.py", line 64, in wrapped_app
    raise exc
  File "/root/.venv/lib/python3.11/site-packages/starlette/_exception_handler.py", line 53, in wrapped_app
    await app(scope, receive, sender)
  File "/root/.venv/lib/python3.11/site-packages/starlette/routing.py", line 72, in app
    response = await func(request)
               ^^^^^^^^^^^^^^^^^^^
  File "/root/.venv/lib/python3.11/site-packages/fastapi/routing.py", line 278, in app
    raw_response = await run_endpoint_function(
                   ^^^^^^^^^^^^^^^^^^^^^^^^^^^^
  File "/root/.venv/lib/python3.11/site-packages/fastapi/routing.py", line 191, in run_endpoint_function
    return await dependant.call(**values)
           ^^^^^^^^^^^^^^^^^^^^^^^^^^^^^^
  File "/app/backend/routes/taxi.py", line 1437, in get_ride_estimate
    p_lat, p_lng, d_lat, d_lng, p_addr, d_addr = req.get_coords()
                                                 ^^^^^^^^^^^^^^
  File "/root/.venv/lib/python3.11/site-packages/pydantic/main.py", line 1026, in __getattr__
    raise AttributeError(f'{type(self).__name__!r} object has no attribute {item!r}')
AttributeError: 'EstimateRequest' object has no attribute 'get_coords'

2026-05-11 08:21:34,449 [ERROR] bidblitz: Unhandled error: POST /api/taxi/book | 'FlexBookRequest' object has no attribute 'get_coords'
  + Exception Group Traceback (most recent call last):
  |   File "/root/.venv/lib/python3.11/site-packages/starlette/_utils.py", line 87, in collapse_excgroups
  |     yield
  |   File "/root/.venv/lib/python3.11/site-packages/starlette/middleware/base.py", line 190, in __call__
  |     async with anyio.create_task_group() as task_group:
  |   File "/root/.venv/lib/python3.11/site-packages/anyio/_backends/_asyncio.py", line 799, in __aexit__
  |     raise BaseExceptionGroup(
  | ExceptionGroup: unhandled errors in a TaskGroup (1 sub-exception)
  +-+---------------- 1 ----------------
    | Traceback (most recent call last):
    |   File "/root/.venv/lib/python3.11/site-packages/starlette/middleware/errors.py", line 164, in __call__
    |     await self.app(scope, receive, _send)
    |   File "/root/.venv/lib/python3.11/site-packages/starlette/middleware/base.py", line 189, in __call__
    |     with collapse_excgroups():
    |   File "/usr/local/lib/python3.11/contextlib.py", line 158, in __exit__
    |     self.gen.throw(typ, value, traceback)
    |   File "/root/.venv/lib/python3.11/site-packages/starlette/_utils.py", line 93, in collapse_excgroups
    |     raise exc
    |   File "/root/.venv/lib/python3.11/site-packages/starlette/middleware/base.py", line 191, in __call__
    |     response = await self.dispatch_func(request, call_next)
    |                ^^^^^^^^^^^^^^^^^^^^^^^^^^^^^^^^^^^^^^^^^^^^
    |   File "/app/backend/core/middleware.py", line 42, in log_requests
    |     response = await call_next(request)
    |                ^^^^^^^^^^^^^^^^^^^^^^^^
    |   File "/root/.venv/lib/python3.11/site-packages/starlette/middleware/base.py", line 165, in call_next
    |     raise app_exc
    |   File "/root/.venv/lib/python3.11/site-packages/starlette/middleware/base.py", line 151, in coro
    |     await self.app(scope, receive_or_disconnect, send_no_error)
    |   File "/root/.venv/lib/python3.11/site-packages/starlette/middleware/cors.py", line 85, in __call__
    |     await self.app(scope, receive, send)
    |   File "/root/.venv/lib/python3.11/site-packages/starlette/middleware/exceptions.py", line 65, in __call__
    |     await wrap_app_handling_exceptions(self.app, conn)(scope, receive, send)
    |   File "/root/.venv/lib/python3.11/site-packages/starlette/_exception_handler.py", line 64, in wrapped_app
    |     raise exc
    |   File "/root/.venv/lib/python3.11/site-packages/starlette/_exception_handler.py", line 53, in wrapped_app
    |     await app(scope, receive, sender)
    |   File "/root/.venv/lib/python3.11/site-packages/starlette/routing.py", line 756, in __call__
    |     await self.middleware_stack(scope, receive, send)
    |   File "/root/.venv/lib/python3.11/site-packages/starlette/routing.py", line 776, in app
    |     await route.handle(scope, receive, send)
    |   File "/root/.venv/lib/python3.11/site-packages/starlette/routing.py", line 297, in handle
    |     await self.app(scope, receive, send)
    |   File "/root/.venv/lib/python3.11/site-packages/starlette/routing.py", line 77, in app
    |     await wrap_app_handling_exceptions(app, request)(scope, receive, send)
    |   File "/root/.venv/lib/python3.11/site-packages/starlette/_exception_handler.py", line 64, in wrapped_app
    |     raise exc
    |   File "/root/.venv/lib/python3.11/site-packages/starlette/_exception_handler.py", line 53, in wrapped_app
    |     await app(scope, receive, sender)
    |   File "/root/.venv/lib/python3.11/site-packages/starlette/routing.py", line 72, in app
    |     response = await func(request)
    |                ^^^^^^^^^^^^^^^^^^^
    |   File "/root/.venv/lib/python3.11/site-packages/fastapi/routing.py", line 278, in app
    |     raw_response = await run_endpoint_function(
    |                    ^^^^^^^^^^^^^^^^^^^^^^^^^^^^
    |   File "/root/.venv/lib/python3.11/site-packages/fastapi/routing.py", line 191, in run_endpoint_function
    |     return await dependant.call(**values)
    |            ^^^^^^^^^^^^^^^^^^^^^^^^^^^^^^
    |   File "/app/backend/routes/taxi.py", line 1506, in book_ride
    |     p_lat, p_lng, d_lat, d_lng, p_addr, d_addr, car_type = req.get_coords()
    |                                                            ^^^^^^^^^^^^^^
    |   File "/root/.venv/lib/python3.11/site-packages/pydantic/main.py", line 1026, in __getattr__
    |     raise AttributeError(f'{type(self).__name__!r} object has no attribute {item!r}')
    | AttributeError: 'FlexBookRequest' object has no attribute 'get_coords'
    +------------------------------------

During handling of the above exception, another exception occurred:

Traceback (most recent call last):
  File "/root/.venv/lib/python3.11/site-packages/starlette/middleware/errors.py", line 164, in __call__
    await self.app(scope, receive, _send)
  File "/root/.venv/lib/python3.11/site-packages/starlette/middleware/base.py", line 189, in __call__
    with collapse_excgroups():
  File "/usr/local/lib/python3.11/contextlib.py", line 158, in __exit__
    self.gen.throw(typ, value, traceback)
  File "/root/.venv/lib/python3.11/site-packages/starlette/_utils.py", line 93, in collapse_excgroups
    raise exc
  File "/root/.venv/lib/python3.11/site-packages/starlette/middleware/base.py", line 191, in __call__
    response = await self.dispatch_func(request, call_next)
               ^^^^^^^^^^^^^^^^^^^^^^^^^^^^^^^^^^^^^^^^^^^^
  File "/app/backend/core/middleware.py", line 42, in log_requests
    response = await call_next(request)
               ^^^^^^^^^^^^^^^^^^^^^^^^
  File "/root/.venv/lib/python3.11/site-packages/starlette/middleware/base.py", line 165, in call_next
    raise app_exc
  File "/root/.venv/lib/python3.11/site-packages/starlette/middleware/base.py", line 151, in coro
    await self.app(scope, receive_or_disconnect, send_no_error)
  File "/root/.venv/lib/python3.11/site-packages/starlette/middleware/cors.py", line 85, in __call__
    await self.app(scope, receive, send)
  File "/root/.venv/lib/python3.11/site-packages/starlette/middleware/exceptions.py", line 65, in __call__
    await wrap_app_handling_exceptions(self.app, conn)(scope, receive, send)
  File "/root/.venv/lib/python3.11/site-packages/starlette/_exception_handler.py", line 64, in wrapped_app
    raise exc
  File "/root/.venv/lib/python3.11/site-packages/starlette/_exception_handler.py", line 53, in wrapped_app
    await app(scope, receive, sender)
  File "/root/.venv/lib/python3.11/site-packages/starlette/routing.py", line 756, in __call__
    await self.middleware_stack(scope, receive, send)
  File "/root/.venv/lib/python3.11/site-packages/starlette/routing.py", line 776, in app
    await route.handle(scope, receive, send)
  File "/root/.venv/lib/python3.11/site-packages/starlette/routing.py", line 297, in handle
    await self.app(scope, receive, send)
  File "/root/.venv/lib/python3.11/site-packages/starlette/routing.py", line 77, in app
    await wrap_app_handling_exceptions(app, request)(scope, receive, send)
  File "/root/.venv/lib/python3.11/site-packages/starlette/_exception_handler.py", line 64, in wrapped_app
    raise exc
  File "/root/.venv/lib/python3.11/site-packages/starlette/_exception_handler.py", line 53, in wrapped_app
    await app(scope, receive, sender)
  File "/root/.venv/lib/python3.11/site-packages/starlette/routing.py", line 72, in app
    response = await func(request)
               ^^^^^^^^^^^^^^^^^^^
  File "/root/.venv/lib/python3.11/site-packages/fastapi/routing.py", line 278, in app
    raw_response = await run_endpoint_function(
                   ^^^^^^^^^^^^^^^^^^^^^^^^^^^^
  File "/root/.venv/lib/python3.11/site-packages/fastapi/routing.py", line 191, in run_endpoint_function
    return await dependant.call(**values)
           ^^^^^^^^^^^^^^^^^^^^^^^^^^^^^^
  File "/app/backend/routes/taxi.py", line 1506, in book_ride
    p_lat, p_lng, d_lat, d_lng, p_addr, d_addr, car_type = req.get_coords()
                                                           ^^^^^^^^^^^^^^
  File "/root/.venv/lib/python3.11/site-packages/pydantic/main.py", line 1026, in __getattr__
    raise AttributeError(f'{type(self).__name__!r} object has no attribute {item!r}')
AttributeError: 'FlexBookRequest' object has no attribute 'get_coords'

2026-05-11 19:48:32,044 [ERROR] bidblitz.registry: Failed to register routes.taxi.router: name 'List' is not defined
2026-05-11 19:49:41,575 [ERROR] bidblitz.registry: Failed to register routes.taxi.router: name 'BaseModel' is not defined
